"event_id","height_above_terrain","p_flight","flight_binary"
14074649788,3.0102,0,0
14074649789,-0.703899999999997,0,0
14573482560,4.40100000000001,0,0
14726461101,5.65199999999999,0,0
14726461103,-126.283,0,0
14867959659,1.77199999999999,0,0
14867959661,-7.923,0,0
14921488242,15.078,0,0
15467902318,-21.95,0,0
14074649794,-6.3957,0,0
14074649795,12.7667,0,0
17869104804,-6.2633,0,0
18009745599,12.5829,0,0
18009745633,68.6022,0,0
18009745716,-13.0055,0,0
18009745802,-151.367,0,0
18052008955,-5.08699999999999,0,0
18089366233,-4.16000000000003,0,0
18145087140,-1.39699999999999,0,0
18124433777,7.29599999999999,0,0
18145087171,12.177,0,0
18240116578,6.721,0,0
18240116607,7.99599999999998,0,0
18240116648,1.79500000000002,0,0
18338059447,-52.9199,0,0
18338059466,-101.12,0,0
18395863488,17.951,0,0
18442778570,-67.83,0,0
18483496126,-0.798000000000002,0,0
18483496173,22.235,0,0
18534034658,11.287,0,0
18586315567,-4.651,0,0
18652625252,35.9,0,0
18724615606,-1.685,0,0
18652625324,1.40000000000001,0,0
18652625335,-1015.218,0,0
18724615651,-70.736,0,0
18750320581,3.30500000000001,0,0
18784646939,14.099,0,0
18784646985,10.261,0,0
18814703833,22.308,0,0
18897319094,5.22199999999999,0,0
18897319130,-2.578,0,0
19107828728,6.036,0,0
19107828740,-96.867,0,0
19107828749,-17.957,0,0
19236336572,-13.229,0,0
19236336587,-103.522,0,0
19531794037,3.114,0,0
19531794047,-9.114,0,0
19531794077,0.158999999999992,0,0
17869104805,-4.1227,0,0
17869104814,-3.2301,0,0
17869104841,31.7139,0,0
18009745634,-4.3255,0,0
18009745717,34.5783,0,0
18052008910,5.6829,0,0
18052008956,12.708,0,0
18089366234,-14.352,0,0
18106065784,-10.287,0,0
18124433778,6.56999999999999,0,0
18145087172,2.578,0,0
18169751844,1.60900000000001,0,0
18240116608,5.743,0,0
18240116649,-240.838,0,0
18311652240,8.29300000000001,0,0
18296035935,-8.84100000000001,0,0
18311652267,13.081,0,0
18338059527,-11.7505,0,0
18395863489,-14.6371,0,0
18413433769,31.228,0,0
18483496127,-4.423,0,0
18534034620,12.542,0,0
18534034659,23.426,0,0
18652625253,22.828,0,0
18628342642,17.908,0,0
18690983758,10.877,0,0
18750320582,101.774,0,0
18784646940,38.761,0,0
18799202741,34.891,0,0
18843090293,34.843,0,0
18843090303,21.789,0,0
18973260555,-297.861,0,0
18973260587,-0.730000000000018,0,0
19157547632,7.15600000000001,0,0
19157547636,-1.904,0,0
19157547641,7.15499999999997,0,0
19157547650,-1.32499999999999,0,0
19326637028,0.51400000000001,0,0
17869104801,8.7151,0,0
17869104815,4.6325,0,0
18009745600,0.381799999999998,0,0
17901259888,4.4662,0,0
18009745718,-3.6705,0,0
18009745803,-4.27699999999999,0,0
18052008957,3.87599999999998,0,0
18089366235,1.14999999999998,0,0
18124433749,42.218,0,0
18145087148,84.356,0,0
18145087173,13.218,0,0
18279740980,-6.005,0,0
18256194246,-4.98399999999998,0,0
18279741018,12.09,0,0
18338059488,-205.174,0,0
18395863416,-70.508,0,0
18395863490,-11.998,0,0
18413433770,-2.012,0,0
18483496128,11.746,0,0
18534034660,9.29300000000001,0,0
18628342643,-7.92700000000002,0,0
18690983729,11.485,0,0
18690983759,7.85899999999998,0,0
18724615652,7.13,0,0
18750320583,-56.348,0,0
18784646941,3.43900000000002,0,0
18799202742,5.42099999999999,0,0
18814703834,3.34899999999999,0,0
18843090310,6.33100000000002,0,0
18973260570,-6.68000000000001,0,0
18973260592,-2.66199999999998,0,0
18973260610,2.33199999999999,0,0
19033909990,13.411,0,0
19033910007,-15.555,0,0
19107828745,-4.68000000000001,0,0
19107828750,13.347,0,0
19236336566,9.18900000000002,0,0
19236336583,0.137,0,0
19326637024,0.774999999999977,0,0
19326637033,-0.476999999999975,0,0
19531794041,6.64600000000002,0,0
19531794048,-3.21600000000001,0,0
19531794058,4.827,0,0
19531794075,2.86700000000002,0,0
19663506463,-0.353000000000009,0,0
19663506472,3.30700000000002,0,0
19738660836,0.97399999999999,0,0
19738660841,0.88900000000001,0,0
19794563582,5.84899999999999,0,0
19794563593,8.94299999999998,0,0
19895600293,-19.78,0,0
19895600295,-4.00299999999999,0,0
17869104802,-9.3033,0,0
17869104816,-2.1488,0,0
17901259842,16.1261,0,0
18009745635,-9.6914,0,0
18009745719,26.994,0,0
18009745804,-47.955,0,0
18052008958,7.43799999999999,0,0
18089366236,33.22,0,0
18106065785,29.008,0,0
18124433779,0.323000000000008,0,0
18196702231,-9.359,0,0
18256194228,-19.872,0,0
18256194247,-44.442,0,0
18279741019,-23.889,0,0
18296035937,32.249,0,0
18338059489,38.237,0,0
18395863417,6.90899999999999,0,0
18483496087,-124.223,0,0
18483496101,-84.421,0,0
18483496129,105.765,0,0
18507848804,23.034,0,0
18604664748,1.20099999999999,0,0
18973260539,19.48,0,0
18973260541,134.54,0,0
18973260571,-39.054,0,0
18973260611,-1.99000000000001,0,0
19589114101,-0.433999999999997,0,0
19589114109,8.28999999999999,0,0
19589114112,42.375,0,0
19862859320,-121.604,0,0
19862859335,19.485,0,0
17882472424,6.2193,0,0
18009745637,32.4361,0,0
18009745721,24.8732,0,0
18009745805,1.7421,0,0
18052008960,16.269,0,0
18089366238,9.82499999999999,0,0
18196702200,-25.601,0,0
18196702232,7.25099999999998,0,0
18217470831,13.411,0,0
18256194248,-5.24599999999998,0,0
18256194276,16.594,0,0
18296035939,-19.053,0,0
18395863371,7.887,0,0
18413433735,-32.763,0,0
18395863492,7.62700000000001,0,0
18413433771,-21.541,0,0
18442778585,0.132000000000005,0,0
18534034662,9.24000000000001,0,0
17901259818,3.9969,0,0
18009745639,3.8238,0,0
18009745726,-8.0411,0,0
18009745808,-105.9729,0,0
18052008964,16.346,0,0
18089366239,45.474,0,0
18106065789,10.729,0,0
18240116560,15.816,0,0
18145087174,13.786,0,0
17869104793,34.87548,0,0
17869104797,14.82162,0,0
17833286388,7.87952,0,0
17833286405,27.95926,0,0
17869104835,-20.12913,0,0
18009745627,14.8667,0,0
18009745706,13.172,0,0
18009745792,6.645,0,0
18052008945,-21.139,0,0
18106065775,-27.836,0,0
18145087167,51.39,0,0
18217470812,3.464,0,0
19326637007,9.57400000000001,0,0
17833286361,6.96103,0,0
17833286363,-16.03304,0,0
17833286377,-1.31676,0,0
17833286406,11.76408,0,0
17869104836,2.63246,0,0
17901259884,10.92363,0,0
18009745707,-1.3914,0,0
18009745793,21.244,0,0
18052008946,32.722,0,0
18089366223,-8.70100000000002,0,0
18106065776,6.83399999999995,0,0
18124433773,-47.754,0,0
18145087168,11.9640000000001,0,0
18217470813,-10.788,0,0
18217470827,-18.888,0,0
18593363642,8.92399999999998,0,0
18593363644,13.77,0,0
18652625275,5.66399999999999,0,0
18652625317,-1.09699999999998,0,0
18690983752,3.368,0,0
18690983790,0.228000000000009,0,0
18750320576,3.16399999999999,0,0
18784646932,8.12799999999999,0,0
18814703819,2.887,0,0
18897319085,3.58800000000002,0,0
18897319103,0.966999999999985,0,0
18897319111,7.32100000000003,0,0
18897319136,-15.494,0,0
18973260568,10.255,0,0
18973260607,-18.97,0,0
19463274513,-4.07600000000002,0,0
19157547638,3.96600000000001,0,0
19157547647,34.451,0,0
19589114111,-9.35899999999998,0,0
19663506462,-6.666,0,0
19794563572,-80.645,0,0
19794563574,3.81099999999998,0,0
19794563580,8.86200000000002,0,0
19794563592,1.38799999999998,0,0
21298407343,7.13247,0,0
21298407345,9.00895,0,0
21335177732,11.0006,0,0
21335177740,3.05134,0,0
21335177753,8.07625,0,0
21335177768,18.02565,0,0
21357856372,7.629,0,0
21357856383,6.637,0,0
21439409183,-6.46299999999999,0,0
21439409196,6.996,0,0
21526243609,8.10499999999999,0,0
21526243612,28.244,0,0
21526243615,1.41800000000001,0,0
21526243618,10.768,0,0
21526243622,4.61500000000001,0,0
21526243631,4.048,0,0
21551806792,23.699,0,0
21551806820,8.249,0,0
21632060602,3.34500000000003,0,0
21632060612,6.01400000000001,0,0
21681782389,5.428,0,0
21681782394,41.96,0,0
21681782400,-29.774,0,0
21681782406,22.52,0,0
21697560572,35.452,0,0
21697560590,13.733,0,0
21787139409,-11.257,0,0
21787139429,11.93,0,0
21859718345,7.13499999999999,0,0
21859718361,16.289,0,0
21890900360,0.83499999999998,0,0
21890900367,6.82999999999998,0,0
21890900396,14.676,0,0
22034920029,13.652,0,0
22034920051,10.81,0,0
22034920064,-21.58,0,0
22034920083,-12.38,0,0
22335556340,17.18,0,0
22335556342,-90.16,0,0
22574770761,14.19,0,0
22574770764,-11.69,0,0
22574770767,-19.25,0,0
21313725511,7.45088,0,0
21313725528,22.56526,0,0
21313725541,5.45104,0,0
21313725549,18.3043,0,0
21357856350,-8.724056,0,0
21357856358,0.655682,0,0
21357856365,8.666038,0,0
21357856373,6.662462,0,0
21517098614,-38.355055,0,0
21517098620,3.586011,0,0
21517098632,-1.316186,0,0
21517098647,1.541009,0,0
21517098682,13.603014,0,0
21551806738,2.673111,0,0
21551806758,-0.318292,0,0
21551806773,13.387,0,0
21551806794,-0.126999999999995,0,0
21599539573,7.693,0,0
21599539579,15.101,0,0
21608137587,2.059,0,0
21608137595,10.227,0,0
21608137604,60.461,0,0
21608137614,-22.617,0,0
21632060621,12.882,0,0
21632060632,1.27200000000001,0,0
21697560548,14.531,0,0
21697560559,23.591,0,0
21697560577,29.961,0,0
21697560593,11.697,0,0
21787139413,0.789999999999992,0,0
21787139432,13.199,0,0
21890900356,0.093,0,0
21890900384,11.814,0,0
22034920041,28.742,0,0
22034920052,11.628,0,0
22034920067,12.843,0,0
22034920086,-24.666,0,0
22503128718,14.841,0,0
22503128719,-9.438,0,0
22503128724,16.354,0,0
22503128730,12.347,0,0
22503128739,22.562,0,0
23119367583,8.628,0,0
23119367585,13.721,0,0
23119367586,-8.187,0,0
23383318036,9.455,0,0
23383318038,10.929,0,0
23383318040,4.186,0,0
23383318042,11.573,0,0
21335177726,15.98738,0,0
21313725529,25.94879,0,0
21357856343,-1.90397,0,0
21357856349,26.07398,0,0
21335177774,8.02709,0,0
21335177790,11.10396,0,0
21357856366,-5.19486,0,0
21357856374,20.57554,0,0
21517098615,-7.84736,0,0
21517098621,2.1654,0,0
21439409197,6.00842,0,0
21517098664,-17.458,0,0
21517098683,-2.14599999999996,0,0
21526243624,-2.346,0,0
21577620848,15.119,0,0
21551806795,34.09,0,0
21551806822,-14.585,0,0
21577620853,-2.41199999999998,0,0
21577620862,4.20100000000002,0,0
21664120440,-32.32,0,0
21664120445,-10.221,0,0
21697560532,2.12900000000002,0,0
21697560536,-14.82,0,0
21664120457,22.964,0,0
21664120466,27.91,0,0
21697560560,42.576,0,0
21697560578,10.84,0,0
21787139392,-5.57299999999998,0,0
21787139414,42.06,0,0
21859718337,-55.87,0,0
21859718347,18.796,0,0
21859718363,3.96,0,0
21859718379,8.94,0,0
21909230174,-48.34,0,0
21909230178,16.29,0,0
21909230183,-8.005,0,0
21909230191,13.207,0,0
22034920042,-1.60299999999999,0,0
22034920053,-6.675,0,0
22034920068,7.971,0,0
22034920087,1.99099999999999,0,0
22574770759,-213.301,0,0
22574770762,5.69099999999997,0,0
22574770773,4.99099999999999,0,0
22574770818,-5.62,0,0
23168807770,6,0,0
23168807771,-5.00900000000001,0,0
23054196984,1.99099999999999,0,0
23276541537,2.99099999999999,0,0
23276541542,-1,0,0
23276541549,7,0,0
23276541577,7.99099999999999,0,0
23503662700,12,0,0
23503662735,9,0,0
24793389838,-1.97057,0,0
24793389849,4.79911,0,0
24793389860,35.83721,0,0
24793389874,15.7346,0,0
21313725512,7.32968,0,0
21313725530,16.43848,0,0
21335177742,10.38598,0,0
21335177755,0.563000000000002,0,0
21335177791,-85.348,0,0
21335177802,-0.5,0,0
21373097548,9.21699999999998,0,0
21526243610,6.524,0,0
21526243613,12.033,0,0
21526243625,-11.832,0,0
21526243633,36.074,0,0
21551806796,60.333,0,0
21551806823,-19.667,0,0
21608137583,-9.12599999999998,0,0
21608137596,1.74800000000005,0,0
21608137605,5.56799999999998,0,0
21608137615,1.37400000000002,0,0
21697560549,23.748,0,0
21697560579,23.2859999999999,0,0
21697560594,-568.909,0,0
21890900352,26.753,0,0
21890900357,7.22400000000005,0,0
22341910568,34.646,0,0
22341910570,-27.854,0,0
22341910580,-3.25199999999995,0,0
22341910592,-156.866,0,0
21335177725,5.27207,0,0
21335177739,7.09334,0,0
21335177752,10.13207,0,0
21335177767,24.0552,0,0
21335177784,-17.907,0,0
21357856364,-202.814,0,0
21357856371,5.09299999999999,0,0
21439409167,-28.57,0,0
21439409182,5.37100000000001,0,0
21517098630,1.08199999999999,0,0
21517098644,2.06899999999999,0,0
21517098678,0.111999999999995,0,0
21551806736,83.984,0,0
21551806756,44.112,0,0
21551806771,23.189,0,0
21551806819,7.381,0,0
21608137582,36.69,0,0
21608137594,10.956,0,0
21697560571,-11.803,0,0
21890900348,-3.744,0,0
21890900366,-30.966,0,0
21909230180,-199.454,0,0
21909230188,107.733,0,0
21954780653,-204.484,0,0
21954780664,26.741,0,0
17833286370,-14.164,0,0
17833286389,-8.36099999999999,0,0
17882472433,4.02699999999999,0,0
17882472446,29.294,0,0
18009745628,75.085,0,0
18052008891,-0.503999999999991,0,0
18009745794,38.225,0,0
18089366224,22.071,0,0
18106065777,-13.042,0,0
18124433774,54.093,0,0
18169751789,-0.336999999999989,0,0
18196702227,3.98500000000001,0,0
18256194227,1.118,0,0
18256194243,19.884,0,0
18279741013,-85.668,0,0
18395863338,-55.857,0,0
18395863367,-465.214,0,0
18395863412,41.197,0,0
18395863481,47.693,0,0
18483496121,5.07100000000003,0,0
18507848800,4.08100000000002,0,0
18534034652,5.10199999999998,0,0
18586315564,18.685,0,0
18604664746,13.65,0,0
18628342639,10.07,0,0
18652625318,-83.934,0,0
18690983753,45.618,0,0
18690983791,7.74000000000001,0,0
18750320577,10.167,0,0
18750320612,-21.18,0,0
18784646981,9.26599999999996,0,0
18799202756,43.823,0,0
18897319090,1.596,0,0
18897319126,6.774,0,0
19033909954,-7.76499999999999,0,0
19033909976,21.895,0,0
19397723967,146.672,0,0
19397723968,-3.93099999999998,0,0
19236336570,-6.10300000000001,0,0
19236336585,6.33699999999999,0,0
19397723979,2.34199999999998,0,0
19397723988,-10.05,0,0
19531794045,7.69999999999999,0,0
19531794061,37.866,0,0
19663506467,16.214,0,0
19663506478,7.255,0,0
19794563575,3.38999999999999,0,0
19794563584,-9.55200000000002,0,0
17833286371,-24.036,0,0
17833286390,23.164,0,0
17833286407,15.875,0,0
17882472447,19.073,0,0
18009745629,14.288,0,0
18009745708,30.816,0,0
18009745795,29.445,0,0
18052008948,-8.15799999999999,0,0
18089366225,-7.39500000000001,0,0
18106065778,21.782,0,0
18145087169,-17.964,0,0
18169751841,13.872,0,0
18240116603,12.381,0,0
18240116645,9.60500000000002,0,0
18256194275,13.542,0,0
18296035930,-67.273,0,0
18395863368,-536.253,0,0
18395863413,-27.006,0,0
18395863482,-10.413,0,0
18413433766,-5.21000000000004,0,0
18483496122,3.14700000000005,0,0
18483496170,7.38099999999997,0,0
18586315540,7.52200000000005,0,0
18586315565,-10.462,0,0
18586315607,-17.07,0,0
18628342640,-15.149,0,0
18690983728,8.596,0,0
18690983754,17.521,0,0
18784646897,12.696,0,0
18784646905,-25.604,0,0
18784646933,0.309999999999945,0,0
18784646982,-9.31600000000003,0,0
18814703830,2.18899999999996,0,0
18897319091,1.44200000000001,0,0
18897319127,-60.253,0,0
19033909955,-66.047,0,0
19033909977,57.858,0,0
19236336553,17.034,0,0
19236336562,-36.154,0,0
19236336571,-9.68100000000004,0,0
19236336586,21.799,0,0
19397723980,37.778,0,0
19397723989,-15.844,0,0
19663506448,-484.299,0,0
19663506450,-150.698,0,0
19794563576,8.27200000000005,0,0
19794563585,10.931,0,0
17833286372,16.515,0,0
17833286391,52.145,0,0
17901259823,26.661,0,0
17882472448,-0.647999999999996,0,0
18052008887,23.003,0,0
18009745709,-23.194,0,0
18009745796,-2.095,0,0
18052008949,-7.506,0,0
18089366226,-18.471,0,0
18124433747,-7.374,0,0
18124433775,-22.03,0,0
18169751842,5.23099999999999,0,0
18240116604,-5.81700000000001,0,0
18240116646,4.56400000000002,0,0
18279741014,7.36200000000002,0,0
18296035931,4.62099999999998,0,0
18311652266,10.285,0,0
18338059525,-9.79000000000002,0,0
18442778558,1.947,0,0
18586315526,31.236,0,0
18507848801,12.913,0,0
18586315608,-436.49,0,0
18652625276,5.25999999999999,0,0
18652625319,26.7,0,0
18724615623,19.032,0,0
18724615647,10.089,0,0
18750320578,10.119,0,0
18784646934,23.7,0,0
18784646983,26.207,0,0
18897319092,-13.443,0,0
18897319128,13.63,0,0
17833286373,13.862,0,0
17833286392,-10.528,0,0
17833286408,8.99799999999999,0,0
17869104837,18.002,0,0
18009745710,-5.923,0,0
18009745797,-0.192000000000007,0,0
18052008950,-0.691000000000003,0,0
18089366227,17.649,0,0
18106065779,18.649,0,0
18217470814,13.599,0,0
18217470828,-8.31899999999996,0,0
18296035893,8.80099999999999,0,0
18296035906,-18.578,0,0
18338059485,-17.429,0,0
18338059526,14.255,0,0
18442778568,19.268,0,0
18442778582,0.175000000000011,0,0
18483496171,-3.00900000000001,0,0
18534034653,-8.87200000000001,0,0
18604664730,-291.86,0,0
18586315609,22.136,0,0
18604664768,75.121,0,0
18652625320,-6.93299999999999,0,0
18690983755,-26.913,0,0
18690983792,6.06999999999999,0,0
18784646935,-7.28100000000001,0,0
18897319093,11.123,0,0
18897319129,-50.351,0,0
19033909956,7.23700000000002,0,0
19033909978,12.21,0,0
19463274516,-319.326,0,0
19463274518,-12.441,0,0
19463274521,-1,0,0
19531794046,47.119,0,0
19531794062,-39.407,0,0
17833286364,-21.413,0,0
17833286378,29.117,0,0
17833286409,3.87799999999999,0,0
17869104838,31.401,0,0
17901259885,1.364,0,0
18009745711,-29.245,0,0
18009745798,9.68899999999999,0,0
18106065718,40.807,0,0
18089366228,54.7986,0,0
18106065780,2.32640000000001,0,0
18169751741,22.724,0,0
18217470801,44.4582,0,0
18196702228,8.2951,0,0
18217470829,25.1326,0,0
18256194244,29.2865,0,0
18279741015,-57.6129,0,0
18296035932,-35.3018,0,0
18395863369,-18.086,0,0
18395863414,18.8353,0,0
18413433767,-7.697,0,0
18483496123,13.193,0,0
18586315531,3.4552,0,0
18586315541,-11.228,0,0
18586315610,32.1349,0,0
18652625277,39.3142,0,0
18652625321,17.6411,0,0
18690983756,-15.2389,0,0
18724615648,36.1926,0,0
18750320579,-23.0273,0,0
18784646936,22.4828,0,0
18784646984,24.8527,0,0
18814703831,3.9573,0,0
18843090307,27.9927,0,0
18897319112,-199.308,0,0
18897319137,33.981,0,0
18973260589,3.79900000000001,0,0
19033909987,9.366,0,0
19157547639,-55.512,0,0
19157547648,32.2375,0,0
19463274525,-39.779,0,0
19463274530,15.658,0,0
19463274538,-43.977,0,0
19531794057,15.0807,0,0
19531794074,6.773,0,0
19738660820,-12.059,0,0
19738660826,8.90130000000001,0,0
19738660835,-10.767,0,0
19738660840,4.28,0,0
17833286365,1.64400000000001,0,0
17833286379,39.496,0,0
17833286410,31.101,0,0
17882472449,11.226,0,0
18009745631,2.63499999999999,0,0
18009745712,23.669,0,0
18009745799,0.692000000000007,0,0
18052008951,2.023,0,0
18089366229,-2.274,0,0
18106065781,6.58199999999999,0,0
18196702199,3.339,0,0
18169751791,-11.368,0,0
18240116577,-36.347,0,0
18240116605,-20.019,0,0
18296035894,-10.364,0,0
18279741016,12.591,0,0
18395863339,-352.363,0,0
18338059486,18.755,0,0
18413433733,11.213,0,0
18395863485,-17.324,0,0
18413433768,-96.967,0,0
18483496124,1.71100000000001,0,0
18534034619,5.99900000000002,0,0
18534034654,-10.015,0,0
18586315566,6.12400000000002,0,0
18604664747,1.44900000000001,0,0
18628342641,2.65100000000001,0,0
18652625322,5.23399999999998,0,0
18690983757,4.77100000000002,0,0
18724615649,3.89600000000002,0,0
18784646937,3.81900000000002,0,0
18814703832,-11.426,0,0
18843090308,10.953,0,0
18897319113,0.779999999999973,0,0
18897319138,5.12299999999999,0,0
18973260590,8.42500000000001,0,0
18973260608,46.479,0,0
19033910006,-2.964,0,0
19107828744,-11.587,0,0
19157547640,-6.67500000000001,0,0
19157547649,5.75299999999999,0,0
19326637014,8.69400000000002,0,0
19326637022,29.087,0,0
19589114104,13.73,0,0
19862859308,7.05899999999997,0,0
19862859310,-12.1180000000001,0,0
19794563577,2.10899999999998,0,0
19794563581,-20.954,0,0
19862859319,-1.20599999999999,0,0
19862859334,12.97,0,0
17833286366,1.63399999999999,0,0
17833286380,3.27799999999999,0,0
17833286411,11.68,0,0
17869104839,2.03800000000001,0,0
17901259886,31.508,0,0
18009745713,26.732,0,0
18009745800,-5.881,0,0
18052008952,10.085,0,0
18089366230,3.767,0,0
18124433748,1.846,0,0
18145087147,25.175,0,0
18145087170,-5.39699999999999,0,0
18169751843,-43.938,0,0
18196702279,-12.413,0,0
18240116647,-1.494,0,0
18296035907,4.78299999999999,0,0
18296035933,-162.908,0,0
18442778569,-3.69300000000001,0,0
18534034655,77.508,0,0
17833286367,0.700999999999993,0,0
17833286381,10.321,0,0
17833286412,-185.668,0,0
17869104840,6.22999999999999,0,0
18009745632,112.384,0,0
18009745714,27.633,0,0
18009745801,6.08399999999995,0,0
18052008953,0.326000000000022,0,0
18089366231,10.343,0,0
18106065782,-14.216,0,0
18240116566,14.077,0,0
18240116606,-20.358,0,0
18395863340,9.882,0,0
18413433734,37.922,0,0
18395863486,18.1,0,0
18534034656,-49.294,0,0
18652625278,16.209,0,0
17833286368,-120.055,0,0
17882472434,-3.452,0,0
17901259887,36.194,0,0
18009745715,8.09800000000001,0,0
18052008909,113.213,0,0
18052008954,12.236,0,0
18089366232,3.06999999999999,0,0
18106065783,-0.151999999999987,0,0
18124433776,4.161,0,0
18196702214,-0.744,0,0
18196702229,14.698,0,0
18217470830,1.06100000000001,0,0
18256194245,-14.148,0,0
18279741017,0.619,0,0
18296035934,-29.198,0,0
18395863415,14.221,0,0
18395863487,20.409,0,0
18483496090,128.445,0,0
18483496100,0.910000000000025,0,0
18483496125,1.32900000000001,0,0
18507848803,43.008,0,0
18690983718,12.732,0,0
18652625323,22.559,0,0
18724615624,-31.291,0,0
18750320580,23.803,0,0
18784646938,15.513,0,0
18843090272,5.774,0,0
18843090292,-30.282,0,0
18843090309,2.94900000000001,0,0
18973260557,30.872,0,0
18973260591,-26.162,0,0
18973260609,-38.253,0,0
19326637010,0.519000000000005,0,0
19326637015,15.599,0,0
19326637023,0.684000000000026,0,0
19326637032,-11.315,0,0
19463274539,17.677,0,0
19463274544,13.569,0,0
18009745581,-7.87799999999999,0,0
18009745737,-5.02500000000001,0,0
18196702281,55.224,0,0
18395863342,44.224,0,0
18338059494,-13.776,0,0
18483496084,-2.816,0,0
21619953974,8.7526,0,0
21619953990,-20.8361,0,0
21619954020,-24.7003,0,0
21619954034,9.0935,0,0
21619954049,-25.9387,0,0
21619954095,46.5732,0,0
21619954110,-36.9114,0,0
21619954125,31.192,0,0
21619954169,-115.5968,0,0
21619954241,-29.7764,0,0
21619954256,-115.0333,0,0
21619954272,-36.154,0,0
21619954316,-33.2836,0,0
21619954322,-41.9002,0,0
21619954337,-43.2222,0,0
21619954379,-39.9082,0,0
21619954393,-28.8164,0,0
21619954408,-35.1018,0,0
21619954451,83.9025,0,0
21619954464,-9.1822,0,0
21619954478,-10.1867,0,0
21619954521,-23.1621,0,0
21619954537,-38.2222,0,0
21619954551,-20.1018,0,0
21619954580,-34.2022,0,0
21619954592,-32.8482,0,0
21619954605,-30.1218,0,0
21619954633,20.4436,0,0
21619954645,-11.8231,0,0
21619954655,-2.1422,0,0
21619954690,52.0168,0,0
21619953862,-7.2286,0,0
21619953866,-10.1884,0,0
21619953870,-18.2083,0,0
21619953882,-42.2188,0,0
21619953886,74.7686,0,0
21619953898,-80.2711,0,0
21619953902,-48.2714,0,0
21619953913,-14.8312,0,0
21619953917,-54.2045,0,0
21619953933,-29.3792,0,0
21619953937,-29.2714,0,0
21619953949,25.8682,0,0
21619953951,-18.3883,0,0
21619953975,9.8012,0,0
21619953983,-21.2403,0,0
21619954021,18.1161,0,0
21619954035,-31.1346,0,0
21619954096,-23.2268,0,0
21619954111,4.7778,0,0
21619954170,20.8231,0,0
21619954182,-16.2711,0,0
21619954195,-162.3936,0,0
21619954242,5.6158,0,0
21619954257,-26.3442,0,0
21619954317,-21.2442,0,0
21619954323,-44.3748,0,0
21619954338,-33.3711,0,0
21619954380,-17.0053,0,0
21619954394,-32.0696,0,0
21619954409,-50.0662,0,0
21619954452,-20.1726,0,0
21619954465,-6.2864,0,0
21619954479,-42.2714,0,0
21619954022,-30.672,0,0
21619954036,-43.1608,0,0
21619954097,-17.1832,0,0
21619954112,-11.7016,0,0
21619954127,22.4374,0,0
21619954171,-12.8259,0,0
21619954183,-28.6808,0,0
21619954196,-22.7024,0,0
21619954243,-28.4252,0,0
21619954258,-3.3004,0,0
21619954324,-18.8852,0,0
21619954339,-18.6075,0,0
21619954381,-25.2374,0,0
21619954395,-21.948,0,0
21619954410,56.3196,0,0
21619954453,-5.5019,0,0
21619954466,-21.606,0,0
21619954480,-2.4036,0,0
21619954522,-15.6569,0,0
21619954538,-22.3064,0,0
21619954552,-19.1569,0,0
21619954581,-100.0795,0,0
21619954593,6.1794,0,0
21619954606,-54.4325,0,0
21619954634,-24.7169,0,0
21619954646,-37.9251,0,0
21619954656,-26.8525,0,0
21619954691,-58.2374,0,0
21619954702,-36.001,0,0
21619954715,-13.9997,0,0
21619954769,10.5026,0,0
21619954775,-11.9708,0,0
21619954023,-14.7337,0,0
21619954037,20.0027,0,0
21619954098,-41.9721,0,0
21619954113,-27.9675,0,0
21619954128,-26.7442,0,0
21619954197,40.3017,0,0
21619954244,-35.6921,0,0
21619954259,-4.7132,0,0
21619954274,-32.6565,0,0
21619954325,-38.7591,0,0
21619954340,33.275,0,0
21619954396,-26.5447,0,0
21619954411,-65.5234,0,0
21619954454,-35.7591,0,0
21619954467,-3.7312,0,0
21619954481,43.0136,0,0
21619954523,-73.4719,0,0
21619954539,10.3891,0,0
21619954553,-111.598,0,0
21619954582,-16.4857,0,0
21619954594,-16.4523,0,0
21619954607,-38.4346,0,0
21619954635,-17.377,0,0
21619954692,-13.4123,0,0
21619954703,-79.5609,0,0
21619954716,-27.4571,0,0
21619954749,-34.4028,0,0
21619954760,-47.4097,0,0
21619954770,-28.4665,0,0
21619954776,-17.4398,0,0
21619954785,-33.3676,0,0
21619954795,-23.8659,0,0
21619954804,-20.4652,0,0
21619954814,-31.4052,0,0
21619954825,-17.6291,0,0
21619953976,-20.192,0,0
21619953984,-31.3616,0,0
21619953991,-37.2216,0,0
21619954024,-31.8134,0,0
21619954038,-6.8175,0,0
21619954053,-26.9165,0,0
21619954099,-15.8134,0,0
21619954114,-23.806,0,0
21619954129,-22.7854,0,0
21619954172,-27.2717,0,0
21619954185,9.5627,0,0
21619954198,-14.0115,0,0
21619954245,-22.2011,0,0
21619954260,-23.4373,0,0
21619954275,-17.5864,0,0
21619954318,-24.4104,0,0
21619954326,-28.6504,0,0
21619954341,28.8095,0,0
21619954382,-21.8263,0,0
21619954397,-22.7965,0,0
21619954412,-12.9165,0,0
21619954455,-30.4541,0,0
21619954468,52.5711,0,0
21619954482,-2.4069,0,0
21619954524,-40.4901,0,0
21619954540,9.8101,0,0
21619954554,2.5891,0,0
21619954583,-32.7419,0,0
21619954595,-10.5986,0,0
21619954608,-5.0696,0,0
21619954636,-26.7551,0,0
21619954647,-22.1151,0,0
21619954657,-32.7327,0,0
21619954693,-51.3764,0,0
21619954704,-27.0075,0,0
21619954717,-25.9632,0,0
21619954750,-12.9511,0,0
21619954761,-45.2561,0,0
21619954771,-30.2011,0,0
21619954777,-22.4756,0,0
21619954786,-35.3801,0,0
21619954796,-33.5801,0,0
21619954805,-6.2117,0,0
21619954815,-16.5167,0,0
21619954826,-21.4659,0,0
21619954836,-10.8356,0,0
21619954844,-9.7592,0,0
21619954851,-37.3471,0,0
21619954858,-2.4824,0,0
21619954867,-66.3552,0,0
21619954875,-17.2944,0,0
21619954882,-21.8544,0,0
21619954889,-14.4806,0,0
21619954905,-21.8779,0,0
21619954913,-31.6294,0,0
21619954921,-23.7012,0,0
21619954928,-52.8178,0,0
21619954935,-89.7131,0,0
21619954941,-22.5496,0,0
21619954946,-15.2777,0,0
21619954950,-3.7278,0,0
21619954963,-37.5425,0,0
21619954969,-21.7542,0,0
21619954975,2.1596,0,0
21619954981,-51.7537,0,0
21619954987,3.2463,0,0
21619954991,-7.43700000000001,0,0
21619954039,-25.4921,0,0
21619954100,-32.6604,0,0
21619954130,85.6309,0,0
21619954173,-15.4673,0,0
21619954199,-55.5273,0,0
21619954253,-65.6083,0,0
21619954261,4.4994,0,0
21619954276,-26.3299,0,0
21619954327,-18.6191,0,0
21619954342,-35.6498,0,0
21619954383,26.74,0,0
21619954398,-28.4004,0,0
21619954413,-7.3053,0,0
21619954456,-39.678,0,0
21619954469,0.446899999999999,0,0
21619954483,-12.6414,0,0
21619954525,-120.4877,0,0
21619954541,-24.4494,0,0
21619954584,-16.803,0,0
21619954609,-1.5003,0,0
21619954694,-20.4384,0,0
21619954718,-127.3142,0,0
21619954751,0.7606,0,0
21619954797,-34.1644,0,0
21619954806,-0.378900000000002,0,0
21619954816,-18.2925,0,0
21619954827,-33.3821,0,0
21619954845,-17.1962,0,0
21619954852,27.4241,0,0
21619954859,-8.1217,0,0
21619954883,-47.1109,0,0
21619954898,-29.091,0,0
21619954906,-24.0567,0,0
21619954914,-23.114,0,0
21619954922,-35.1214,0,0
21619954929,-20.1417,0,0
21619954936,-21.2017,0,0
21619954958,-17.9847,0,0
21619954964,-33.943,0,0
21619954970,-36.6571,0,0
21619954976,-3.5737,0,0
21619954982,-30.8453,0,0
21619954988,-32.569,0,0
21619953863,-14.446,0,0
21619953867,-22.4259,0,0
21619953871,-50.0062,0,0
21619953883,-21.566,0,0
21619953887,24.0938,0,0
21619953899,-58.3616,0,0
21619953903,-12.7857,0,0
21619953914,-20.546,0,0
21619953918,-160.5331,0,0
21619953934,12.2689,0,0
21619953938,0.0137999999999998,0,0
21619953950,21.393,0,0
21619953952,37.2063,0,0
21619953977,-11.8011,0,0
21619954101,-22.2947,0,0
21619954131,-5.6411,0,0
21619954174,-18.1542,0,0
21619954186,-35.0571,0,0
21619954200,-27.689,0,0
21619954246,-24.9571,0,0
21619954262,-10.4542,0,0
21619954277,-25.7364,0,0
21619953840,-26.6446,0,0
21619953848,-30.1822,0,0
21619953850,-13.3577,0,0
21619953852,-7.6945,0,0
21619953864,-22.8391,0,0
21619953868,-8.9648,0,0
21619953872,-15.0277,0,0
21619953884,14.3023,0,0
21619953888,-22.4846,0,0
21619953900,-27.0102,0,0
21619953904,-17.2022,0,0
21619953915,-35.5945,0,0
21619953919,-19.6446,0,0
21619953923,-32.6046,0,0
21619953935,41.3204,0,0
21619953939,-29.7145,0,0
21619953942,-40.1502,0,0
21619953953,6.2799,0,0
21619953957,-34.7944,0,0
21619953978,-10.0244,0,0
21619953986,-18.7094,0,0
21619954026,-18.9044,0,0
21619954040,-21.0094,0,0
21619954055,-19.5361,0,0
21619954132,-32.2767,0,0
21619954187,-29.4991,0,0
21619954201,-28.5701,0,0
21619954247,-20.8108,0,0
21619954263,-20.6262,0,0
21619954319,-31.4446,0,0
21619954328,-36.4195,0,0
21619954343,-30.7268,0,0
21619954384,-12.829,0,0
21619954399,-23.7908,0,0
21619954414,-40.4844,0,0
21619954457,-37.5301,0,0
21619954470,-32.5984,0,0
21619954484,-25.5114,0,0
21619954526,-25.8508,0,0
21619954542,-14.4872,0,0
21619954041,-21.1379,0,0
21619954102,-16.9411,0,0
21619954117,-21.5509,0,0
21619954133,-11.6106,0,0
21619954175,-28.7307,0,0
21619954188,-31.5312,0,0
21619954254,-29.6853,0,0
21619954264,-39.0081,0,0
21619954278,-53.6791,0,0
21619954329,-14.6949,0,0
21619954344,-24.6934,0,0
21619954385,-18.883,0,0
21619954415,-14.5959,0,0
21619954458,-20.243,0,0
21619954471,-16.3977,0,0
21619954485,-12.3526,0,0
21619954527,-24.6472,0,0
21619954643,-29.6924,0,0
21619954648,-13.7161,0,0
21619954658,-9.6427,0,0
21619954706,-14.6724,0,0
21619954719,-72.8028,0,0
21619954752,-42.6228,0,0
21619954762,-68.6109,0,0
21619953979,-22.0759,0,0
21619953987,-32.2038,0,0
21619953993,-23.0061,0,0
21619954027,-26.1247,0,0
21619954042,-21.1451,0,0
21619954057,-25.0851,0,0
21619954103,-22.5828,0,0
21619954118,5.8425,0,0
21619954134,-20.1258,0,0
21619954176,-24.7575,0,0
21619954189,-29.721,0,0
21619954202,-23.8366,0,0
21619954248,-32.9661,0,0
21619954265,-35.1847,0,0
21619954279,-31.1047,0,0
21619954330,-23.7965,0,0
21619954345,-22.7963,0,0
21619954386,-18.721,0,0
21619954401,-16.6439,0,0
21619954416,-35.6404,0,0
21619954459,-33.8978,0,0
21619954472,-37.0125,0,0
21619954486,-46.7356,0,0
21619954528,-34.8247,0,0
21619954543,-26.6752,0,0
21619954556,-29.7609,0,0
21619954585,-19.7467,0,0
21619954598,-12.8434,0,0
21619954611,7.1221,0,0
21619954637,-24.7817,0,0
21619954649,-4.6456,0,0
21619954659,-3.8535,0,0
21619954695,3.2511,0,0
21619954707,-33.1447,0,0
21619954720,-22.8566,0,0
21619954753,-26.4741,0,0
21619954763,-24.8064,0,0
21619954772,-19.6871,0,0
21619954779,3.8048,0,0
21619954788,-33.0061,0,0
21619954798,41.3159,0,0
21619954807,-68.9999,0,0
21619954817,-23.0851,0,0
21619954828,-23.7935,0,0
21619954837,-21.8578,0,0
21619954846,-7.8267,0,0
21619954853,-10.4205,0,0
21619954860,-21.7467,0,0
21619954869,-37.67,0,0
21619954877,-17.8239,0,0
21619954891,-9.6455,0,0
21619954899,-11.7609,0,0
21619954907,-32.7575,0,0
21619954915,-40.8138,0,0
21619954923,-11.0314,0,0
21619954930,-17.7804,0,0
21619954937,-25.9468,0,0
21619954942,-7.1458,0,0
21619954947,-16.9175,0,0
21619954951,-5.9668,0,0
21619954954,13.1185,0,0
21619954971,-14.0449,0,0
21619954977,-28.8965,0,0
21619954028,-8.3143,0,0
21619954043,-26.3147,0,0
21619954104,46.342,0,0
21619954119,-3.645,0,0
21619954135,-29.5209,0,0
21619954177,-9.6452,0,0
21619954190,27.5208,0,0
21619954203,-11.4696,0,0
21619954249,16.6011,0,0
21619954266,-11.4506,0,0
21619954280,-18.5295,0,0
21619954331,-56.4837,0,0
21619954387,-12.4902,0,0
21619954402,-33.5452,0,0
21619954417,-8.5257,0,0
21619954473,-62.4505,0,0
21619954487,-23.5678,0,0
21619954529,-25.6355,0,0
21619954557,-22.5338,0,0
21619954586,-24.4678,0,0
21619954612,-42.6013,0,0
21619954638,-27.6666,0,0
21619954650,-14.6497,0,0
21619954660,-7.5497,0,0
21619954696,-3.5771,0,0
21619954708,-36.6759,0,0
21619954721,-43.7252,0,0
21619954754,-18.8826,0,0
21619954780,-12.5561,0,0
21619954789,-45.626,0,0
21619954808,-33.8251,0,0
21619954818,-48.4799,0,0
21619954829,-38.44,0,0
21619954838,-16.5409,0,0
21619954847,-17.5267,0,0
21619954854,-44.2103,0,0
21619954861,-20.6586,0,0
21619954892,-21.2249,0,0
21619954900,-19.1301,0,0
21619954908,-12.4539,0,0
21619954916,-28.7877,0,0
21619954924,-19.3492,0,0
21619954931,-20.1825,0,0
21619954938,-30.1326,0,0
21619954943,-31.5421,0,0
21619954948,-8.3425,0,0
21619954952,-26.0849,0,0
21619954955,-30.1978,0,0
21619954959,-17.2288,0,0
21619954965,-24.2585,0,0
21619954972,-25.3985,0,0
21619954978,-19.4364,0,0
21619954983,-21.4574,0,0
21619954989,-12.4605,0,0
21619954992,-21.465,0,0
21619954996,-14.465,0,0
21619954999,-43.071,0,0
21619955001,-47.895,0,0
21619955005,-9.417,0,0
21619955010,-0.425000000000011,0,0
21619955015,-39.417,0,0
21619955020,-100.505,0,0
21619955023,-16.227,0,0
21619955027,-50.862,0,0
21619955031,26.159,0,0
21619955038,-4.33199999999999,0,0
21619955042,-88.323,0,0
21619955045,-24.314,0,0
21619955048,-36.027,0,0
21619955055,-50.25,0,0
21619955057,-38.211,0,0
21619955061,-60.861,0,0
21619955064,-52.862,0,0
21619955067,-35.917,0,0
21619955070,-43.424,0,0
21619955073,-23.808,0,0
21648539015,13.192,0,0
21648539016,-30.464,0,0
21648539017,-5.36200000000002,0,0
21648539018,-27.004,0,0
21648539019,-10.885,0,0
21648539021,-27.646,0,0
21648539023,-20.339,0,0
21648539025,-29.699,0,0
21698286053,-36.76,0,0
21698286055,-30.583,0,0
21715872181,-28.654,0,0
21715872182,-42.553,0,0
21715872183,-49.149,0,0
21715872185,-38.804,0,0
21619954029,-25.7079,0,0
21619954044,-10.613,0,0
21619954105,-27.7861,0,0
21619954120,-43.8478,0,0
21619954136,-243.3509,0,0
21619954204,-6.2722,0,0
21619954250,-30.1993,0,0
21619954267,-58.5869,0,0
21619954281,24.2829,0,0
21619954332,-42.1287,0,0
21619954347,-11.0375,0,0
21619954388,-4.3638,0,0
21619954403,-33.6365,0,0
21619954460,-16.1026,0,0
21619954474,-32.195,0,0
21619954530,-43.6922,0,0
21619954544,-15.7261,0,0
21619954587,3.058,0,0
21619954599,-12.8702,0,0
21619954613,-14.9791,0,0
21619954639,-41.942,0,0
21619954661,-19.1064,0,0
21619954697,-32.6441,0,0
21619954709,-46.9834,0,0
21619954722,-27.0908,0,0
21619954755,-27.8319,0,0
21619954790,-24.6399,0,0
21619954809,-33.7719,0,0
21619954819,-11.982,0,0
21619954830,-16.1422,0,0
21619954848,-40.6738,0,0
21619954855,-6.2811,0,0
21619954862,-25.96,0,0
21619954870,-21.0412,0,0
21619954878,-40.0691,0,0
21619954885,-3.0698,0,0
21619954893,-17.1073,0,0
21619954909,-12.0803,0,0
21619954917,-1.9679,0,0
21619954925,-17.0242,0,0
21619954932,19.2515,0,0
21619954939,-32.9323,0,0
21619954993,-36.18,0,0
21619954997,33.478,0,0
21619955002,-120.167,0,0
21619955006,-40.913,0,0
21619955011,-31.333,0,0
21619955016,-57.958,0,0
21619955021,-17.041,0,0
21619955024,-175.934,0,0
21619955028,-48.292,0,0
21619955036,-60.434,0,0
21619955039,-3.71799999999999,0,0
21619955043,-155.314,0,0
21619955046,-28.064,0,0
21619955051,-10.604,0,0
21619955062,-35.351,0,0
21619955065,-49.197,0,0
21619955068,-34.627,0,0
21619955071,-28.544,0,0
21619955075,-23.584,0,0
21619955077,-46.56,0,0
21648539020,-28.993,0,0
21648539024,-1.881,0,0
21648539026,-39.7,0,0
21698286051,-31.355,0,0
21698286052,-1.964,0,0
21698286054,9.126,0,0
21698286056,-32.883,0,0
21698286057,-5.261,0,0
21698286058,-34.021,0,0
21715872184,71.11,0,0
21619954030,-25.1187,0,0
21619954045,-29.0813,0,0
21619954106,-17.5132,0,0
21619954121,39.6296,0,0
21619954137,-17.5237,0,0
21619954178,-18.3843,0,0
21619954191,-22.602,0,0
21619954205,-29.5132,0,0
21619954268,-34.489,0,0
21619954333,-34.549,0,0
21619954348,-20.6185,0,0
21619954392,-19.5099,0,0
21619954404,-39.4726,0,0
21619954419,11.5112,0,0
21619954461,-22.5782,0,0
21619954475,-15.5044,0,0
21619954489,-3.5678,0,0
21619954531,-15.6045,0,0
21619954545,-21.6075,0,0
21619954588,-4.5585,0,0
21619954644,-37.496,0,0
21619954651,-19.7078,0,0
21619954662,108.4924,0,0
21619954698,-28.2185,0,0
21619954710,-45.8705,0,0
21619954723,50.9073,0,0
21619954756,-20.4537,0,0
21619954764,-40.4748,0,0
21619954781,-2.4492,0,0
21619954791,-39.6015,0,0
21619954810,-20.4762,0,0
21619954820,-12.0328,0,0
21619954831,-14.1397,0,0
21619954840,-37.5319,0,0
21619954863,-22.5134,0,0
21619954871,-24.1989,0,0
21619954879,-19.1516,0,0
21619954886,-52.3647,0,0
21619954894,-22.4079,0,0
21619954910,-23.2354,0,0
21619954918,-17.0593,0,0
21619953981,-3.362,0,0
21619953988,-65.947,0,0
21619954031,-22.991,0,0
21619954046,-30.267,0,0
21619954107,-24.96,0,0
21619954122,-23.031,0,0
21619954138,-33.795,0,0
21619954179,-72.232,0,0
21619954192,-34.072,0,0
21619954206,-23.82,0,0
21619954255,-27.116,0,0
21619954269,-42.117,0,0
21619954334,-33.172,0,0
21619954349,-23.145,0,0
21619954389,-47.196,0,0
21619954405,-27.886,0,0
21619954420,-36.021,0,0
21619954462,-50.111,0,0
21619954490,-18.633,0,0
21619954532,-23.216,0,0
21619954546,-24.097,0,0
21619954559,-5.12,0,0
21619954589,-49.46,0,0
21619954600,-30.048,0,0
21619954614,-37.979,0,0
21619954640,-23.038,0,0
21619954652,-31.596,0,0
21619954663,-63.466,0,0
21619954711,-27.287,0,0
21619954724,-21.047,0,0
21619954757,-13.343,0,0
21619954765,-17.14,0,0
21619953841,-36.4669,0,0
21619953842,-18.528,0,0
21619953843,10.318,0,0
21619953849,-37.1653,0,0
21619953851,-32.528,0,0
21619953853,-53.8506,0,0
21619953869,-18.5843,0,0
21619953873,-26.6465,0,0
21619953885,-61.6153,0,0
21619953889,-25.6069,0,0
21619953901,-12.5485,0,0
21619953916,-51.2407,0,0
21619953920,2.5715,0,0
21619953924,49.9315,0,0
21619953936,-56.4069,0,0
21619953940,-41.5085,0,0
21619953943,17.8268,0,0
21619953954,15.6604,0,0
21619953958,-30.4314,0,0
21619953980,54.6548,0,0
21619953989,-48.5085,0,0
21619953994,-4.4119,0,0
21619954032,-13.4167,0,0
21619954047,-37.3831,0,0
21619954061,-18.4709,0,0
21619954108,-16.5085,0,0
21619954123,-24.3631,0,0
21619954139,-28.5301,0,0
21619954180,-35.4499,0,0
21619954193,-12.2061,0,0
21619954207,-28.5501,0,0
21619954251,-8.4967,0,0
21619954270,56.0268,0,0
21619954283,-35.4714,0,0
21619954321,-28.4885,0,0
21619954335,-113.5082,0,0
21619954350,-5.3638,0,0
21619954390,-41.3341,0,0
21619954406,6.5318,0,0
21619954421,-47.2809,0,0
21619954463,-30.4541,0,0
21619954477,52.5711,0,0
21619954491,-2.4069,0,0
21619954533,-40.4901,0,0
21619954547,9.8101,0,0
21619954560,2.5891,0,0
21619954590,-32.7419,0,0
21619954601,-10.5986,0,0
21619954615,-5.0696,0,0
21619954641,-26.7551,0,0
21619954653,-22.1151,0,0
21619954664,-32.7327,0,0
21619954699,-51.3764,0,0
21619954712,-16.7076,0,0
21619954725,-48.7481,0,0
21619954758,-27.7386,0,0
21619954766,-10.548,0,0
21619954773,-1.5619,0,0
21619954782,-15.9323,0,0
21619954833,-27.5429,0,0
21619954842,-51.7546,0,0
21619954865,-22.6146,0,0
21619954873,-64.8787,0,0
21619954961,1.7562,0,0
21619954967,-22.7546,0,0
21619954985,-30.9573,0,0
21619954994,-10.9973,0,0
21619955013,-14.5746,0,0
21619954033,-18.262,0,0
21619954048,-19.3517,0,0
21619954109,-40.576,0,0
21619954124,12.5115,0,0
21619954140,1.3595,0,0
21619954181,-5.509,0,0
21619954194,-58.4723,0,0
21619954208,-6.4765,0,0
21619954252,-46.5242,0,0
21619954271,-31.4791,0,0
21619954284,-22.469,0,0
21619954336,5.3287,0,0
21619954351,-29.5629,0,0
21619954391,-12.52,0,0
21619954407,16.5042,0,0
21619954422,27.3995,0,0
21619954492,-46.4143,0,0
21619954534,-32.6682,0,0
21619954548,-4.7161,0,0
21619954561,-23.6582,0,0
21619954591,-95.8267,0,0
21619954602,-3.8346,0,0
21619954616,-29.7075,0,0
21619954642,-33.7145,0,0
21619954654,-30.2536,0,0
21619954665,-44.2552,0,0
21619954700,-48.61,0,0
21619954713,-12.5584,0,0
21619954726,207.8304,0,0
21619954767,-36.7905,0,0
21619954783,-5.7354,0,0
21619954793,-24.6356,0,0
21619954834,-15.6851,0,0
21619954843,-20.5584,0,0
21619954850,-27.4189,0,0
21619954857,0.398900000000001,0,0
21619954866,-18.4494,0,0
21619954881,-19.4443,0,0
21619954888,12.5373,0,0
21619954896,-25.4224,0,0
21619954904,-5.5236,0,0
21619954912,-24.1334,0,0
21619954920,35.4619,0,0
21619954927,-16.3562,0,0
21619954934,-9.4834,0,0
21619954949,-18.6399,0,0
21619954953,6.8276,0,0
21619954957,-68.4455,0,0
21619954962,-36.2998,0,0
21619954968,-3.9939,0,0
21619954974,-20.1913,0,0
21619954980,-23.8657,0,0
21619954986,-3.9354,0,0
21619954990,9.1807,0,0
21619954995,-17.9193,0,0
21619954998,-34.9642,0,0
21619955000,-19.8267,0,0
21619955004,-178.2513,0,0
21619955009,-30.7529,0,0
21619955014,-19.104,0,0
21619955018,-30.1399,0,0
21619955030,-2.1469,0,0
21619955034,-23.0045,0,0
21619955044,-8.8968,0,0
21619955047,0.922499999999999,0,0
21619955050,-18.023,0,0
21619955053,-41.0363,0,0
25253921244,-15.4408,0,0
25253921257,-6.2694,0,0
25253921269,-4.2715,0,0
25358411552,-13.2929,0,0
25386445320,-48.1388,0,0
25434268894,-58.9287,0,0
25434268941,-3.2811,0,0
25501552315,-40.6069,0,0
25501552316,22.7521,0,0
25989686383,-22.1121,0,0
25989686385,-60.4195,0,0
25882162700,-8.1823,0,0
25882162718,-118.964,0,0
26533471749,5.04599999999999,0,0
26533471752,-46.974,0,0
26533471758,-12.069,0,0
26533471765,-0.613,0,0
26662217265,-17.91,0,0
26662217277,-21.026,0,0
26725039672,-8.00399999999999,0,0
26725039686,-23.454,0,0
27166273099,-36.662,0,0
27166273123,-5.952,0,0
25253921245,-6.0125,0,0
25253921258,-12.5022,0,0
25253921270,-25.45,0,0
25253921278,12.4686,0,0
25358411553,4.8601,0,0
25253921246,3.4063,0,0
25253921259,-20.949,0,0
25253921271,-8.2484,0,0
25253921279,-31.3653,0,0
25386445304,-5.7696,0,0
25386445309,-7.99550000000001,0,0
25882162673,12.3598,0,0
25882162676,-74.5859,0,0
26662217257,-67.1051,0,0
27166273055,23.7936,0,0
27166273056,-9.8026,0,0
27166273124,-69.9759,0,0
25434268873,-7.4531,0,0
25253921254,-17.8157,0,0
25434268874,-11.3343,0,0
25649052114,-1.611,0,0
25358411561,-5.4758,0,0
25649052120,-59.5697,0,0
25649052122,9.4509,0,0
25434268960,-2.3918,0,0
25649052136,-24.8663,0,0
25649052141,-12.1137,0,0
25700295775,-13.1382,0,0
25882162679,-28.6475,0,0
25882162689,-15.6307,0,0
25882162697,-21.7086,0,0
25882162706,-20.218,0,0
25930755454,-24.1639,0,0
25930755459,-10.2026,0,0
25930755463,-7.21600000000001,0,0
25930755469,-10.672,0,0
25942650612,-9.55700000000002,0,0
25942650615,-26.463,0,0
26089801680,-18.523,0,0
26089801682,-14.523,0,0
26089801685,-13.543,0,0
26089801689,0.180000000000007,0,0
26167829744,-15.86,0,0
26167829745,-31.31,0,0
26352675857,2.18000000000001,0,0
26352675862,-21.993,0,0
26384270470,-18.126,0,0
26384270474,-28.896,0,0
26384270476,-20.22,0,0
26489408413,-17.49,0,0
26489408419,-20.67,0,0
26533471762,-15.19,0,0
26533471766,-31,0,0
26662217270,14.23,0,0
26662217274,-12.176,0,0
26601063493,-6.9957,0,0
25253921242,-12.7572,0,0
25358411540,-7.7572,0,0
25253921268,-14.9663,0,0
25386445325,-14.0288,0,0
25434268952,-6.9663,0,0
25649052126,-10.0463,0,0
25649052133,-17.9863,0,0
25700295763,-33.0463,0,0
25700295771,-11.0313,0,0
25700295782,-7.0288,0,0
25253921256,-38.6101,0,0
25386445303,-21.85,0,0
25386445326,-23.715,0,0
25434268953,-36.1874,0,0
25649052134,-0.451499999999996,0,0
25649052140,-56.1721,0,0
25700295772,-6.813,0,0
25882162687,-114.1908,0,0
25700295791,-69.2023,0,0
25882162695,-11.6039,0,0
25882162701,-13.2963,0,0
25930755458,-18.312,0,0
25930755462,8.90100000000001,0,0
25930755467,-30.209,0,0
25989686408,-20.193,0,0
25989686415,-16.027,0,0
26089801681,-20.351,0,0
26089801683,-14.42,0,0
26089801687,-14.059,0,0
26352675851,-21.874,0,0
26352675855,-16.463,0,0
26352675860,-33.305,0,0
26352675863,-45.148,0,0
26384270473,-33.158,0,0
26384270475,-18.931,0,0
26463814783,-27.059,0,0
26463814785,17.284,0,0
26725039668,-23.63,0,0
26696776118,-17.54,0,0
26725039670,-16.11,0,0
26696776149,-13.09,0,0
26725039680,12.08,0,0
26725039687,-25.21,0,0
26782877218,-8.38,0,0
26972452418,-15.11,0,0
26972452422,-21.89,0,0
27166273100,-8.13,0,0
27166273104,-30.38,0,0
27166273110,2.52999999999997,0,0
27166273113,-5.94999999999999,0,0
27188748917,-31.71,0,0
27188748926,-10.99,0,0
27219985220,-14.75,0,0
27219985226,-7.47000000000003,0,0
27219985233,-17.12,0,0
27219985237,0.910000000000025,0,0
27318526855,-2.22000000000003,0,0
27507217591,83.85,0,0
27507217600,-17.09,0,0
27507217611,-22.27,0,0
25386445301,-11.0056,0,0
25253921255,-12.021,0,0
25434268881,-21.0127,0,0
25434268891,-4.6615,0,0
25434268954,31.3649,0,0
25649052127,3.9427,0,0
25649052135,-14.1784,0,0
25700295764,-27.3436,0,0
25700295773,-17.5237,0,0
25882162678,19.4637,0,0
25882162688,-18.4933,0,0
25882162696,-33.542,0,0
25882162705,-30.229,0,0
25882162709,-14.749,0,0
25882162712,7.35000000000002,0,0
25942650602,-26.955,0,0
25942650606,-12.384,0,0
25930755465,4.43700000000001,0,0
25930755468,-23.805,0,0
25942650611,-17.509,0,0
25942650614,-17.232,0,0
25989686416,-22.776,0,0
26089801684,-27.816,0,0
26089801688,-15.92,0,0
26352675852,-41.315,0,0
26352675856,-21.221,0,0
26352675859,-22.654,0,0
26352675861,-6.01599999999999,0,0
26533471750,-17.901,0,0
26463814784,-29.87,0,0
26463814786,-11.787,0,0
26533471756,-31.012,0,0
26602609927,-15.945,0,0
26662217269,-20.767,0,0
26662217273,-41.177,0,0
26662217284,-19.133,0,0
26725039671,-20.973,0,0
26725039673,-26.206,0,0
26782877212,-80.602,0,0
27166273096,-17.408,0,0
25434268880,-21.1716,0,0
25434268892,-13.37,0,0
25434268955,-6.3955,0,0
25649052130,-16.2717,0,0
25700295765,-49.3849,0,0
25700295776,-47.091,0,0
25882162680,-14.694,0,0
25882162690,-7.76499999999999,0,0
25700295789,-29.793,0,0
25882162698,-34.789,0,0
25882162707,-47.389,0,0
25942650603,-12.067,0,0
25942650609,-9.988,0,0
25942650613,-20.978,0,0
25989686409,-20.663,0,0
25989686417,-34.565,0,0
25989686426,-27.138,0,0
25989686427,-20.307,0,0
25434268882,-10.7908,0,0
25434268893,-10.891,0,0
25434268956,-3.40179999999999,0,0
25649052131,2.01900000000001,0,0
25700295766,-49.701,0,0
25700295777,35.38,0,0
25989686387,-16.043,0,0
25989686391,-20.779,0,0
25989686394,1.82599999999999,0,0
25989686399,10.236,0,0
25989686404,-18.81,0,0
25989686410,-1.154,0,0
25989686418,-29.683,0,0
26463814770,-28.002,0,0
26463814774,-34.533,0,0
26489408408,-24.108,0,0
26489408414,-25.045,0,0
25649052121,-20.7759,0,0
25700295753,-13.849,0,0
25700295755,-18.109,0,0
25700295758,-19.233,0,0
25700295768,-19.805,0,0
25882162681,1.79700000000003,0,0
25882162691,-2.55599999999998,0,0
25700295790,-43.994,0,0
25942650600,-32.882,0,0
25942650601,-8.02699999999999,0,0
25942650604,-7.92099999999999,0,0
25942650605,-28.843,0,0
25942650608,-13.912,0,0
25942650610,8.53,0,0
26089801678,-113.777,0,0
26089801679,-46.675,0,0
26352675850,-29.636,0,0
26352675854,-11.334,0,0
26463814779,-18.088,0,0
26489408409,-21.186,0,0
26489408410,-291.866,0,0
26463814787,-3.78800000000001,0,0
26463814788,-8.28399999999999,0,0
26489408423,-13.137,0,0
26533471767,-21.833,0,0
25358411568,-19.6549,0,0
25700295757,-2.1982,0,0
25700295767,-26.5236,0,0
25700295778,-10.3673,0,0
25700295784,8.7086,0,0
25882162699,-22.3344,0,0
25882162708,-3.3273,0,0
25882162714,-1.3144,0,0
25930755460,2.6327,0,0
25930755464,-20.2114,0,0
25930755470,-25.1872,0,0
25930755475,-10.3344,0,0
25989686411,2.6456,0,0
25989686419,-14.3344,0,0
26167829738,-3.3673,0,0
26167829741,1.9036,0,0
26352675853,13.7501,0,0
26352675858,2.5966,0,0
26533471753,-6.3344,0,0
26533471757,-12.3634,0,0
26533471760,18.7086,0,0
26533471763,-62.2364,0,0
26602609928,-6.3344,0,0
26602609930,13.8145,0,0
26601063478,-16.2144,0,0
26601063480,-20.3673,0,0
26696776110,-13.3344,0,0
26696776111,-19.2733,0,0
26696776125,-22.3473,0,0
26696776131,-29.4499,0,0
26725039674,-16.3307,0,0
26725039675,-14.3544,0,0
26782877213,-18.2113,0,0
26782877215,-9.3234,0,0
26782877216,-18.3473,0,0
26782877219,16.5364,0,0
26972452414,-2.4836,0,0
27219985207,-28.3713,0,0
27219985211,-71.1655,0,0
27219985221,-7.2507,0,0
28105034863,-22.3144,0,0
28105034864,1.6656,0,0
28105034866,-51.3512,0,0
28105034868,-36.5585,0,0
29275834781,-5.3707,0,0
29275834782,-31.2707,0,0
29465046199,55.6006,0,0
29275834783,55.6006,0,0
29465046200,-17.3544,0,0
29275834784,-17.3544,0,0
29275834785,-24.3707,0,0
29275834787,-16.0964,0,0
29593896343,-15.5026,0,0
29593896344,12.7493,0,0
29593896345,-25.1964,0,0
29669099249,-1.1744,0,0
29669099250,-36.3707,0,0
31432283096,-14.8571,0,0
31432283099,-33.8557,0,0
31432283102,-20.66,0,0
31432283103,-9.66,0,0
31467046857,-23.66,0,0
31467046871,-6.66,0,0
31609550535,-14.8216,0,0
31609550537,-9.9138,0,0
31665695538,-21.8842,0,0
31665695540,-13.8258,0,0
31665695558,-26.8475,0,0
31665695562,-3.8487,0,0
31741610588,-12.66,0,0
31741610589,-16.66,0,0
31838357950,-15.3153,0,0
31838357951,-10.332,0,0
31838330031,-24.511,0,0
31838330033,-22.854,0,0
31940985896,-35.974,0,0
31940985898,-21.191,0,0
31988650943,-16.717,0,0
31988650944,-10.717,0,0
32081963841,-20.676,0,0
32081963843,-15.456,0,0
32277208448,-11.343,0,0
32277208449,-7.33600000000001,0,0
32334264392,-12.096,0,0
32334264394,-2.76300000000001,0,0
32475322438,-23.836,0,0
32584892557,-23.836,0,0
32475322439,-10.956,0,0
32584892559,-10.956,0,0
32584892570,-14.79,0,0
32584892572,-34.734,0,0
32714221267,-33.922,0,0
32714221271,-22.956,0,0
32772191072,-27.298,0,0
32772191074,8.91399999999999,0,0
32959356299,-47.01,0,0
32959356301,-12.6,0,0
32959356374,-41.78,0,0
32959356376,-15.81,0,0
33015969142,7.04000000000002,0,0
33015969144,-14.06,0,0
33152329394,-10.88,0,0
33152329395,-15.18,0,0
33235481228,-84.21,0,0
33235481244,-22.07,0,0
33519679546,-22.13,0,0
33519679622,-19.81,0,0
37260946508,-22.58,0,0
37260946522,-11.0186,0,0
37260946532,-23.9769,0,0
37260946548,-15.6551,0,0
31432283097,-25.8232,0,0
31432283100,-19.8349,0,0
31467046460,-22.66,0,0
31467046464,-15.66,0,0
31609544296,-19.66,0,0
31609544298,-15.66,0,0
31609544371,-16.869,0,0
31609544382,-22.8966,0,0
31664904274,-14.8965,0,0
31664904353,-16.002,0,0
31838330026,-20.269,0,0
31838330027,-23.319,0,0
31838330028,2.50099999999998,0,0
31838330029,-29.125,0,0
31838330030,-8.74000000000001,0,0
31838330032,-41.818,0,0
31940985881,-17.079,0,0
31940985897,3.16500000000002,0,0
32081963802,-14.775,0,0
32081963805,-19.315,0,0
32081963806,-3.18299999999999,0,0
32081963842,8.53200000000001,0,0
32584892549,-20.502,0,0
32584892550,-14.746,0,0
32334264393,-27.263,0,0
32334264395,-19.272,0,0
32584892571,-25.271,0,0
32714221239,-28.852,0,0
32714221268,-22.012,0,0
32772191060,-22.33,0,0
32772191073,-34.29,0,0
32959356296,-24.39,0,0
32959356300,-26.43,0,0
32959356302,-28.327,0,0
32959356375,-28.43,0,0
33015969141,-24.39,0,0
33015969143,-28.82,0,0
33235481213,-23.76,0,0
33235481222,-20.376,0,0
33235481229,-21.487,0,0
33235481245,-30.369,0,0
37260946504,-16.296,0,0
37260946505,-18.936,0,0
37260946509,-22.361,0,0
37260946524,-3.32333,0,0
37260946534,-13.290516,0,0
37260946549,-17.40909,0,0
37298815532,-28.711696,0,0
37298815550,-15.385782,0,0
37298815568,-7.325782,0,0
37298815586,-9.298986,0,0
31432283098,-23.719,0,0
31432283101,35.2747,0,0
31609544297,-20.66,0,0
31609544299,-8.66,0,0
31665695531,-24.66,0,0
31665695533,-9.66,0,0
31665695539,-22.66,0,0
31665695541,-15.66,0,0
31507353247,-12.644,0,0
31507353249,-21.4365,0,0
31507353251,-8.8642,0,0
31507353253,2.3096,0,0
31627330995,-7.7154,0,0
31627330996,-18.2475,0,0
31627331007,9.0609,0,0
31627331097,0.571199999999999,0,0
31741610566,-21.9086,0,0
31741610574,-28.2472,0,0
31741610590,-24.6801,0,0
31741610613,-24.3572,0,0
32334264372,-19.71,0,0
32334264373,-31.116,0,0
32475322376,-13.368,0,0
32475322381,-16.6,0,0
32334264378,-23.601,0,0
32334264384,-6.58499999999998,0,0
32475322403,-22.777,0,0
32475322420,-23.632,0,0
32505982286,-23.632,0,0
32505982296,-21.155,0,0
32505982436,-24.64,0,0
32824260886,-18.46,0,0
32824260893,-7.917,0,0
32824260899,-10.141,0,0
32824260909,-26.886,0,0
32919000131,-31.227,0,0
32919000140,-36.466,0,0
33235481209,-43.413,0,0
33235481211,-28.1,0,0
33235481214,-2.33799999999999,0,0
33235481218,-10.561,0,0
33235481227,-43.939,0,0
33235481243,-22.919,0,0
33519679545,-50.647,0,0
33519679621,-31.945,0,0
37260946507,-15.615,0,0
37260946521,-12.1672,0,0
37260946531,-27.8676,0,0
37260946547,-6.4292,0,0
37298815531,-15.8617,0,0
37298815548,-10.2993,0,0
37298815566,-28.6432,0,0
37298815585,-84.7056,0,0
37720581064,-10.9504,0,0
37720581066,-21.7373,0,0
37720581069,-23.5331,0,0
37720581091,26.7797,0,0
31609550508,-39.3174,0,0
31609550509,-22.5674,0,0
31665695526,-31.5989,0,0
31665695530,-19.1374,0,0
31609550570,-19.3676,0,0
31609550768,-4.3482,0,0
31665695548,-35.4808,0,0
31665695584,-37.5094,0,0
31838357926,-40.3088,0,0
31838357930,-19.5252,0,0
31838357934,-30.4305,0,0
31838357953,-24.3905,0,0
32119809202,-34.281,0,0
32081963807,-14.877,0,0
32081963821,-35.249,0,0
32505982279,-42.029,0,0
32505982282,-11.701,0,0
32475322404,-31.348,0,0
32475322421,-30.816,0,0
32505982287,-30.816,0,0
32505982297,-27.652,0,0
32505982437,-43.39,0,0
32661871226,-37.38,0,0
32661871229,-92.31,0,0
32824260887,-112.202,0,0
32824260894,-111.818,0,0
32983659881,-6.95,0,0
32983659882,-87.18,0,0
32983659884,-17.9,0,0
33098951243,-38.39,0,0
33098951246,-12.39,0,0
31609550510,-15.3712,0,0
31609550524,-59.5717,0,0
31609550536,-23.0294,0,0
31609550571,-7.9612,0,0
31609550769,23.0866,0,0
31665695549,-11.9812,0,0
31665695585,-15.0612,0,0
31838357927,-40.7844,0,0
31838357931,-39.7776,0,0
31838357935,-13.2475,0,0
31838357954,-9.598,0,0
31942845426,-19.588,0,0
31942845434,-3.65799999999999,0,0
31964840694,-11.189,0,0
31964840707,-20.692,0,0
32081963822,-64.197,0,0
32277208440,-24.584,0,0
32277208450,-29.699,0,0
32334264385,-300.489,0,0
32334264396,-28.678,0,0
32584892551,-20.664,0,0
32584892560,-33.544,0,0
32584892564,-22.988,0,0
32584892573,-16.442,0,0
32714221272,27.32,0,0
32800401977,-261.78,0,0
32800401990,7.25999999999999,0,0
32983659883,-4.25999999999999,0,0
32983659885,-40.58,0,0
33244585589,-41.57,0,0
33244585590,42.42,0,0
33244585592,-90.84,0,0
33244585594,-43,0,0
33605702450,-32.824,0,0
33605702451,-2.69999999999999,0,0
33605702466,-41.998,0,0
33605702542,-27,0,0
37260946523,2.563,0,0
37260946533,-32.982,0,0
37298815549,-53.584,0,0
37298815567,-13.031,0,0
37720581067,-28.118,0,0
38947721354,-22.513,0,0
38947721356,-55.1501,0,0
38947721359,-25.813,0,0
38947721365,-3.49199999999999,0,0
38947721370,-27.446,0,0
38947721375,-76.488,0,0
31507353248,3.34,0,0
31507353250,-69.66,0,0
31507353252,-8.66,0,0
31507353254,-69.66,0,0
31609550511,-20.8363,0,0
31609550525,-35.8208,0,0
31609550572,-20.8905,0,0
31609550780,-19.7717,0,0
31609550512,-20.66,0,0
31609550526,5.8787,0,0
31609550573,-29.1737,0,0
31609550781,-19.717,0,0
31679748625,24.386,0,0
31609550513,-27.66,0,0
31609550574,-24.66,0,0
31609550782,0.34,0,0
31665695550,-16.66,0,0
31665695590,-15.66,0,0
31741610575,-19.66,0,0
31741610597,-1.66,0,0
31838357937,-18.66,0,0
31838357960,-4.129,0,0
31864009011,-25.262,0,0
31864009020,-27.89,0,0
31940985886,-29.74,0,0
31940985901,-8.74799999999999,0,0
32035472725,-227.748,0,0
32035472735,-21.597,0,0
32277208434,-20.016,0,0
32277208437,-10.667,0,0
32277208442,-10.53,0,0
32277208452,-37.06,0,0
32475322395,-14.683,0,0
32475322410,-79.31,0,0
32714221232,-10.406,0,0
32714221234,-13.15,0,0
32714221236,-32.941,0,0
32714221240,-23.334,0,0
32800401968,-24.571,0,0
32800401974,-28.231,0,0
32800401981,-25.443,0,0
32800401996,-23.377,0,0
32864097820,14.478,0,0
32864097827,-25.155,0,0
33061959238,-9.59700000000001,0,0
33061959240,-20.258,0,0
33061959243,-29.239,0,0
33061959247,22.542,0,0
33152329390,71.503,0,0
33152329399,-15.926,0,0
33605702455,-48.048,0,0
31627330978,-30.0304,0,0
31679748620,-11.1408,0,0
31627331015,-34.8345,0,0
31627331104,-27.1958,0,0
31679748634,-14.9136,0,0
31679748643,-15.851,0,0
31838327159,-12.6538,0,0
31838327161,-18.1355,0,0
31942845423,-21.939,0,0
31942845427,-36.492,0,0
31942845431,-24.593,0,0
31942845437,-13.444,0,0
31964840700,-18.044,0,0
31964840713,-37.34,0,0
32081963815,-7.327,0,0
32081963834,-21.752,0,0
32334264374,-30.239,0,0
32334264376,-21.426,0,0
32334264382,9.03699999999998,0,0
32334264389,-97.598,0,0
32475322415,-20.79,0,0
32475322432,-15.466,0,0
32505982293,-15.65,0,0
32505982303,-14.059,0,0
32505982443,-18.423,0,0
32824260878,-17.423,0,0
32824260884,-23.423,0,0
32772191062,-43.423,0,0
32772191068,-20.423,0,0
32919000127,-371.423,0,0
32919000129,-28.423,0,0
32919000135,-21.419,0,0
32919000146,-22.419,0,0
33098951245,-17.243,0,0
33098951248,-0.418999999999983,0,0
33098951251,-23.419,0,0
33098951255,-43.419,0,0
33235481233,-16.419,0,0
33235481248,-16.419,0,0
33519679548,-32.423,0,0
33519679624,-24.423,0,0
37260946511,-14.241,0,0
37260946526,-17.4053,0,0
37298815538,-21.1922,0,0
37298815556,-15.1195,0,0
37973688441,-10.1745,0,0
37973688442,-13.1585,0,0
37720581073,-7.398,0,0
37720581094,35.661,0,0
38947721358,-21.18,0,0
38947721364,-14.0953,0,0
38947721382,-27.359,0,0
38947721386,-8.12599999999998,0,0
39748979481,-37.423,0,0
39748979483,-17.423,0,0
39748979485,18.577,0,0
39748979487,-26.423,0,0
39748979504,-6.423,0,0
39748979548,-18.423,0,0
31609544286,-31.66,0,0
31609544290,-18.66,0,0
31741610560,-27.128,0,0
31741610561,-34.1481,0,0
31627331009,-54.1442,0,0
31627331098,78.7799,0,0
31741610567,-40.1481,0,0
31741610591,-27.1895,0,0
31838357936,4.8604,0,0
31838357959,1.57980000000001,0,0
31864009010,-58.458,0,0
31864009019,-6.22,0,0
31940985885,-75.738,0,0
31940985899,-39.039,0,0
32035472724,-16.999,0,0
32035472734,31.094,0,0
32081963823,-1.76400000000001,0,0
32081963844,-80.654,0,0
32334264379,-17.083,0,0
32334264386,-5.42099999999999,0,0
32475322405,-23.451,0,0
32475322422,-19.518,0,0
32505982288,-19.518,0,0
32505982298,-45.221,0,0
32505982438,-29.549,0,0
32824260875,-43.924,0,0
32824260880,-28.612,0,0
32824260888,-36.996,0,0
32824260895,-31.996,0,0
32824260900,-33.996,0,0
32824260910,-21.48,0,0
32919000132,6.50999999999999,0,0
32919000141,-39.16,0,0
33235481210,-27.95,0,0
33235481212,-29.62,0,0
33235481215,-21.36,0,0
33235481219,-27.76,0,0
33235481230,-17.61,0,0
33235481246,-25.76,0,0
37298815515,-50.9572,0,0
37298815520,-21.9427,0,0
37298815525,-28.9158,0,0
37298815533,-25.0963,0,0
38684983652,33.308,0,0
38684983654,-15.319,0,0
38684983655,-14.6217,0,0
38684983657,-56.178,0,0
38684983659,-4.869,0,0
38684983661,-32.015,0,0
38947721376,-20.556,0,0
38947721383,-21.768,0,0
31627330975,-19.66,0,0
31627330979,-14.2957,0,0
31627330990,-12.7912,0,0
31627331002,-39.7926,0,0
31627331016,-27.7999,0,0
31627331105,-46.7114,0,0
31741610570,-19.7603,0,0
31741610583,-54.2613,0,0
31741610605,3.2001,0,0
31741610619,-60.7345,0,0
31964840671,-13.2941,0,0
31964840678,-71.7836,0,0
31964840683,-31.644,0,0
31964840690,-14.7951,0,0
31964840701,-12.8376,0,0
31964840714,-29.8,0,0
32081963816,-45.48,0,0
32081963835,-14.448,0,0
32475322379,-384.203,0,0
32475322384,-3.95100000000002,0,0
32505982281,-29.148,0,0
32505982284,-23.142,0,0
32475322416,-24.916,0,0
32505982304,-243.275,0,0
32505982444,-20.273,0,0
32824260879,-27.378,0,0
32824260885,-33.222,0,0
32824260892,-20.248,0,0
32919000130,-27.222,0,0
33152329379,-40.306,0,0
33152329380,-7.38600000000002,0,0
33061959245,-26.503,0,0
33061959249,-1.38799999999998,0,0
33152329392,-29.306,0,0
33152329402,-50.325,0,0
33605702453,-398.293,0,0
33605702456,-32.351,0,0
33605702470,15.319,0,0
33605702546,-20.942,0,0
31627330976,-26.66,0,0
31627330980,-31.66,0,0
31627330991,-6.8458,0,0
31627331003,-20.0391,0,0
31627331017,-14.278,0,0
31627331106,-34.281,0,0
31838327160,-15.955,0,0
31838327162,-19.282,0,0
31942845424,14.964,0,0
31942845428,-4.16800000000001,0,0
31942845432,-22.539,0,0
31942845438,-23.3,0,0
31964840702,-34.229,0,0
31964840715,-23.249,0,0
32081963817,-12.922,0,0
32334264375,-19.76,0,0
32334264377,-72.886,0,0
32334264383,-0.607000000000028,0,0
32334264390,-21.509,0,0
31609544287,-14.8509,0,0
31609544291,-22.9477,0,0
31627330997,-60.8337,0,0
31627331010,-24.8664,0,0
31627331099,-26.8419,0,0
31679748628,-5.8549,0,0
31679748639,-20.8971,0,0
31741610592,-26.9121,0,0
31741610614,-15.896,0,0
31940985877,-25.1,0,0
31940985878,-1.3854,0,0
31940985882,-9.471,0,0
31940985900,-126.181,0,0
32081963809,14.982,0,0
32081963824,-12.295,0,0
32081963845,-17.675,0,0
32277208441,-12.049,0,0
32277208451,-18.875,0,0
32475322406,-21.681,0,0
32475322423,-444.324,0,0
32505982289,-444.324,0,0
32505982299,-5.33800000000002,0,0
32505982439,56.544,0,0
32714221265,-21.477,0,0
32714221284,3,0,0
32800401978,-28.037,0,0
32800401993,26.705,0,0
32959356297,-9.245,0,0
32959356327,-20.38,0,0
32959356354,-26.09,0,0
32959356395,-25.97,0,0
33152329381,-29.234,0,0
33152329384,-39.07,0,0
33152329388,-20.365,0,0
33152329397,-37.162,0,0
33394994061,-9.142,0,0
33394994122,0.759999999999991,0,0
37298815516,-8.7661,0,0
37298815521,-133.1439,0,0
37298815534,-6.3752,0,0
37298815569,3.9824,0,0
37298815587,-32.9835,0,0
37575912412,-45.7989,0,0
37575912413,50.5808,0,0
38584036351,11.2996,0,0
38584036353,-11.74,0,0
38530543067,-210.394,0,0
38530543070,-28.394,0,0
38947721360,-35.96,0,0
38947721366,-25.083,0,0
38947721371,-8.29900000000001,0,0
38947721377,13.004,0,0
40496271177,-19.997,0,0
40496271179,1.47199999999998,0,0
40496271180,-17.98,0,0
40496271186,-25.26,0,0
40496240349,-13.144,0,0
40496240350,-237.23,0,0
40496240351,-1.166,0,0
40496240353,-28.765,0,0
40496240359,-13.776,0,0
40496240404,-21.269,0,0
40828445722,-25.249,0,0
40828445741,-26.009,0,0
31609544288,-20.66,0,0
31609544292,-27.66,0,0
31627330986,-22.66,0,0
31627330998,-41.1146,0,0
31627331011,1.9187,0,0
31627331100,-0.125299999999999,0,0
31838327157,-3.06059999999999,0,0
31838327158,-3.6163,0,0
31741610593,-32.846,0,0
31741610615,-21.269,0,0
31964840668,-19.179,0,0
31964840674,-5.62799999999999,0,0
32081963797,12.688,0,0
32081963800,-27.058,0,0
31964840695,-21.629,0,0
31964840708,-39.949,0,0
32081963810,-20.919,0,0
32081963825,-10.836,0,0
32119809206,-14.54,0,0
32119809212,-23.825,0,0
32475322387,-20.735,0,0
32475322393,-44.239,0,0
31609550514,-27.1758,0,0
31679748623,-21.1744,0,0
31679748626,-22.211,0,0
31741610576,-13.2189,0,0
31741610598,-21.29,0,0
31864009008,-15.715,0,0
31864009012,3.79599999999999,0,0
31864009021,-22.056,0,0
31940985887,-28.565,0,0
31940985902,-24.828,0,0
32035472726,-15.231,0,0
32035472736,-25.554,0,0
32119809204,-18.941,0,0
32371920113,36.312,0,0
32277208453,-22.2,0,0
32371920118,-82.982,0,0
32371920120,-33.987,0,0
32475322427,-23.8,0,0
32584892554,-23.8,0,0
32475322440,-43.235,0,0
32584892561,-43.235,0,0
32584892566,-26.061,0,0
32584892575,-20.75,0,0
32824260882,-23.837,0,0
32824260889,6.202,0,0
32824260896,-9.85899999999998,0,0
32824260912,-19.309,0,0
33098951242,-15.855,0,0
32919000144,-24.851,0,0
33098951244,-267.774,0,0
33098951250,-7.71499999999997,0,0
33098951254,-31.375,0,0
33235481232,-16.708,0,0
33235481247,-242.664,0,0
31609550507,-15.8985,0,0
31609550515,-25.8323,0,0
31665695534,-28.679,0,0
31665695543,-55.8582,0,0
31665695551,-39.6973,0,0
31665695591,1.20099999999999,0,0
31741610577,-96.436,0,0
31741610599,38.038,0,0
31838357938,-25.509,0,0
31838357961,-0.73599999999999,0,0
31864009013,-19.284,0,0
31864009022,-2.19300000000001,0,0
31940985903,4.16,0,0
32035472727,-71.412,0,0
32035472737,-29.132,0,0
32081963829,-18.328,0,0
32081963846,-19.786,0,0
32277208443,-0.307999999999993,0,0
32277208454,20.282,0,0
31609544293,-69.7124,0,0
31627330999,-17.8079,0,0
31627331012,-9.0902,0,0
31627331101,-15.8079,0,0
31679748629,-19.2902,0,0
31679748640,-9.8247,0,0
31741610594,-18.8254,0,0
31741610616,-1.94200000000001,0,0
31964840669,-13.748,0,0
31964840675,-16.812,0,0
31964840681,-45.948,0,0
31942845435,-81.726,0,0
31964840696,-5.16300000000001,0,0
31964840709,1.37400000000002,0,0
32081963826,-28.741,0,0
32119809207,-268.661,0,0
32119809213,-20.152,0,0
32334264380,-9.84199999999998,0,0
32334264387,-21.533,0,0
32475322407,-20.818,0,0
32475322424,-17.128,0,0
32505982290,-17.128,0,0
32505982300,-56.553,0,0
32505982440,-18.558,0,0
32824260876,-10.468,0,0
32824260881,-365.46,0,0
32919000125,-48.278,0,0
32919000126,-27.213,0,0
32824260901,-21.358,0,0
32824260911,-38.558,0,0
32919000133,-22.819,0,0
32919000142,-19.257,0,0
32983659900,-2.99000000000001,0,0
32983659920,-18.809,0,0
33098951249,-28.481,0,0
33098951253,-262.635,0,0
33519679536,-36.252,0,0
33519679537,-25.187,0,0
33519679547,-31.526,0,0
33519679623,-42.472,0,0
31609544294,-18.4949,0,0
31627330988,-41.7278,0,0
31627331000,-14.4921,0,0
31627331013,-19.7278,0,0
31627331102,-19.0112,0,0
31679748630,-16.8453,0,0
31679748641,-10.053,0,0
31741610595,-39.231,0,0
31741610617,-23.574,0,0
31838327163,-27.575,0,0
31838327165,-19.387,0,0
31942845430,-39.51,0,0
31942845436,-37.335,0,0
31964840697,-20.597,0,0
31964840710,-25.208,0,0
32081963812,-20.471,0,0
32081963827,-20.98,0,0
32475322377,-13.469,0,0
32475322382,-9.005,0,0
32475322388,-34.985,0,0
32475322394,-29.984,0,0
32475322425,-204.172,0,0
32584892552,-204.172,0,0
32584892565,-35.561,0,0
32584892574,-23.603,0,0
32800401972,-14.457,0,0
32800401979,9.16399999999999,0,0
32800401994,-30.006,0,0
32919000128,-151.613,0,0
32919000143,-52.663,0,0
32983659901,15.593,0,0
32983659921,-20.521,0,0
33235481216,-15.47,0,0
33605702452,-23.079,0,0
33605702454,-2.12299999999999,0,0
33605702467,-13.288,0,0
33605702543,-10.276,0,0
37214693723,-19.1016,0,0
37214693732,-37.7975,0,0
37298815527,-11.7459,0,0
37298815535,-3.1616,0,0
37298815551,-6.5435,0,0
37298815570,-18.7111,0,0
37720581071,-63.5729,0,0
37720581092,-11.3534,0,0
38684983651,9.77600000000001,0,0
38684983653,-258.992,0,0
38684983656,-58.57,0,0
38684983658,-57.148,0,0
38684983660,-3.96699999999998,0,0
38684983662,21.216,0,0
38947721378,-68.371,0,0
38947721384,-43.198,0,0
40093403703,-87.233,0,0
40093403704,-53.091,0,0
40093403706,-45.998,0,0
40093403766,-13.643,0,0
40093403862,-64.895,0,0
40093403950,-26.876,0,0
31609544295,-4.6704,0,0
31627331001,-24.2108,0,0
31627331014,18.1435,0,0
31627331103,-12.312,0,0
31679748631,-17.0922,0,0
31679748642,-19.1851,0,0
31741610596,-22.0856,0,0
31741610618,-32.274,0,0
31964840670,-65.357,0,0
31964840676,-10.35,0,0
31964840682,-54.335,0,0
31964840688,-18.835,0,0
31964840698,-13.305,0,0
31964840711,-24.848,0,0
32081963813,-29.345,0,0
32081963828,-38.161,0,0
32119809208,10.028,0,0
32119809214,-56.101,0,0
32334264381,-23.525,0,0
32334264388,-209.533,0,0
32475322409,56.521,0,0
32475322426,-23.542,0,0
32584892553,-23.542,0,0
32800401961,22.35,0,0
32800401964,-31.55,0,0
32800401967,-36.46,0,0
32800401973,-122.25,0,0
32800401980,-35.57,0,0
32800401995,36.28,0,0
33152329382,-125.41,0,0
33152329385,-25.42,0,0
33152329389,-142.53,0,0
33152329398,11.78,0,0
33394994062,-11.2,0,0
33394994123,-54.11,0,0
33605702468,-34.8,0,0
33605702544,-29.85,0,0
37298815517,-17.8537,0,0
37298815522,-16.8537,0,0
37298815528,-8.8833,0,0
37298815536,-20.312,0,0
37298815552,-41.7869,0,0
37298815571,-9.1041,0,0
38584036352,-30.1402,0,0
38584036354,69.9878,0,0
38584036355,-37.7993,0,0
38584036356,-7.2844,0,0
38584036357,-40.3328,0,0
38584036359,-128.267,0,0
40496271175,-28.694,0,0
40496271176,-55.547,0,0
40496271178,-18.71,0,0
40496271181,-31.82,0,0
40496271187,-44.23,0,0
40093403767,-33.75,0,0
40093403863,-18.81,0,0
31627330982,-15.9441,0,0
31679748617,-21.312,0,0
31679748621,-21.5698,0,0
31627331019,-1.3737,0,0
31741610564,-17.362,0,0
31741610572,-13.3218,0,0
31741610584,-12.4337,0,0
31741610607,-6.312,0,0
31741610621,-20.312,0,0
31964840673,-21.22,0,0
31964840680,-21.4,0,0
31964840684,-13.671,0,0
31964840692,-240.08,0,0
31964840704,-20.56,0,0
31964840717,-2.92599999999999,0,0
32081963819,-6.19999999999999,0,0
32081963838,-21.463,0,0
32119809211,-21.529,0,0
32119809216,-37.994,0,0
32475322391,-38.843,0,0
32475322401,-5.167,0,0
32475322418,-39.748,0,0
32475322435,-40.17,0,0
32714221233,-40.17,0,0
32714221238,-20.294,0,0
32714221242,-2.59399999999999,0,0
32714221266,2.71600000000001,0,0
32714221285,-41.304,0,0
32800401984,3.61600000000001,0,0
32800401999,-27.103,0,0
32864097822,-27.269,0,0
32864097828,-22.359,0,0
33394994036,15.501,0,0
33394994039,-10.1,0,0
33394994064,-23.992,0,0
33394994125,-19.792,0,0
33605702471,-38.308,0,0
33605702547,-54.445,0,0
37298815518,-7.2568,0,0
37298815523,-32.3245,0,0
37298815529,-15.5283,0,0
37298815539,-5.5164,0,0
37298815557,-4.1188,0,0
37298815575,3.6755,0,0
37973688443,-14.8939,0,0
37973688444,-15.1958,0,0
38530543061,-5.2483,0,0
38530543064,47.957,0,0
38530543066,-192.531,0,0
38530543069,-12.924,0,0
38530543072,4.77000000000001,0,0
38584036358,-34.859,0,0
38584036360,-40.589,0,0
31665695523,-38.7268,0,0
31665695528,115.2058,0,0
31665695536,-24.5841,0,0
31665695545,-41.8743,0,0
31665695555,-82.6531,0,0
31665695595,2.3176,0,0
31741610609,-29.7153,0,0
31838357947,-23.2613,0,0
31838357969,-10.006,0,0
31864009018,-15.979,0,0
31864009027,-9.74200000000002,0,0
31940985894,-103.111,0,0
31940985909,-15.825,0,0
32035472732,-19.89,0,0
32035472742,-34.462,0,0
32119809205,-13.6235,0,0
32119809217,2.348,0,0
32334264391,-13.2982,0,0
32475322419,-25.1866,0,0
32475322436,-22.1304,0,0
31609550516,-9.8501,0,0
31609550528,13.7389,0,0
31609550575,-26.2757,0,0
31609550783,-12.1251,0,0
31665695552,-15.8405,0,0
31665695592,3.9368,0,0
31741610578,-13.1242,0,0
31741610600,-16.732,0,0
31838357939,141.8,0,0
31838357962,31.225,0,0
31864009014,-236.708,0,0
31864009023,-75.924,0,0
31940985889,-32.059,0,0
31940985904,-23.59,0,0
32081963804,12.032,0,0
32081963830,0.754999999999995,0,0
32475322378,-269.955,0,0
32475322383,-42.327,0,0
32505982280,83.567,0,0
32505982283,-50.279,0,0
32505982285,-9.834,0,0
32505982291,-260.029,0,0
32505982301,-4.19400000000002,0,0
32505982441,-13.194,0,0
32772191061,-47.762,0,0
32772191067,16.268,0,0
31609550517,-30.0949,0,0
31609550529,-29.4291,0,0
31609550576,-23.4309,0,0
31609550784,-15.6652,0,0
31741610562,13.8218,0,0
31741610568,-11.5424,0,0
31741610579,-18.5201,0,0
31741610601,-10.8237,0,0
31838357940,-21.6186,0,0
31838357963,-22.972,0,0
31940985879,-21.027,0,0
31940985883,-22.31,0,0
31940985890,-83.191,0,0
31940985905,-9.58,0,0
32035472728,-17.71,0,0
32035472738,-33.68,0,0
32277208435,0.120000000000001,0,0
32277208438,-30.18,0,0
32277208444,-20.13,0,0
32277208455,-11.44,0,0
32371920119,-28.39,0,0
32371920121,-25.95,0,0
32584892555,-22.43,0,0
32661871227,-13.16,0,0
32661871230,-51.82,0,0
31609550518,6.4258,0,0
31609550530,-13.6285,0,0
31609550577,-18.5186,0,0
31609550785,-14.1137,0,0
31741610563,-33.3441,0,0
31741610580,-0.6373,0,0
31741610602,3.8147,0,0
31838357941,-27.1453,0,0
31838357964,-12.945,0,0
31964840677,-45.48,0,0
31964840689,-65.997,0,0
31964840699,-68.862,0,0
31964840712,-18.513,0,0
32081963814,-40.644,0,0
32081963831,-20.49,0,0
32119809210,-30.59,0,0
32119809215,-15.68,0,0
32475322389,-42.57,0,0
32475322396,-24.54,0,0
32475322411,1.39,0,0
32475322428,-10.66,0,0
32505982292,-10.66,0,0
32505982442,33.4,0,0
32824260877,-7.608,0,0
32824260883,-80.141,0,0
32824260897,-36.517,0,0
32824260902,-5.86500000000001,0,0
32824260913,-58.33,0,0
32919000134,-97.943,0,0
32919000145,-35,0,0
32983659902,-18.81,0,0
32983659922,-10.968,0,0
33152329386,-10.358,0,0
33152329400,-38.281,0,0
33394994063,-253.122,0,0
33394994124,-18.793,0,0
33605702469,-23.849,0,0
33605702545,-8.02199999999999,0,0
37214693724,-8.94300000000001,0,0
37214693733,-25.807,0,0
37260946565,-12.668,0,0
37298815553,-24.642,0,0
37392449412,-22.943,0,0
37392449437,0.915999999999997,0,0
38947721355,-27.698,0,0
38947721361,-12.332,0,0
38947721367,-5.577,0,0
38947721372,-13.68,0,0
38947721379,-26.54,0,0
31609550519,53.6633,0,0
31609550531,28.6781,0,0
31609550578,1.4465,0,0
31609550786,1.1159,0,0
31838357923,-41.7703,0,0
31838357928,-10.376,0,0
31838357932,-7.517,0,0
31838357942,-34.485,0,0
31838357965,12.395,0,0
31864009015,-32.35,0,0
31864009024,-36.657,0,0
31940985891,-103.961,0,0
31940985906,-30.175,0,0
32035472729,-21.048,0,0
32035472739,-45.323,0,0
32081963832,-8.09699999999998,0,0
32081963847,-23.528,0,0
32277208445,-23.343,0,0
32277208456,-23.411,0,0
32475322397,-27.319,0,0
32475322412,-1.26299999999998,0,0
32475322429,-29.219,0,0
32475322441,-21.599,0,0
32800401962,-4.45999999999998,0,0
32800401965,-22.14,0,0
32800401969,-9.53999999999999,0,0
32800401975,-41.14,0,0
32800401982,-30.92,0,0
32800401997,-9.52000000000001,0,0
33244585591,-32.48,0,0
33244585593,-34.239,0,0
33244585595,-25.212,0,0
33244585604,-28.844,0,0
37214693710,-24.061,0,0
37214693712,-39.107,0,0
37214693725,-23.5966,0,0
37260946535,-2.94,0,0
37260946551,75.9749,0,0
37298815537,-4.8777,0,0
37298815554,-14.3626,0,0
37298815573,-68.3824,0,0
37298815588,-82.1333,0,0
37720581065,-24.4118,0,0
37720581068,-33.666,0,0
37720581072,-33.486,0,0
37720581093,-22.1041,0,0
38947721357,-10.955,0,0
38947721362,-24.912,0,0
38947721368,-13.7,0,0
38947721373,-16.952,0,0
38947721380,-44.193,0,0
38947721385,-194.293,0,0
39576929254,-40.801,0,0
39576929255,-21.156,0,0
39576929257,-21.974,0,0
39576929286,-23.249,0,0
39748979502,-34.161,0,0
39748979547,-27.104,0,0
40093403864,-23.804,0,0
40093403951,-24.179,0,0
31627330984,-14.9244,0,0
31627330994,-41.9869,0,0
31627331021,-14.135,0,0
31627331109,-36.765,0,0
31679748636,-15.293,0,0
31679748646,-26.435,0,0
31838357933,-22.566,0,0
31942845425,-18.212,0,0
31942845429,-23.108,0,0
31964840685,0.587999999999994,0,0
31964840693,-214.169,0,0
31964840706,-5.28800000000001,0,0
31964840719,-9.44499999999999,0,0
31609550520,-17.66,0,0
31609550532,-21.86,0,0
31609550579,-19.9021,0,0
31609550787,72.2135,0,0
31665695553,-13.7391,0,0
31665695593,-30.9139,0,0
31741610581,-28.3554,0,0
31741610603,-0.942000000000007,0,0
31838357943,-35.153,0,0
31838357966,-1.53200000000001,0,0
31864009016,-3.78800000000001,0,0
31864009025,-31.546,0,0
31940985892,-23.126,0,0
31940985907,-52.179,0,0
32035472730,-59.327,0,0
32035472740,-28.02,0,0
32277208436,45.03,0,0
32277208446,-37.07,0,0
32277208457,23.9,0,0
32475322398,-64.099,0,0
32475322413,-4.28100000000001,0,0
32475322430,-51.595,0,0
32772191053,-51.595,0,0
32475322442,-40.497,0,0
32772191055,-40.497,0,0
32772191057,6.35399999999998,0,0
32772191058,-142.561,0,0
32824260898,-8.48399999999998,0,0
32824260903,-11.807,0,0
32824260914,-44.858,0,0
31665695524,-5.66,0,0
31665695529,-14.8543,0,0
31665695537,-25.7943,0,0
31665695546,-34.66,0,0
31665695556,-32.8186,0,0
31665695596,65.34,0,0
31741610586,-13.8623,0,0
31741610610,5.16,0,0
31838357970,-37.636,0,0
31940985884,-7.684,0,0
31940985895,-35.283,0,0
31940985910,-22.908,0,0
32035472733,2.33099999999999,0,0
32035472743,-17.625,0,0
32081963840,-14.989,0,0
32081963849,-18.349,0,0
32475322386,-13.189,0,0
32475322392,-22.463,0,0
32475322402,-15.914,0,0
32475322437,-20.097,0,0
32772191054,-20.097,0,0
32475322444,-9.56,0,0
32772191056,-9.56,0,0
32584892569,-28.6,0,0
32584892576,-182.45,0,0
32772191059,-1.59,0,0
32800401985,-31.13,0,0
32800402000,-30.12,0,0
31609550521,-27.66,0,0
31609550533,-26.66,0,0
31609550580,-23.66,0,0
31609550788,27.34,0,0
31665695554,-3.8,0,0
31665695594,-13.66,0,0
31741610582,-19.66,0,0
31741610604,-14.66,0,0
31838357944,-9.66,0,0
31838357967,-11.576,0,0
31864009017,-1.5659,0,0
31864009026,-13.8602,0,0
31940985893,17.071,0,0
31940985908,-6.3072,0,0
32035472731,-12.2072,0,0
32035472741,-8.9259,0,0
32081963833,11.0534,0,0
32081963848,-33.236,0,0
32277208447,-0.183000000000007,0,0
32277208458,-12.15,0,0
32475322399,-22.256,0,0
32475322414,5.27300000000002,0,0
32475322431,-22.584,0,0
32584892556,-22.584,0,0
32475322443,-36.003,0,0
32584892562,-36.003,0,0
32714221237,-14.58,0,0
32714221241,-16.427,0,0
32800401970,-19.858,0,0
32800401976,12.26,0,0
32800401983,-29.402,0,0
32800401998,-78.018,0,0
33061959236,-24.083,0,0
33061959239,-27.063,0,0
33061959241,-75.928,0,0
33061959244,-5.26999999999998,0,0
33061959248,-105.407,0,0
33152329391,-32.241,0,0
33152329401,-39.489,0,0
37260946503,-20.58,0,0
37260946506,-22.149,0,0
37260946525,-5.3728,0,0
37260946536,-3.2147,0,0
37260946552,-32.1263,0,0
37298815574,-166.2775,0,0
38530543063,-85.8553,0,0
38530543065,-18.0513,0,0
38530543068,-42.3913,0,0
38530543071,-12.2648,0,0
38947721363,-144.205,0,0
38947721369,-14.638,0,0
38947721374,-22.803,0,0
38947721381,-29.08,0,0
39748979479,-11.17,0,0
39748979480,2.31,0,0
39748979482,-26.95,0,0
39748979484,-38.38,0,0
40496240352,-22.69,0,0
40496240354,-27.06,0,0
40496240360,-35.14,0,0
40496240405,-29.97,0,0
31665695525,-16.8754,0,0
31665695547,-19.8545,0,0
31741610565,-20.8824,0,0
31741610573,-14.8354,0,0
31741610587,-29.9075,0,0
31741610611,-10.8674,0,0
31838357949,-14.944,0,0
31838357971,-26.8565,0,0
31609550522,-16.66,0,0
31609550534,5.1622,0,0
31665695535,-22.66,0,0
31665695544,-18.044,0,0
31838357924,-27.164,0,0
31838357945,-52.242,0,0
31838357968,-10.944,0,0
31297236730,-43.5216,0,0
31297236734,-29.8517,0,0
31297236756,24.3863,0,0
31297236761,54.4384,0,0
31297236767,-1.2298,0,0
31297236782,-1.0666,0,0
31297236787,-30.9917,0,0
31297236792,-69.2832,0,0
31297236806,-36.2924,0,0
32021096759,2.4042,0,0
32021096763,10.4172,0,0
32021096776,-38.2724,0,0
32021096784,-22.531,0,0
32021096796,-7.9696,0,0
32021096803,-26.9239,0,0
32021096833,-34.9531,0,0
32021096869,-124.9397,0,0
32021096924,-17.7048,0,0
32021097001,-39.9161,0,0
32021097033,-29.9322,0,0
32021127598,-22.0355,0,0
32021127605,-15.0271,0,0
32021127616,14.6247,0,0
32021127665,-20.5178,0,0
31467046497,-16.5079,0,0
31467046512,-13.7864,0,0
31467046527,-19.8662,0,0
31467046571,-12.5284,0,0
31467046585,-22.5684,0,0
31467046596,12.5622,0,0
31467046638,-33.4578,0,0
31467046665,-5.5703,0,0
31467046705,-22.41,0,0
31467046719,-45.5154,0,0
31467046732,-20.5638,0,0
31467046775,-15.6084,0,0
31467046804,-21.5198,0,0
31467046845,7.296,0,0
31467046858,-19.6578,0,0
31467046872,-19.4578,0,0
31467046895,-18.7074,0,0
31609544304,-37.6932,0,0
31609544312,-11.7031,0,0
31609544356,-8.7936,0,0
31609544383,-0.948,0,0
31609544436,-38.5693,0,0
31467046498,-44.2866,0,0
31467046513,-9.445,0,0
31467046528,-15.8141,0,0
31467046572,-6.4612,0,0
31467046639,-24.405,0,0
31467046654,-35.4434,0,0
31467046706,-10.3964,0,0
31467046720,-81.4047,0,0
31467046733,-27.2038,0,0
31467046776,-0.482500000000002,0,0
31467046791,-53.5217,0,0
31467046805,-231.0385,0,0
31609544305,-21.5605,0,0
31609544313,22.641,0,0
31609544357,-39.1697,0,0
31609544384,-0.408300000000001,0,0
31609544423,-18.5989,0,0
31609544437,59.3358,0,0
31609544451,-34.5672,0,0
31609544490,-28.3937,0,0
31609544503,-4.9749,0,0
31609544516,-13.9149,0,0
31609544553,-28.2078,0,0
31609544566,-3.3665,0,0
31609550538,-12.4398,0,0
31609550558,-16.217,0,0
31609550583,-9.1749,0,0
31609550596,-24.0141,0,0
31609550635,-23.2006,0,0
31609550648,15.9802,0,0
31609550660,-23.2278,0,0
31609550699,-2.3856,0,0
31609550711,-17.4256,0,0
31609550722,-21.2253,0,0
31609550758,-9.3916,0,0
31609550770,-11.1253,0,0
31609550789,-20.137,0,0
31627331028,-13.7663,0,0
31627331043,-18.9389,0,0
32021096854,-16.6752,0,0
32021096872,-7.7305,0,0
32021097020,-22.5952,0,0
31297236731,-11.0534,0,0
31297236735,-22.0459,0,0
31297236741,-36.8798,0,0
31297236757,-23.6738,0,0
31297236762,-25.7057,0,0
31297236768,-24.2508,0,0
31297236783,-18.8657,0,0
31297236788,-14.9057,0,0
31297236793,-19.9057,0,0
31297236807,-45.0924,0,0
32021096760,-43.9174,0,0
32021096764,-22.2734,0,0
32021096777,-17.8506,0,0
32021096782,-21.9334,0,0
32021096785,-15.9059,0,0
32021096797,-25.8906,0,0
32021096804,-12.0259,0,0
32021096836,-1.0843,0,0
32021096855,-16.1885,0,0
32021096873,-17.4344,0,0
32021096925,-18.3495,0,0
32021096941,-10.3495,0,0
32021096955,-22.1658,0,0
32021097004,-29.277,0,0
32021097021,-21.497,0,0
32021097036,-16.277,0,0
32021127601,-23.1885,0,0
32021127607,107.8567,0,0
32021127618,-26.1661,0,0
32021127667,-15.9859,0,0
32021127684,-14.0259,0,0
32021127701,-2.0924,0,0
31297236732,-26.2106,0,0
31297236736,-21.2106,0,0
31297236742,-18.1578,0,0
31297236758,-28.1341,0,0
31297236763,-18.2072,0,0
31297236769,-24.1528,0,0
31297236784,-19.1396,0,0
31297236789,-15.2141,0,0
31297236794,-23.2141,0,0
31297236808,-26.1196,0,0
32021096761,-24.174,0,0
32021096765,-14.174,0,0
32021096778,-21.1672,0,0
32021096783,1.7727,0,0
32021096786,-19.1672,0,0
32021096798,-21.2141,0,0
32021096801,-21.1528,0,0
32021096805,-13.2184,0,0
32021096837,-22.2272,0,0
32021096856,-15.1672,0,0
32021096874,-19.1672,0,0
32021096926,-24.0248,0,0
32021096942,-36.0527,0,0
32021096956,-21.8624,0,0
32021097037,0.0220999999999982,0,0
32021097078,-5.7412,0,0
32021127608,48.1962,0,0
32021127619,-33.7713,0,0
32021127668,-14.996,0,0
32021127685,65.1286,0,0
32021127702,-25.9036,0,0
31467046499,-17.9619,0,0
31467046514,-18.9777,0,0
31467046529,4.2887,0,0
31467046573,-3.9805,0,0
31467046598,-5.979,0,0
31467046640,-23.16,0,0
31467046655,2,0,0
31467046667,-56,0,0
31467046707,-6.4766,0,0
31467046721,-52.9805,0,0
31467046734,-71.992,0,0
31467046777,-16.9581,0,0
31467046792,2.0989,0,0
31467046806,-24.8811,0,0
31467046846,-19.8515,0,0
31467046859,-16.0713,0,0
31609544314,-24.4005,0,0
31609544358,-7.9642,0,0
31609544372,-19.0039,0,0
31609544385,-27.2439,0,0
31609544424,-6.6412,0,0
31609544438,-7.0732,0,0
31609544491,-26.5921,0,0
31609544504,-10.6103,0,0
31609544517,4.4479,0,0
31609544554,-14.85,0,0
31609544567,-21.89,0,0
31609544579,-18.04,0,0
31227979355,-23.6094,0,0
31227979357,-30.5094,0,0
31227979359,-3.5091,0,0
31227979364,-22.1724,0,0
31261648909,-24.0188,0,0
31261648911,-21.1124,0,0
31261648917,-12.0304,0,0
31261648920,-5.0704,0,0
31261648922,-19.1676,0,0
31261648928,-15.1724,0,0
31261648930,-17.1633,0,0
31261648932,-40.982,0,0
31261648938,-25.042,0,0
31261648940,-25.1002,0,0
31261648942,-21.0115,0,0
31261648948,-24.022,0,0
31261648950,-18.042,0,0
31261648952,-16.022,0,0
31261648958,-17.0876,0,0
31261648967,-22.4206,0,0
31261648969,-16.1265,0,0
31261648973,-18.6073,0,0
31261648975,-9.9241,0,0
31261648978,0.592700000000001,0,0
31261648980,-43.4469,0,0
31261648983,-20.961,0,0
31261648985,11.5757,0,0
31261648988,-20.0265,0,0
31261648989,-37.0404,0,0
31261648990,-17.4313,0,0
31261648992,-37.1487,0,0
31261648995,-5.0265,0,0
31270573889,-28.9631,0,0
31270573890,-24.0687,0,0
31270573893,-18.2894,0,0
31270573895,-23.8007,0,0
31270573899,-40.781,0,0
31297236737,-14.0038,0,0
31297236764,18.9997,0,0
31297236795,-26.0403,0,0
32021096762,-70.5389,0,0
32021096766,-6.9461,0,0
31467046500,-15.5264,0,0
31467046515,-91.3735,0,0
31467046530,62.5195,0,0
31467046574,30.4802,0,0
31467046588,-3.5697,0,0
31467046599,60.6048,0,0
31467046641,-47.5202,0,0
31467046668,-6.5533,0,0
31467046708,-22.527,0,0
31467046778,9.4043,0,0
31467046793,-16.5633,0,0
31467046807,-68.5175,0,0
31467046847,-3.604,0,0
31467046873,5.4967,0,0
31609544315,-23.708,0,0
31609544359,-24.7191,0,0
31609544373,-25.748,0,0
31609544386,8.2847,0,0
31609544425,-19.7153,0,0
31609544439,-20.7367,0,0
31609544452,-10.7146,0,0
31609544492,-21.3323,0,0
31609544505,-4.9548,0,0
31609544518,-16.4611,0,0
31609544568,-42.8818,0,0
31609550539,2.4273,0,0
31609550559,-17.6319,0,0
31609550584,24.3679,0,0
31609550649,11.932,0,0
31609550661,17.3243,0,0
31609550700,-11.728,0,0
31609550712,-11.7173,0,0
31609550723,-90.0754,0,0
31609550771,-27.0501,0,0
31609550790,-14.4603,0,0
31467046457,-8.4633,0,0
31467046501,-31.229,0,0
31467046516,-7.529,0,0
31467046589,-71.1186,0,0
31467046669,-25.2901,0,0
31467046779,-9.4109,0,0
31467046848,-6.4708,0,0
31467046861,-22.2544,0,0
31467046874,-82.1953,0,0
31609544316,25.6846,0,0
31609544360,-37.4589,0,0
31609544374,15.7754,0,0
31609544387,-57.468,0,0
31609544426,-44.0781,0,0
31609544453,-37.9846,0,0
31609544493,-19.4211,0,0
31609544506,9.6403,0,0
31609544519,-46.5242,0,0
31609544556,-18.9713,0,0
31609544569,-3.9513,0,0
31609550540,-40.5659,0,0
31609550560,-80.7253,0,0
31609550585,-7.8048,0,0
31609550598,-58.9874,0,0
31609550637,-13.8048,0,0
31609550650,-78.1162,0,0
31609550701,-17.875,0,0
31609550713,-29.031,0,0
31609550724,-21.654,0,0
31609550759,-24.2368,0,0
31609550772,-10.3332,0,0
31609550791,-24.4967,0,0
31609550817,-51.0837,0,0
31627331044,-10.1037,0,0
32021096840,-11.85,0,0
32021096859,-12.1691,0,0
32021096877,-25.5051,0,0
32021096929,-15.4242,0,0
32021096945,-13.9394,0,0
32021096959,-24.7691,0,0
32021097023,-41.9489,0,0
32021097040,-23.6116,0,0
32021127621,-1.6747,0,0
32021127671,-13.2954,0,0
32021127705,-27.9748,0,0
32021127731,-7.6111,0,0
31467046502,-21.7187,0,0
31467046517,-66.8084,0,0
31467046576,-39.4752,0,0
31467046590,-27.9716,0,0
31467046601,-36.6913,0,0
31467046670,-54.7987,0,0
31467046709,12.1516,0,0
31467046723,-34.9216,0,0
31467046736,-2.63,0,0
31467046780,-13.8032,0,0
31467046794,-20.65,0,0
31467046808,-16.9516,0,0
31467046849,-16.6514,0,0
31467046862,-13.6727,0,0
31467046875,-2.6796,0,0
31609544302,-55.8951,0,0
31609544317,-20.3634,0,0
31609544361,-32.4319,0,0
31609544375,-5.6229,0,0
31609544388,-34.5062,0,0
31609544427,-31.5398,0,0
31609544441,-14.6829,0,0
31609544454,-8.6231,0,0
31609544507,-3.6262,0,0
31609544520,-11.5062,0,0
31609544557,-9.6431,0,0
31609544570,10.3793,0,0
31609550541,-10.2939,0,0
31609544593,-13.6829,0,0
31609550586,-2.2743,0,0
31609550599,-18.2743,0,0
31609550663,-22.4521,0,0
31609550702,-14.1227,0,0
31609550714,-10.6514,0,0
31609550725,-38.1227,0,0
31609550760,-22.5807,0,0
31609550773,-9.4521,0,0
31609550792,-43.4527,0,0
31467046461,-34.5395,0,0
31467046466,-19.6233,0,0
31467046503,-17.4613,0,0
31467046518,-4.0712,0,0
31467046532,-8.1968,0,0
31467046577,-23.7633,0,0
31467046644,-14.3015,0,0
31467046658,-20.5512,0,0
31467046710,-60.9407,0,0
31467046724,-21.4069,0,0
31467046737,3.6985,0,0
31467046781,-36.5269,0,0
31467046795,1.7868,0,0
31467046809,-24.4869,0,0
31467046850,-18.6033,0,0
31467046863,-8.4869,0,0
31467046876,-10.1088,0,0
31609544318,-9.9532,0,0
31609544362,-16.7327,0,0
31609544376,-11.9224,0,0
31609544389,-37.0784,0,0
31609544428,-23.331,0,0
31609544442,-19.3614,0,0
31609544455,-22.291,0,0
31609544495,-11.524,0,0
31609544508,-21.4614,0,0
31609544521,-18.0127,0,0
31609544558,-11.5073,0,0
31609544571,-0.607800000000001,0,0
31609544580,-6.6082,0,0
31609550561,-17.4414,0,0
31609550587,-20.373,0,0
31609550600,-24.4766,0,0
31609550638,-14.4107,0,0
31609550651,-25.4111,0,0
31609550664,-0.870799999999999,0,0
31609550703,-19.4714,0,0
31609550715,-20.9413,0,0
31609550726,-14.2106,0,0
31609550761,-24.9213,0,0
31609550774,6.1249,0,0
31609550793,6.495,0,0
31609550818,-0.4758,0,0
31627331037,-16.7975,0,0
31627331045,-131.3727,0,0
31627331069,-23.4667,0,0
31627331076,-0.640499999999999,0,0
31627331082,-24.1965,0,0
31664904281,-38.6893,0,0
31664904288,-13.6323,0,0
31664904295,-22.3513,0,0
31664904316,-21.5669,0,0
31664904322,18.7185,0,0
31664904328,-12.3869,0,0
31664904347,-16.4346,0,0
31665695559,8.9759,0,0
31665695563,-24.5221,0,0
31665695579,-7.0241,0,0
31665695586,-25.5311,0,0
31665695597,-12.6633,0,0
31665695605,-0.899699999999999,0,0
31467046504,6.1555,0,0
31467046519,30.7793,0,0
31467046533,85.1674,0,0
31467046578,-45.1592,0,0
31467046591,-38.9085,0,0
31467046603,-13.6771,0,0
31467046645,18.7754,0,0
31467046659,-38.2071,0,0
31467046711,-26.1624,0,0
31467046725,-13.1822,0,0
31467046782,25.356,0,0
31467046796,15.8527,0,0
31467046810,29.8274,0,0
31467046851,-9.8846,0,0
31467046864,86.4701,0,0
31609544319,-43.8446,0,0
31609544363,-11.8313,0,0
31609544390,-1.7458,0,0
31609544429,-14.6858,0,0
31609544443,-23.6255,0,0
31609544456,-23.7331,0,0
31609544496,-24.6655,0,0
31609544509,-24.6855,0,0
31609544522,-20.6476,0,0
31609544559,-13.8574,0,0
31609544572,-11.6855,0,0
31609544581,-23.5578,0,0
31609550562,-31.7731,0,0
31609550588,5.4345,0,0
31609550601,-14.7585,0,0
31609550639,72.2742,0,0
31609550652,3.3345,0,0
31609550665,-50.7756,0,0
31609550704,-48.6058,0,0
31609550716,-11.4057,0,0
31609550727,1.2815,0,0
31609550762,-4.7185,0,0
31609550775,-11.7585,0,0
31609550794,-16.6058,0,0
31627331029,-21.6539,0,0
31627331038,0.0269000000000013,0,0
31627331046,-17.6855,0,0
31627331070,-41.682,0,0
31627331077,-29.4169,0,0
31627331083,-18.8374,0,0
31664904282,-8.7974,0,0
31664904289,76.0879,0,0
31664904296,-0.497,0,0
31664904317,-42.7805,0,0
31664904323,-11.6458,0,0
31664904329,-29.7585,0,0
31664904348,-41.7585,0,0
31664904354,-29.5257,0,0
31665695564,33.0885,0,0
31665695580,-15.6255,0,0
31665695587,-29.6181,0,0
31665695598,11.318,0,0
31665695606,-29.6255,0,0
31665695609,-56.6255,0,0
31467046467,6.7591,0,0
31467046505,-25.1608,0,0
31467046520,-12.8338,0,0
31467046534,14.9953,0,0
31467046579,51.0239,0,0
31467046604,-78.1689,0,0
31467046646,-15.8551,0,0
31467046660,-52.9551,0,0
31467046671,-10.1371,0,0
31467046712,-20.2295,0,0
31467046726,-53.3839,0,0
31467046738,-9.1798,0,0
31467046783,-18.3095,0,0
31467046797,-74.3123,0,0
31467046811,-14.2836,0,0
31467046852,12.1785,0,0
31467046865,-16.8559,0,0
31467046877,-6.8844,0,0
31609544300,0.779499999999999,0,0
31609544301,1.4695,0,0
31609544306,18.3557,0,0
31609544430,12.3674,0,0
31609544457,-67.67,0,0
31609544497,-18.65,0,0
31609544523,-40.6385,0,0
31609544560,-14.5606,0,0
31609550563,1.3615,0,0
31609550589,-26.5749,0,0
31609550602,-8.5942,0,0
31609550640,-51.7043,0,0
31609550653,-18.4749,0,0
31609550666,-26.6185,0,0
31627331022,-7.5804,0,0
31627331039,-8.5942,0,0
31297236738,-97.3487,0,0
31297236759,-39.3649,0,0
31297236765,-11.4472,0,0
31297236771,-29.0735,0,0
31297236785,-12.0575,0,0
31297236790,-7.4277,0,0
31227979356,-18.7045,0,0
31227979358,-15.6845,0,0
31227979360,-19.8412,0,0
31261648908,4.0198,0,0
31261648910,-5.9435,0,0
31261648912,-5.8734,0,0
31261648918,-14.9504,0,0
31261648921,-21.9904,0,0
31261648923,-29.9504,0,0
31261648929,-23.0786,0,0
31261648931,-24.9504,0,0
31261648933,1.9637,0,0
31261648939,-12.9963,0,0
31261648941,-21.9963,0,0
31261648943,-210.2616,0,0
31261648949,-19.004,0,0
31261648951,-20.1031,0,0
31261648953,-13.1439,0,0
31261648959,-29.0506,0,0
31261648961,-11.1673,0,0
31261648962,-19.1341,0,0
31261648968,-26.0794,0,0
31261648970,-32.0783,0,0
31261648971,-22.1245,0,0
31467046506,-20.1399,0,0
31467046521,35.4912,0,0
31467046535,39.237,0,0
31467046580,-40.624,0,0
31467046605,-24.8012,0,0
31467046647,-19.3208,0,0
31467046713,-31.7871,0,0
31467046727,-103.5971,0,0
31467046739,-52.1379,0,0
31467046784,-43.5671,0,0
31467046798,-32.5185,0,0
31467046812,17.8396,0,0
31467046853,22.1566,0,0
31609544307,-22.3186,0,0
31609544320,-17.2687,0,0
31609544365,21.1801,0,0
31609544377,3.8201,0,0
31609544391,-6.7871,0,0
31609544431,-26.3749,0,0
31609544445,-20.084,0,0
31609544458,-21.2964,0,0
31609544498,-15.0128,0,0
31609544510,-16.0624,0,0
31609544524,-10.2323,0,0
31609544561,-17.9799,0,0
31609544574,16.5621,0,0
31609544582,-6.9089,0,0
31609550564,-17.9627,0,0
31609550590,-9.8943,0,0
31609550603,-32.0494,0,0
31609550641,-18.6999,0,0
31609550654,-50.8283,0,0
31609550667,-24.624,0,0
31609550705,-0.0978999999999992,0,0
31609550717,10.507,0,0
31609550728,-23.2489,0,0
31609550763,-45.065,0,0
31609550776,-14.2474,0,0
31609550795,-24.3132,0,0
31627331031,-7.9709,0,0
31627331040,-23.255,0,0
31627331047,-26.9328,0,0
31627331071,7.9576,0,0
31627331078,12.0598,0,0
31627331084,-2.0128,0,0
31664904283,-7.8408,0,0
31664904290,5.9868,0,0
31664904297,-13.2674,0,0
31664904318,-1.2074,0,0
31664904324,-10.2474,0,0
31664904330,-23.175,0,0
31665695557,-13.7737,0,0
31664904355,17.925,0,0
31665695565,-39.095,0,0
31665695581,-32.9328,0,0
31297236733,-42.14,0,0
31297236739,-10.2846,0,0
31297236743,34.6339,0,0
31297236760,-26.288,0,0
31297236766,-2.2107,0,0
31297236772,9.9082,0,0
31297236786,-30.368,0,0
31297236791,-7.3221,0,0
31297236796,2.7823,0,0
31297236809,-32.22,0,0
32021096767,-23.3951,0,0
32021096779,-60.3242,0,0
32021096787,-15.1526,0,0
32021096799,-55.1581,0,0
32021096802,-16.2013,0,0
32021096806,23.2301,0,0
32021096846,-127.7598,0,0
32021096883,14.8361,0,0
32021096935,-68.7771,0,0
32021096965,-26.1671,0,0
32021097012,-33.1592,0,0
32021097028,-38.0867,0,0
32021097084,-47.1726,0,0
32021127627,-6.1439,0,0
32021127677,-19.1071,0,0
32021127694,15.3746,0,0
32021127710,-3.8244,0,0
31467046458,-19.9543,0,0
31467046468,-45.0082,0,0
31467046507,-11.7838,0,0
31467046522,-8.2038,0,0
31467046536,-11.8233,0,0
31467046592,-15.3006,0,0
31467046648,-15.6661,0,0
31467046662,0.129099999999994,0,0
31467046714,-19.3376,0,0
31467046728,6.6983,0,0
31467046740,26.1446,0,0
31467046785,-12.6403,0,0
31467046799,14.0628,0,0
31467046813,-18.9181,0,0
31467046854,-21.2074,0,0
31467046867,-18.1074,0,0
31467046878,-21.2032,0,0
31609544308,-28.8698,0,0
31609544321,-34.1414,0,0
31609544366,-69.8871,0,0
31609544378,-20.8984,0,0
31609544392,-12.4068,0,0
31609544432,7.238,0,0
31609544459,11.6456,0,0
31609544499,-19.0383,0,0
31609544511,-62.5862,0,0
31609544525,-70.0333,0,0
31609544562,-18.5087,0,0
31609544575,-35.6428,0,0
31609544583,14.353,0,0
31609550565,-34.3745,0,0
31609550591,-132.9759,0,0
31609550604,21.8394,0,0
31609550642,-29.6539,0,0
31609550655,-10.3979,0,0
31609550668,-50.7219,0,0
31609550706,-50.5939,0,0
31609550718,-7.1333,0,0
31467046459,11.1076,0,0
31467046469,-31.4227,0,0
31467046508,14.1076,0,0
31467046537,-20.2036,0,0
31467046581,-9.8363,0,0
31467046606,-13.1573,0,0
31467046649,-41.4978,0,0
31467046672,-43.2373,0,0
31467046715,-25.2724,0,0
31467046741,-24.0363,0,0
31467046786,-52.1417,0,0
31467046800,-33.4556,0,0
31467046814,0.598400000000002,0,0
31467046855,-10.4761,0,0
31467046868,52,0,0
31609544322,-26.5207,0,0
31609544367,-68.8401,0,0
31609544393,-85.2318,0,0
31609544563,17.3688,0,0
31609544576,-11.7571,0,0
31609544584,-8.6978,0,0
31609550566,-32.8059,0,0
31609550605,-17.9891,0,0
31609550643,8.2226,0,0
31609550656,59.6743,0,0
31609550669,-94.6365,0,0
31609550729,-21.0439,0,0
31609550764,-79.0922,0,0
31609550777,-1.2097,0,0
31627331032,-52.847,0,0
31627331041,-65.636,0,0
31627331048,-22.7542,0,0
31627331079,24.6753,0,0
31664904284,-18.6748,0,0
31664904291,11.2675,0,0
31664904298,-23.6312,0,0
31664904319,-25.5276,0,0
31664904325,-46.558,0,0
31664904349,5.77799999999999,0,0
32021127734,-11.9125,0,0
31467046462,-11.9342,0,0
31467046470,-6.5385,0,0
31467046509,-14.7837,0,0
31467046538,-22.3533,0,0
31467046582,-16.6895,0,0
31467046607,-10.6721,0,0
31467046650,-22.8769,0,0
31467046673,-23.2918,0,0
31467046716,-26.1726,0,0
31467046729,3.6844,0,0
31467046742,-12.4911,0,0
31467046787,-19.3546,0,0
31467046801,-60.8128,0,0
31467046815,-1.0384,0,0
31467046856,-7.8116,0,0
31467046869,-5.8525,0,0
31609544309,4.878,0,0
31609544323,-27.2829,0,0
31609544368,-50.084,0,0
31609544379,-0.874400000000001,0,0
31609544394,-31.9159,0,0
31609544433,76.3816,0,0
31609544448,-11.4645,0,0
31609544460,-38.5133,0,0
31609544500,-9.4092,0,0
31609544513,-1.5045,0,0
31609544526,-1.5979,0,0
31609544564,10.5308,0,0
31609544577,-13.309,0,0
31609544585,-25.4184,0,0
31609550567,0.530799999999999,0,0
31609550593,-137.9746,0,0
31609550606,-32.3809,0,0
31609550644,-34.4282,0,0
31609550657,-14.4979,0,0
31609550670,-84.4271,0,0
31609550708,-20.5179,0,0
31609550719,11.452,0,0
31609550730,-42.8689,0,0
31609550765,-3.6737,0,0
31609550778,-31.7935,0,0
31609550797,-30.3546,0,0
31627331033,-69.8943,0,0
31627331049,-13.8664,0,0
31627331073,-17.3809,0,0
31627331085,-86.629,0,0
31664904285,-16.4271,0,0
31664904292,-52.4979,0,0
31664904299,-80.4872,0,0
31664904326,12.4651,0,0
31664904350,35.3495,0,0
31665695566,4.3793,0,0
31665695582,9.4395,0,0
31665695588,-22.4984,0,0
31665695599,-25.6207,0,0
31665695610,-27.3652,0,0
31665695611,-12.6077,0,0
31467046471,-24.0349,0,0
31467046510,-32.0169,0,0
31467046525,-5.9232,0,0
31467046539,-96.4842,0,0
31467046595,-26.9676,0,0
31467046651,-45.0427,0,0
31467046717,-3.8792,0,0
31467046730,-21.9655,0,0
31467046788,-23.5616,0,0
31467046802,-10.777,0,0
31467046816,4.4849,0,0
31467046870,-4.917,0,0
31609544310,-66.7545,0,0
31609544324,-37.2048,0,0
31609544369,-29.1248,0,0
31609544395,-37.1949,0,0
31609544434,-20.0909,0,0
31609544449,-30.8256,0,0
31609544461,13.8552,0,0
31609544501,-12.876,0,0
31609544514,1.9773,0,0
31609550568,-15.0227,0,0
31609550594,-26.0745,0,0
31609550607,-12.9429,0,0
31609550645,-43.0234,0,0
31609550658,-13.8585,0,0
31609550671,-9.8629,0,0
31609550720,-27.9197,0,0
31609550731,-5.9029,0,0
31609550779,-7.0187,0,0
31609550798,20.7646,0,0
31609550819,-6.5279,0,0
31627331050,-10.0969,0,0
31664904275,-5.7486,0,0
31664904276,-27.8029,0,0
31664904286,-100.516,0,0
31664904293,-20.8385,0,0
31664904300,-28.0349,0,0
31664904320,-32.8587,0,0
31664904331,-19.7276,0,0
31664904351,7.0015,0,0
31665695561,-33.8441,0,0
31665695567,-9.8585,0,0
32021127735,-34.71,0,0
31467046463,-38.7335,0,0
31467046472,-16.7326,0,0
31467046511,-10.4017,0,0
31467046526,-24.0225,0,0
31467046540,-17.6491,0,0
31467046584,-2.7964,0,0
31467046608,31.1373,0,0
31467046652,-13.0899,0,0
31467046664,-13.9022,0,0
31467046674,-13.8667,0,0
31467046718,5.3697,0,0
31467046731,-47.3424,0,0
31467046789,-13.9425,0,0
31467046803,61.4834,0,0
31467046817,-0.609100000000002,0,0
31609544325,6.2976,0,0
31609544370,-23.4634,0,0
31609544381,11.2429,0,0
31609544396,-67.7809,0,0
31609544450,-20.9186,0,0
31609544462,-32.6899,0,0
31609544502,-31.7197,0,0
31609544515,-17.3731,0,0
31609544527,-58.6985,0,0
31609544565,56.3077,0,0
31609544578,-34.6782,0,0
31609544586,-7.6371,0,0
31609550569,10.4892,0,0
31609550595,7.5823,0,0
31609550608,8.2797,0,0
31609550646,-53.4577,0,0
31609550659,-116.5489,0,0
31609550672,-23.5135,0,0
31609550710,-14.5335,0,0
31609550721,-4.5172,0,0
31609550732,-53.5702,0,0
31609550767,-43.7232,0,0
31627331008,-28.5206,0,0
31609550799,-15.6083,0,0
31627331034,-38.5372,0,0
31627331042,-19.6483,0,0
31627331051,-13.6182,0,0
31627331075,4.3922,0,0
31627331081,-16.4916,0,0
31627331086,-8.4935,0,0
31664904287,-32.1778,0,0
31664904294,3.2997,0,0
31664904301,-14.5782,0,0
31664904321,30.4231,0,0
31664904327,-7.5782,0,0
31664904332,-50.5135,0,0
31664904352,-1.6832,0,0
31664904356,-14.5335,0,0
31665695568,46.5435,0,0
31665695583,-32.5206,0,0
31665695589,-27.5206,0,0
31665695600,-28.4177,0,0
31679748618,-16.281,0,0
31679748622,-22.0726,0,0
31679748624,33.719,0,0
31679748627,-24.66,0,0
31679748637,-10.66,0,0
31679748647,-18.66,0,0
31741610612,-18.66,0,0
31741610623,-22.66,0,0
37449098965,-13.9464,0,0
37449099014,-8.0563,0,0
37449099057,-52.6881,0,0
37498773866,-9.4535,0,0
37498773953,-24.0586,0,0
37498773967,19.7451,0,0
37498774029,-19.7918,0,0
37498774043,-70.4476,0,0
37498774055,12.4924,0,0
37533441192,-11.5231,0,0
37533441200,-60.0206,0,0
37533441207,-35.5858,0,0
37533441246,-14.0462,0,0
37533441258,-31.0462,0,0
37533441270,-29.5723,0,0
37533441310,-20.0606,0,0
37575912424,-39.0031,0,0
37575912425,-20.0064,0,0
37575912447,-24.9864,0,0
37575912469,17.9594,0,0
37575912511,-12.5734,0,0
37575912524,-7.7928,0,0
37575912536,-4.9932,0,0
37575912574,-3.2363,0,0
37575912586,-27.6864,0,0
37575912597,-7.9878,0,0
37575912630,-32.9959,0,0
37635720530,-42.5057,0,0
37635720584,-66.5005,0,0
37635720600,-10.4657,0,0
37635720616,58.7257,0,0
37635720678,0.179099999999998,0,0
37635720725,-23.8409,0,0
37635720741,-19.8238,0,0
37635720798,-10.1257,0,0
37720581101,-44.2386,0,0
37720581254,-37.0118,0,0
37720581271,-121.0249,0,0
37720581286,17.3659,0,0
37720581337,-58.6986,0,0
37720581421,7.4701,0,0
37720581438,-31.4827,0,0
37720581455,-10.6358,0,0
37720581505,-17.8458,0,0
37720581520,-39.0478,0,0
37720581535,-12.0963,0,0
37720581582,-17.6958,0,0
37720581595,-2.5479,0,0
37720581612,-38.6832,0,0
37817259675,-37.4627,0,0
37817259689,115.4033,0,0
37817259761,19.0642,0,0
37817259800,8.4477,0,0
37817259813,-36.8829,0,0
37817259823,-1.8871,0,0
37817259855,52.3736,0,0
37817259879,-6.4127,0,0
37817259914,-31.457,0,0
37817259935,41.4562,0,0
37817259945,-29.6886,0,0
37449098950,-107.7551,0,0
37449098958,-41.0343,0,0
37449098966,-44.1431,0,0
37449098999,-13.3485,0,0
37449099007,-15.6549,0,0
37449099015,-22.2309,0,0
37449099058,-26.2699,0,0
37449099072,-23.4485,0,0
37498773889,3.8955,0,0
37498773954,-1.1264,0,0
37498773979,28.4562,0,0
37498774030,29.3238,0,0
37498774056,-19.4898,0,0
37498774096,-18.3885,0,0
37498774106,-69.792,0,0
37498774115,46.5328,0,0
37498774145,-35.4758,0,0
37533441259,10.3782,0,0
37533441311,-6.548,0,0
37533441323,-21.4682,0,0
37533441335,-24.528,0,0
37575912448,-39.5045,0,0
37575912459,-49.6705,0,0
37575912470,-31.5732,0,0
37575912512,56.7115,0,0
37575912525,-41.6453,0,0
37635720409,-46.5653,0,0
37635720438,-15.0061,0,0
37635720497,-12.2019,0,0
37635720514,-17.4473,0,0
37635720585,-27.7158,0,0
37635720601,-21.5501,0,0
37635720617,-17.6421,0,0
37635720655,-35.1489,0,0
37635720679,14.6984,0,0
37635720726,-103.9677,0,0
37635720742,-4.4453,0,0
37635720756,-18.7055,0,0
37720581086,-117.668,0,0
37720581102,-17.6183,0,0
37720581171,-89.426,0,0
37720581201,-29.2216,0,0
37720581255,9.3782,0,0
37720581272,-84.6086,0,0
37720581287,-17.6183,0,0
37720581338,-16.6108,0,0
37720581353,17.3654,0,0
37720581370,-20.544,0,0
37720581422,-32.744,0,0
37720581439,-0.525300000000001,0,0
37720581456,-79.9342,0,0
37720581521,-53.5237,0,0
37720581536,12.4145,0,0
37720581583,-33.5328,0,0
37720581613,-81.3656,0,0
37720581654,-28.2085,0,0
37817259690,38.3842,0,0
37817259704,8.3247,0,0
37817259762,-16.5364,0,0
37817259801,-38.6221,0,0
37817259814,20.4,0,0
37817259824,-17.579,0,0
37817259856,-35.5564,0,0
37817259880,28.3517,0,0
37449098951,-10.8598,0,0
37449098959,-15.8264,0,0
37449098967,8.9693,0,0
37449099000,-30.8906,0,0
37449099008,5.1602,0,0
37449099016,-15.9334,0,0
37449099063,-20.9082,0,0
37449099076,-4.8398,0,0
37449099086,-16.8198,0,0
37498773882,-24.0402,0,0
37498773893,11.9,0,0
37498773905,50.867,0,0
37498773959,-2.0926,0,0
37498773973,-6.1444,0,0
37498773983,-43.1214,0,0
37498774035,-28.1009,0,0
37498774048,-21.0926,0,0
37498774058,-8,0,0
37498774100,-23.1326,0,0
37498774110,-35.0257,0,0
37498774117,-32.0764,0,0
37498774142,31.749,0,0
37498774146,-46.0959,0,0
37533441209,-3.0757,0,0
37533441250,-33.9306,0,0
37533441263,4.1541,0,0
37533441315,-26.1326,0,0
37533441327,-2.1126,0,0
37533441339,-17.1,0,0
37575912451,-11.9303,0,0
37575912463,-16.9228,0,0
37575912516,-17.0428,0,0
37575912529,-7.0628,0,0
37575912541,-7.1645,0,0
37575912579,-18.0428,0,0
37575912590,-10.9059,0,0
37575912601,-16.9899,0,0
37635720412,-20.0307,0,0
37635720427,-31.0703,0,0
37635720442,-21.9015,0,0
37635720501,-34.8906,0,0
37635720518,-16.9934,0,0
37635720534,-33.9059,0,0
37635720589,-0.890599999999999,0,0
37635720605,-9.0259,0,0
37635720670,-10.156,0,0
37635720683,-19.1202,0,0
37635720730,21.9442,0,0
37635720746,-29.0132,0,0
37720581105,-13.4577,0,0
37720581175,-16.6335,0,0
37720581191,8.9641,0,0
37720581205,-15.6264,0,0
37720581259,50.7903,0,0
37720581274,21.9919,0,0
37720581291,-18.9076,0,0
37720581342,-16.8056,0,0
37720581357,-5.7276,0,0
37720581374,-15.1121,0,0
37720581426,-21.4286,0,0
37720581443,-42.236,0,0
37720581460,-21.0427,0,0
37720581509,-14.076,0,0
37720581524,-36.9676,0,0
37720581600,3.7129,0,0
37720581617,-50.0227,0,0
37720581655,-43.3989,0,0
37817259694,-39.7398,0,0
37817259708,-69.5184,0,0
37817259742,-14.0667,0,0
37817259753,-8.1697,0,0
37817259766,-37.1502,0,0
37817259805,-35.2845,0,0
37817259818,41.1024,0,0
37817259826,-16.8659,0,0
37817259860,-16.1324,0,0
37817259873,17.887,0,0
37817259884,-17.0659,0,0
37817259918,-21.8664,0,0
37817259939,-22.0259,0,0
37817259949,-34.9064,0,0
37817259991,-20.887,0,0
37449099049,-15.3895,0,0
37449099064,-8.5424,0,0
37449099077,-113.3935,0,0
37498773894,-15.4846,0,0
37498773945,-13.615,0,0
37498773960,-28.5028,0,0
37498774022,-38.5435,0,0
37498774036,-49.555,0,0
37498774049,-12.0687,0,0
37498774092,-23.3306,0,0
37498774101,-29.5624,0,0
37533441189,-38.0847,0,0
37533441195,17.9244,0,0
37533441239,-30.0888,0,0
37533441251,-29.2564,0,0
37533441264,-3.2241,0,0
37533441303,-5.4073,0,0
37533441316,-24.3842,0,0
37575912440,-31.2139,0,0
37575912452,-78.2696,0,0
37575912464,-4.1539,0,0
37575912504,-20.1859,0,0
37575912517,-51.5619,0,0
37575912530,-73.085,0,0
37575912580,-6.516,0,0
37575912591,-9.52,0,0
37635720405,-20.4565,0,0
37635720418,-11.0302,0,0
37635720432,-26.3237,0,0
37635720508,-8.0102,0,0
37635720525,-8.4749,0,0
37635720580,-53.5327,0,0
37635720595,-10.4527,0,0
37635720652,-22.1773,0,0
37635720660,-3.1573,0,0
37635720675,-14.1678,0,0
37635720719,-15.4075,0,0
37635720736,14.6295,0,0
37635720751,-12.4678,0,0
37635720794,-22.4678,0,0
37720581095,-15.4196,0,0
37720581111,-21.4196,0,0
37720581164,-13.517,0,0
37720581181,-8.4272,0,0
37720581196,43.1292,0,0
37720581248,-44.5437,0,0
37720581265,-0.543700000000001,0,0
37720581280,-40.4732,0,0
37720581332,-11.5132,0,0
37720581363,-34.4027,0,0
37720581415,-7.4834,0,0
37720581432,-8.5404,0,0
37720581449,-36.2165,0,0
37720581529,-24.376,0,0
37720581576,-60.5236,0,0
37720581590,-30.5972,0,0
37720581606,1.6261,0,0
37817259671,-37.6199,0,0
37817259684,-1.0713,0,0
37817259700,33.9202,0,0
37817259738,8.6462,0,0
37817259748,-64.2993,0,0
37817259759,-16.1765,0,0
37817259798,-21.9375,0,0
37817259811,-8.9545,0,0
37817259853,-22.0681,0,0
37817259866,-23.0208,0,0
37449099070,20.3467,0,0
37498773877,-11.1191,0,0
37498773887,-57.8868,0,0
37498773899,-58.9791,0,0
37498773951,-23.7672,0,0
37498773965,-5.8003,0,0
37498773976,4.032,0,0
37498774027,-9.6571,0,0
37498774041,-3.6205,0,0
37498774053,-6.6555,0,0
37498774094,-22.1492,0,0
37498774104,0.799800000000001,0,0
37498774113,-14.3179,0,0
37498774140,-20.7732,0,0
37498774144,-12.9122,0,0
37533441244,-12.9649,0,0
37533441256,-21.9249,0,0
37533441268,-12.9206,0,0
37533441308,-4.0319,0,0
37533441321,-27.2378,0,0
37533441333,-7.0536,0,0
37575912445,-40.0668,0,0
37575912457,-12.9221,0,0
37575912509,-49.2786,0,0
37575912522,-19.2727,0,0
37575912534,-43.2815,0,0
37575912572,-61.3117,0,0
37575912584,-15.2517,0,0
37575912595,-40.0805,0,0
37449099059,-0.281500000000001,0,0
37449099083,-21.3491,0,0
37498773879,-27.4273,0,0
37498773890,-13.2285,0,0
37498773955,-38.9677,0,0
37498773969,-35.0142,0,0
37498774031,-16.1722,0,0
37498774044,-20.0917,0,0
37498774057,-10.2117,0,0
37498774097,-38.9742,0,0
37498774107,-42.5593,0,0
37533441248,-19.7158,0,0
37533441260,-62.6173,0,0
37533441271,-0.472899999999999,0,0
37533441312,4.2724,0,0
37533441324,-8.9629,0,0
37533441336,-5.8899,0,0
37575912460,-22.0646,0,0
37575912471,-13.1515,0,0
37575912513,-47.7878,0,0
37575912526,-39.807,0,0
37575912538,-30.8352,0,0
37575912576,-14.3107,0,0
37575912587,-24.3356,0,0
37575912598,6.7569,0,0
37575912631,-8.3286,0,0
37635720424,-64.5216,0,0
37635720439,-10.3827,0,0
37635720515,-22.3607,0,0
37635720586,53.5143,0,0
37635720602,-30.5207,0,0
37635720656,-9.2624,0,0
37635720667,-111.7189,0,0
37635720680,-24.3361,0,0
37635720727,-8.4122,0,0
37635720743,63.6902,0,0
37720581087,-46.2431,0,0
37720581103,-2.4227,0,0
37720581118,-73.5405,0,0
37720581172,-8.2815,0,0
37720581188,72.4672,0,0
37720581202,23.6369,0,0
37720581256,-7.3674,0,0
37720581288,54.6014,0,0
37720581354,-10.591,0,0
37720581371,9.4607,0,0
37720581423,-46.4222,0,0
37720581457,-34.4993,0,0
37720581507,-27.4839,0,0
37720581537,-47.7642,0,0
37720581597,5.4363,0,0
37720581614,-33.2924,0,0
37817259676,-6.8542,0,0
37817259691,-27.3306,0,0
37817259705,-12.9677,0,0
37817259740,-21.5364,0,0
37817259750,-110.896,0,0
37817259763,-21.0905,0,0
37817259802,13.38,0,0
37817259815,-9.4857,0,0
37817259857,85.6787,0,0
37817259881,-31.3974,0,0
37817259915,-8.5427,0,0
37817259946,-96.6235,0,0
37449099060,-13.135,0,0
37498773865,8.8821,0,0
37498773867,-0.0655999999999999,0,0
37498773880,-10.1632,0,0
37498773891,-86.1183,0,0
37498773903,3.6936,0,0
37498773956,-27.2428,0,0
37498773970,6.9293,0,0
37498773980,-14.0557,0,0
37498774032,-16.9757,0,0
37498774045,-9.0357,0,0
37449099061,-27.1227,0,0
37449099074,-2.0391,0,0
37449099084,-4.1243,0,0
37498773957,-45.1227,0,0
37498773971,9.1398,0,0
37498773981,-17.8276,0,0
37498774033,30.9597,0,0
37498774046,12.7116,0,0
37498774098,-26.0328,0,0
37498774108,-5.0175,0,0
37533441202,-17.1065,0,0
37533441261,-4.9419,0,0
37533441313,-12.9635,0,0
37533441325,-6.9419,0,0
37533441337,-23.0089,0,0
37575912461,9.3755,0,0
37575912514,2.0201,0,0
37575912527,-18.7909,0,0
37575912539,-25.0832,0,0
37575912577,-16.7504,0,0
37575912588,-19.8104,0,0
37575912599,-32.3474,0,0
37635720425,12.2853,0,0
37635720440,16.1548,0,0
37635720499,90.8799,0,0
37635720516,-106.7337,0,0
37635720587,-57.9383,0,0
37635720603,28.004,0,0
37635720668,-14.9114,0,0
37635720728,-24.0349,0,0
37635720744,-3.9826,0,0
37720581088,-28.5155,0,0
37720581173,-24.2087,0,0
37720581189,-10.2087,0,0
37720581203,-14.0328,0,0
37720581257,-31.3271,0,0
37720581289,-63.2931,0,0
37720581340,-5.1007,0,0
37720581355,150.4525,0,0
37720581372,-68.9192,0,0
37720581424,15.9203,0,0
37720581441,3.8945,0,0
37720581538,-37.0065,0,0
37720581598,-22.0076,0,0
37720581615,-83.0502,0,0
37817259677,-29.0202,0,0
37817259692,1.2504,0,0
37817259706,-21.0936,0,0
37817259751,-23.9071,0,0
37817259764,-47.0071,0,0
37817259803,-36.0887,0,0
37817259816,-24.0076,0,0
37817259858,-11.8476,0,0
37817259871,-11.0676,0,0
37817259882,-27.0476,0,0
37817259916,-19.1087,0,0
37817259937,-5.1065,0,0
37817259947,-23.0687,0,0
37817259971,-10.9791,0,0
37817259984,-17.2087,0,0
37817259990,-11.0887,0,0
37973688460,-16.1487,0,0
37973688476,-19.0631,0,0
37973688482,-24.0687,0,0
37449099062,-19.2392,0,0
37449099075,-11.271,0,0
37449099085,-16.0759,0,0
37498773881,-55.0578,0,0
37498773892,36.7486,0,0
37498773904,-33.9996,0,0
37498773958,-46.0277,0,0
37498773972,-21.3806,0,0
37498773982,-23.9238,0,0
37498774034,3.0808,0,0
37498774047,35.7993,0,0
37498774099,14.8123,0,0
37498774109,24.4673,0,0
37498774116,-15.4243,0,0
37533441194,35.9472,0,0
37533441203,20.0935,0,0
37533441208,-53.9996,0,0
37533441249,-57.9978,0,0
37533441262,-31.6309,0,0
37533441273,-50.4235,0,0
37533441314,-35.0599,0,0
37533441326,-27.1945,0,0
37533441338,10.9203,0,0
37575912450,-15.9273,0,0
37575912462,-35.0444,0,0
37575912515,-16.3422,0,0
37575912528,-19.7503,0,0
37575912540,-4.9713,0,0
37575912578,-23.8909,0,0
37575912589,-8.7709,0,0
37575912600,-12.0179,0,0
37635720411,-23.4027,0,0
37635720426,-5.9002,0,0
37635720441,-86.2839,0,0
37635720500,-60.1648,0,0
37635720517,76.1097,0,0
37635720533,-56.9255,0,0
37635720588,-19.0453,0,0
37635720604,1.651,0,0
37635720619,27.3467,0,0
37635720669,-18.9778,0,0
37635720682,-10.1032,0,0
37635720759,-2.0241,0,0
37720581174,-45.0349,0,0
37720581190,-84.9051,0,0
37720581204,-41.9003,0,0
37720581258,-20.8076,0,0
37720581273,-7.2234,0,0
37720581290,-7.9746,0,0
37720581341,-88.0322,0,0
37720581356,-22.7475,0,0
37720581373,-15.0749,0,0
37720581425,18.9401,0,0
37720581442,-2.1477,0,0
37720581459,-7.0164,0,0
37720581508,-35.0936,0,0
37720581523,-17.9696,0,0
37720581585,-27.0164,0,0
37720581599,23.1008,0,0
37720581616,16.9396,0,0
37817259678,-25.9902,0,0
37817259693,-25.3968,0,0
37817259707,8.4124,0,0
37817259752,5.9959,0,0
37817259765,-0.0178000000000011,0,0
37817259804,-14.0241,0,0
37817259817,3.9021,0,0
37817259825,-43.0402,0,0
37817259859,-12.9865,0,0
37817259872,-19.8271,0,0
37817259883,-19.0164,0,0
37817259917,-20.2475,0,0
37817259938,-20.3675,0,0
37817259948,-18.3029,0,0
37635720404,-11.2092,0,0
37635720417,-6.1895,0,0
37635720431,-2.5164,0,0
37635720490,0.644400000000001,0,0
37635720507,-19.2666,0,0
37635720594,-24.9481,0,0
37635720611,1.5206,0,0
37635720415,-0.479399999999998,0,0
37635720429,2.5091,0,0
37635720444,-20.7991,0,0
37635720504,-6.7606,0,0
37635720521,4.5576,0,0
37635720537,-5.7991,0,0
37635720591,-14.7606,0,0
37635720608,-2.7991,0,0
37635720622,-28.6152,0,0
37635720659,13.8196,0,0
37635720673,-14.7206,0,0
37635720733,-34.6752,0,0
37635720749,-21.5035,0,0
37720581090,-2.3127,0,0
37720581108,-17.356,0,0
37720581122,2.6765,0,0
37720581178,-4.32,0,0
37720581193,-18.48,0,0
37720581208,-4.8191,0,0
37720581262,-19.3326,0,0
37720581277,-10.3672,0,0
37720581293,-9.325,0,0
37720581345,-31.3126,0,0
37720581360,3.3014,0,0
37720581377,-12.5964,0,0
37720581429,-13.7606,0,0
37720581446,28.4246,0,0
37720581463,-13.7952,0,0
37720581512,-33.6346,0,0
37720581526,-8.3911,0,0
37720581540,-14.387,0,0
37720581587,-29.2155,0,0
37720581603,8.5219,0,0
37720581620,-5.1989,0,0
37817259681,-45.8873,0,0
37817259697,-13.1146,0,0
37817259711,-19.4057,0,0
37817259745,-28.3284,0,0
37817259756,-20.4658,0,0
37817259769,3.5739,0,0
37817259821,-23.2312,0,0
37817259863,-33.7777,0,0
37817259876,-76.7254,0,0
37817259887,-86.3164,0,0
37817259921,-59.6483,0,0
37817259942,-25.6021,0,0
37817259952,0.348400000000002,0,0
37817259974,-21.5483,0,0
37817259994,-7.9629,0,0
37973688463,-25.8697,0,0
37973688479,-3.3102,0,0
37973688485,-8.8697,0,0
37973688500,-15.6283,0,0
37973688511,7.3859,0,0
37973688516,-16.6283,0,0
37973688531,-24.6283,0,0
37973688536,-18.3102,0,0
37973688541,-23.6283,0,0
37973688556,-19.6283,0,0
37973688561,5.3129,0,0
37973688565,-0.6021,0,0
37973688573,-30.6021,0,0
37973688575,1.3429,0,0
37973688578,-9.6871,0,0
37973688587,-8.6283,0,0
37973688591,-16.3102,0,0
37973688595,7.1303,0,0
37973688606,-35.3102,0,0
37973688609,-13.1689,0,0
37973688612,-15.4765,0,0
37973688621,-26.6964,0,0
38053448964,-7.5268,0,0
38053448967,-4.4289,0,0
38053448975,-60.634,0,0
38053448977,0.2532,0,0
38053448980,9.9085,0,0
38053448989,2.4613,0,0
38053448992,-22.2778,0,0
38053448995,-8.3778,0,0
38053449005,-5.4136,0,0
37635720414,28.6845,0,0
37635720503,16.32,0,0
37635720520,0.773900000000001,0,0
37635720536,1.9977,0,0
37635720607,2.2355,0,0
37635720621,8.3149,0,0
37635720672,3.2086,0,0
37635720684,-23.8044,0,0
37635720732,-41.9623,0,0
37635720748,-28.9623,0,0
37635720761,-27.9602,0,0
37720581089,-18.0202,0,0
37720581107,50.2117,0,0
37720581177,-27.9002,0,0
37720581261,-17.2634,0,0
37720581344,2.1313,0,0
37720581428,-68.5366,0,0
37720581445,-11.0129,0,0
37720581511,-40.8314,0,0
37720581539,-19.7051,0,0
37720581602,10.1751,0,0
37720581619,-13.7914,0,0
37817259680,-19.7914,0,0
37817259696,-22.8072,0,0
37817259710,-27.6654,0,0
37817259744,-35.0255,0,0
37817259755,-34.6055,0,0
37817259768,-84.2715,0,0
37817259807,-70.1433,0,0
37817259828,-19.9002,0,0
37817259862,-1.721,0,0
37817259875,-5.3499,0,0
37817259920,-19.0464,0,0
37817259941,-2.2255,0,0
37817259951,-14.757,0,0
37817259973,-42.6839,0,0
37817259986,-21.3855,0,0
37817259993,3.7685,0,0
37973688462,11.6485,0,0
37973688478,-2.3475,0,0
37973688484,-4.3475,0,0
37973688499,-36.2397,0,0
37973688510,11.6208,0,0
37973688515,-49.7844,0,0
37973688530,-31.7602,0,0
37973688535,-8.9076,0,0
37973688540,-24.7602,0,0
37973688555,-18.755,0,0
37973688560,-3.792,0,0
37973688572,-29.7666,0,0
37635720416,10.6937,0,0
37635720430,-91.5295,0,0
37635720445,-10.2438,0,0
37635720523,-25.3027,0,0
37635720593,15.376,0,0
37635720610,-11.5804,0,0
37635720674,-16.3378,0,0
37635720735,-62.8769,0,0
37635720750,-27.0523,0,0
37635720763,-27.8504,0,0
37635720801,-21.4841,0,0
37720581110,4.1114,0,0
37720581124,-35.1356,0,0
37720581180,-63.451,0,0
37720581195,-11.2214,0,0
37720581210,-9.5218,0,0
37720581264,-21.8865,0,0
37720581279,-1.3754,0,0
37720581294,-20.2065,0,0
37720581346,-9.3426,0,0
37720581362,-10.6323,0,0
37720581379,-36.1016,0,0
37720581431,-37.2914,0,0
37720581448,-7.4772,0,0
37720581465,-18.2431,0,0
37720581514,14.8351,0,0
37720581528,-12.1899,0,0
37720581589,-24.7293,0,0
37720581605,-78.477,0,0
37720581622,-8.7293,0,0
37817259683,9.5912,0,0
37817259699,-10.1976,0,0
37817259712,-8.9644,0,0
37817259747,-40.2485,0,0
37817259758,-28.5242,0,0
37817259771,-14.3778,0,0
37817259810,-67.7466,0,0
37817259865,25.2666,0,0
37817259889,18.04,0,0
37817259923,-23.553,0,0
37817259944,6.307,0,0
37817259954,-42.6719,0,0
37817259976,-23.5847,0,0
37817259989,-48.8124,0,0
37817259996,-5.5731,0,0
37973688465,-22.6455,0,0
37973688481,2.2944,0,0
37973688487,-13.6762,0,0
37973688502,-63.1881,0,0
37973688513,-6.7056,0,0
37973688518,-14.7056,0,0
37973688533,-6.7056,0,0
37973688538,-30.6197,0,0
37973688543,-48.7266,0,0
37973688558,-44.8186,0,0
37973688563,-11.7035,0,0
37973688589,-21.6008,0,0
37973688593,-15.6131,0,0
37973688597,-10.6294,0,0
37973688608,-9.7035,0,0
37973688611,77.3238,0,0
37973688614,118.1831,0,0
38053448963,5.0929,0,0
38053448966,-0.5928,0,0
38053448969,-17.5816,0,0
38053448976,-10.5951,0,0
38053448979,-27.8349,0,0
38053448982,-37.6208,0,0
38053448991,-34.4551,0,0
38053448994,-1.6725,0,0
38053448997,-18.5162,0,0
38053449004,-7.673,0,0
38053449006,6.3049,0,0
38053449007,4.3369,0,0
38053449010,16.2759,0,0
38053449011,-22.5646,0,0
37635720413,-17.1008,0,0
37635720428,29.1096,0,0
37635720443,-40.8637,0,0
37635720502,-28.3607,0,0
37635720519,-36.0577,0,0
37635720535,9.5323,0,0
37635720606,-19.5926,0,0
37635720620,-26.331,0,0
37635720658,-1.9332,0,0
37635720671,-9.8249,0,0
37635720731,-34.2232,0,0
37635720747,-19.4732,0,0
37635720760,-22.0596,0,0
37635720799,-4.8879,0,0
37720581106,-6.8995,0,0
37720581176,-25.6316,0,0
37720581192,-25.0732,0,0
37720581206,1.9804,0,0
37720581260,-28.9801,0,0
37720581275,-7.8995,0,0
37720581292,-8.5781,0,0
37720581343,-14.0879,0,0
37720581358,-24.8401,0,0
37720581375,-36.4205,0,0
37720581427,-16.8121,0,0
37720581444,-1.5719,0,0
37720581461,-22.3715,0,0
37720581525,-43.3792,0,0
37720581586,-113.3977,0,0
37720581601,-45.1411,0,0
37720581618,-39.6836,0,0
37817259679,-53.5515,0,0
37817259695,-50.554,0,0
37817259709,15.1475,0,0
37817259743,-18.7011,0,0
37817259754,4.7077,0,0
37817259767,-11.8401,0,0
37817259806,1.2922,0,0
37817259819,-6.0807,0,0
37817259827,-34.6808,0,0
37817259861,-17.2283,0,0
37817259885,-54.1076,0,0
37817259919,-12.9573,0,0
37817259940,-10.7853,0,0
37817259950,-22.1644,0,0
37817259972,0.732800000000001,0,0
37817259985,-16.178,0,0
37817259992,-40.2427,0,0
37973688461,-11.8538,0,0
37973688477,11.7322,0,0
37973688483,-3.2807,0,0
37973688498,-38.5408,0,0
37973688509,-16.5408,0,0
37973688514,-37.8538,0,0
37973688529,-22.8538,0,0
37973688534,-18.5408,0,0
37973688539,-18.5408,0,0
37973688554,-33.8236,0,0
37973688559,-17.8236,0,0
37973688564,-56.5732,0,0
37973688571,-9.44499999999999,0,0
37973688574,-13.125,0,0
37973688577,10.378,0,0
37973688590,-3.94200000000001,0,0
37973688594,-17.942,0,0
37635720505,-26.046,0,0
37635720522,-2.9234,0,0
37635720538,14.0497,0,0
37635720592,-31.5028,0,0
37635720609,105.4166,0,0
37635720623,-23.2262,0,0
37635720734,-13.4933,0,0
37635720800,-60.604,0,0
37720581109,35.3972,0,0
37720581123,-32.5932,0,0
37720581179,-30.058,0,0
37720581194,-24.7287,0,0
37720581209,-7.684,0,0
37720581263,-7.4108,0,0
37720581278,-24.6937,0,0
37720581361,-42.5908,0,0
37720581378,-50.4537,0,0
37720581430,56.0568,0,0
37720581447,-15.3178,0,0
37720581464,-24.9496,0,0
37720581513,-29.5508,0,0
37720581604,-12.4455,0,0
37720581621,-48.6999,0,0
37817259682,-35.4358,0,0
37817259698,-6.3662,0,0
37817259746,-103.6434,0,0
37817259757,52.377,0,0
37817259770,-9.8919,0,0
37817259809,-62.6082,0,0
37817259822,-8.744,0,0
37817259864,-16.1008,0,0
37817259877,-3.0631,0,0
37817259888,-17.0473,0,0
37817259922,-70.3781,0,0
37817259943,-9.1967,0,0
37817259953,-10.0995,0,0
37817259975,-14.0178,0,0
37817259988,-15.9834,0,0
37817259995,-8.9634,0,0
37973688464,-24.339,0,0
37973688480,-13.2084,0,0
37973688486,-18.2684,0,0
37973688501,-39.0094,0,0
37973688512,-15.3707,0,0
37973688517,-27.2554,0,0
37973688532,-15.6371,0,0
37973688537,-17.66,0,0
37973688542,-19.68,0,0
37973688557,-22.9634,0,0
37973688562,-19.9778,0,0
37973688576,-21.0773,0,0
37973688579,-7.0489,0,0
37973688588,-37.4508,0,0
37973688592,-11.4508,0,0
37973688596,-4.4508,0,0
37973688607,-11.6393,0,0
37973688610,-84.2758,0,0
37973688613,-19.7012,0,0
38053448962,-28.5373,0,0
38053448965,-58.2818,0,0
38053448968,-14.6922,0,0
38053448978,-2.4377,0,0
38053448981,-9.6767,0,0
38053448990,-15.3662,0,0
38053448993,-18.4062,0,0
38053448996,16.0131,0,0
37449098943,-21.428,0,0
37449098952,145.718,0,0
37449098960,13.6043,0,0
37449098994,-27.7894,0,0
37449099001,-28.475,0,0
37449099050,-23.6375,0,0
37449099065,-30.5458,0,0
37449099078,56.4298,0,0
37498773874,-64.3667,0,0
37449098944,-17.7066,0,0
37449098953,-37.2564,0,0
37449098995,-10.2442,0,0
37449099002,49.4867,0,0
37449099010,-8.2114,0,0
37449099051,-38.3479,0,0
37449099066,10.6521,0,0
37449099079,34.7342,0,0
37449099120,-22.1931,0,0
37498773884,-25.4431,0,0
37498773895,6.6569,0,0
37498773947,-28.2608,0,0
37498773961,6.6093,0,0
37498773974,0.735800000000001,0,0
37498774023,-6.3279,0,0
37498774037,-15.2808,0,0
37498774102,-24.2704,0,0
37533441196,-28.3492,0,0
37533441240,-17.3731,0,0
37533441252,4.6616,0,0
37533441265,-2.329,0,0
37533441304,-22.6588,0,0
37533441317,-12.5994,0,0
37533441329,38.7785,0,0
37575912441,9.3184,0,0
37575912453,-18.6016,0,0
37575912465,-16.4284,0,0
37575912505,-17.2356,0,0
37575912518,-21.2356,0,0
37575912531,-16.2224,0,0
37575912568,-29.1368,0,0
37575912581,-18.2286,0,0
37575912592,-29.2286,0,0
37635720406,-18.3431,0,0
37635720419,17.6241,0,0
37635720433,-25.3842,0,0
37635720492,-40.1914,0,0
37635720509,-11.3242,0,0
37635720526,-25.3242,0,0
37635720661,14.627,0,0
37635720720,13.3977,0,0
37635720737,-60.3015,0,0
37635720752,-4.3291,0,0
37635720795,-25.6276,0,0
37720581096,-25.5138,0,0
37720581165,-70.4151,0,0
37720581182,-35.6223,0,0
37720581197,-27.6023,0,0
37720581249,-22.3504,0,0
37720581266,16.6109,0,0
37720581281,-26.4978,0,0
37720581333,-69.3981,0,0
37720581347,-15.6223,0,0
37720581364,-25.5747,0,0
37720581416,-23.6655,0,0
37720581433,-15.493,0,0
37720581450,-24.6476,0,0
37720581530,-33.6891,0,0
37720581577,-12.3497,0,0
37720581591,-25.3097,0,0
37720581607,-50.2331,0,0
37817259672,-4.4228,0,0
37817259685,7.5972,0,0
37449098945,-27.1613,0,0
37449098954,-45.1681,0,0
37449098961,-11.1684,0,0
37449098996,-15.2936,0,0
37449099003,-97.1049,0,0
37449099011,-15.5336,0,0
37449099052,-24.8922,0,0
37449099067,10.0078,0,0
37449099121,-6.83,0,0
37498773896,-17.3944,0,0
37498773975,-3.1029,0,0
37498774024,-31.1473,0,0
37498774038,-24.3563,0,0
37498774051,-12.3444,0,0
37498774093,-22.24,0,0
37498774103,-10.9881,0,0
37498774112,-12.8081,0,0
37498774139,-27.6356,0,0
37498774143,-18.7725,0,0
37533441204,4.3399,0,0
37533441241,-32.551,0,0
37533441253,-11.5907,0,0
37533441266,-23.591,0,0
37533441305,-22.9122,0,0
37533441318,23.9811,0,0
37533441330,-20.8922,0,0
37575912442,-31.6362,0,0
37575912454,-8.6475,0,0
37575912466,-11.6475,0,0
37575912506,-23.2484,0,0
37575912519,-25.0113,0,0
37575912532,-15.2307,0,0
37575912569,-32.2713,0,0
37575912582,-13.2913,0,0
37575912593,-13.0113,0,0
37635720407,-3.7024,0,0
37635720434,-17.2685,0,0
37635720493,-26.2703,0,0
37635720510,-2.1095,0,0
37635720527,-20.8742,0,0
37635720581,-20.1484,0,0
37635720596,-12.1594,0,0
37635720612,-9.2794,0,0
37635720662,-27.1218,0,0
37635720676,-2.0312,0,0
37635720721,-3.6357,0,0
37635720738,-22.2117,0,0
37635720753,-7.4522,0,0
37635720796,-1.44,0,0
37720581097,-7.4466,0,0
37720581113,-21.4266,0,0
37720581166,-16.5357,0,0
37720581183,-14.5252,0,0
37720581250,114.6306,0,0
37720581267,22.2068,0,0
37720581282,-30.916,0,0
37720581348,-21.3898,0,0
37720581365,30.5388,0,0
37720581417,18.2161,0,0
37720581434,-19.3098,0,0
37720581451,-25.9024,0,0
37720581501,-12.5757,0,0
37720581516,-24.6252,0,0
37720581531,2.5243,0,0
37720581578,-22.7712,0,0
37720581608,-24.3789,0,0
37449098946,-42.2183,0,0
37449098962,-22.2783,0,0
37449099004,18.0085,0,0
37449099053,1.7887,0,0
37498773875,-23.1789,0,0
37498773897,-23.0336,0,0
37498773949,-68.3446,0,0
37498773963,-20.1315,0,0
37498774025,-1.1502,0,0
37498774039,-7.3872,0,0
37533441175,-3.9628,0,0
37533441177,-22.8825,0,0
37533441197,91.8004,0,0
37533441254,9.1353,0,0
37533441267,-19.2233,0,0
37533441306,-5.4561,0,0
37533441319,-10.4125,0,0
37533441331,2.5901,0,0
37575912443,0.570699999999999,0,0
37575912455,-13.5761,0,0
37575912507,41.898,0,0
37575912520,-17.9247,0,0
37575912570,-46.4729,0,0
37575912583,-39.3929,0,0
37575912594,33.4331,0,0
37575912628,16.7411,0,0
37635720421,-42.1902,0,0
37635720435,-19.0249,0,0
37635720494,-18.2705,0,0
37635720511,-30.2935,0,0
37635720582,-39.3943,0,0
37635720597,21.8885,0,0
37635720613,-35.2441,0,0
37635720653,-35.9608,0,0
37635720663,-5.0913,0,0
37635720754,-23.1279,0,0
37635720797,-42.1042,0,0
37720581098,-44.624,0,0
37720581114,-18.953,0,0
37720581167,-44.0336,0,0
37720581184,0.851700000000001,0,0
37720581251,-16.8452,0,0
37720581268,-11.9252,0,0
37720581283,-46.8752,0,0
37720581334,-35.9239,0,0
37720581349,-5.8673,0,0
37720581366,-38.8839,0,0
37720581418,-84.9207,0,0
37720581435,28.099,0,0
37720581452,-3.9517,0,0
37720581502,-12.0062,0,0
37720581517,-15.0109,0,0
37720581532,-26.9181,0,0
37720581579,-12.858,0,0
37720581592,-12.9839,0,0
37720581609,-12.0747,0,0
37817259673,54.8864,0,0
37817259686,-13.9577,0,0
37817259701,-36.3335,0,0
37449098947,-15.2588,0,0
37449098955,-77.92,0,0
37449098963,-3.5,0,0
37449099005,-22.0478,0,0
37449099012,-16.7118,0,0
37449099054,0.905799999999999,0,0
37449099069,-16.0269,0,0
37498773876,6.9681,0,0
37498773886,-27.0784,0,0
37498773898,-16.0142,0,0
37498773950,-21.0552,0,0
37498773964,-45.0319,0,0
37498774026,-17.0361,0,0
37498774040,-21.0942,0,0
37498774052,14.0381,0,0
37533441176,-6.0361,0,0
37533441178,-16.0119,0,0
37533441190,-25.9062,0,0
37533441243,-20.0207,0,0
37533441255,-32.9761,0,0
37533441307,-100.6565,0,0
37533441320,41.8416,0,0
37533441332,18.2957,0,0
37575912444,-42.132,0,0
37575912456,-22.8814,0,0
37575912467,44.0281,0,0
37575912508,-10.948,0,0
37575912521,-5.0761,0,0
37575912533,-18.4543,0,0
37575912571,-68.0381,0,0
37635720408,13.8699,0,0
37635720422,1.2167,0,0
37635720436,-13.9652,0,0
37635720495,-6.9981,0,0
37635720512,-20.0581,0,0
37635720583,-21.0994,0,0
37635720598,-2.0428,0,0
37635720614,-23.0751,0,0
37635720723,-27.0352,0,0
37635720739,-5.9637,0,0
37720581084,-25.2961,0,0
37720581099,-14.3668,0,0
37720581115,16.7702,0,0
37720581168,-23.2662,0,0
37720581185,-7.2842,0,0
37720581199,-22.2898,0,0
37720581252,-18.3302,0,0
37720581269,-7.2292,0,0
37720581284,-20.2375,0,0
37720581335,7,0,0
37720581350,0.633800000000001,0,0
37720581367,-0.638200000000001,0,0
37720581419,-27.2901,0,0
37720581436,-32.3701,0,0
37720581453,-20.0355,0,0
37720581503,-6.1782,0,0
37720581518,-19.6771,0,0
37720581533,-0.296500000000002,0,0
37720581580,-16.0555,0,0
37720581593,1.7102,0,0
37720581610,-32.3745,0,0
37720581653,-35.7505,0,0
37817259687,-8.9819,0,0
37817259702,-23.9219,0,0
37449098948,17.1243,0,0
37449098956,-21.15,0,0
37449098964,-13.3367,0,0
37449098998,-0.259399999999999,0,0
37449099006,7.7943,0,0
37449099013,30.9494,0,0
37449099056,-19.361,0,0
37449099071,-26.584,0,0
37449099122,-16.581,0,0
37498773888,-12.2593,0,0
37498773900,-10.2593,0,0
37498773952,-23.1028,0,0
37498773966,-11.1193,0,0
37498773977,-9.2345,0,0
37498774028,-12.0418,0,0
37498774042,-43.2394,0,0
37498774054,-12.2018,0,0
37498774095,-16.1618,0,0
37498774105,-22.1818,0,0
37498774114,-20.2743,0,0
37533441191,-46.5254,0,0
37533441199,-70.8863,0,0
37533441206,-3.0212,0,0
37533441245,-27.2995,0,0
37533441257,-41.5093,0,0
37533441269,-25.2995,0,0
37533441309,-4.5254,0,0
37533441322,-4.0188,0,0
37533441334,-21.4827,0,0
37575912446,-19.7601,0,0
37575912468,-50.4372,0,0
37575912510,-86.5902,0,0
37575912523,-113.7407,0,0
37575912535,23.4346,0,0
37575912573,-32.7498,0,0
37575912596,-13.7298,0,0
37575912629,10.4488,0,0
37635720423,-19.7498,0,0
37635720437,-11.7463,0,0
37635720496,10.7472,0,0
37635720513,-18.5972,0,0
37635720529,-8.0388,0,0
37635720599,-8.625,0,0
37635720615,-26.7001,0,0
37635720664,-39.7601,0,0
37635720677,5.5467,0,0
37635720724,-11.8881,0,0
37635720740,-5.7001,0,0
37635720755,-32.9098,0,0
37720581085,-26.8298,0,0
37720581100,-13.3754,0,0
37720581169,11.215,0,0
37720581186,0.941299999999998,0,0
37720581253,4.2999,0,0
37720581270,-8.3368,0,0
37720581285,-37.2716,0,0
37720581336,25.9328,0,0
37720581351,-4.7751,0,0
37720581368,-59.3369,0,0
37720581420,-20.9986,0,0
37720581437,-7.4497,0,0
37720581454,-36.6493,0,0
37720581504,-39.0186,0,0
37720581581,-17.2399,0,0
37720581594,-9.2138,0,0
37720581611,-13.2599,0,0
37817259674,-11.1018,0,0
37817259688,-22.2818,0,0
37817259703,-23.1818,0,0
37817259739,-20.1826,0,0
37817259749,-25.259,0,0
37817259760,-0.376200000000001,0,0
37817259799,-25.2394,0,0
37817259812,-26.1869,0,0
37817259854,-17.138,0,0
37817259867,-19.2599,0,0
37817259878,-24.3199,0,0
37817259913,-30.2394,0,0
16539016942,-2.59100000000001,0,0
16539016944,7.18099999999998,0,0
16539016945,6.33699999999999,0,0
16607535061,-5.42399999999998,0,0
16607535065,34.065,0,0
16662560971,5.31700000000001,0,0
16662561069,15.66,0,0
16683638056,26.431,0,0
16758145530,12.9285,0,0
16785091450,25.254,0,0
16836748978,6.9353,0,0
16890710218,23.5274,0,0
16890710268,-13.2005,0,0
16940116334,-1.7925,0,0
16940116371,10.2956,0,0
16940116403,32.32709,0,0
16954009433,6.78021,0,0
17015282815,86.6027,0,0
17015282869,1.2167,0,0
17060579750,-14.0859,0,0
17116905064,38.0228,0,0
17116905093,10.6998,0,0
17135675493,48.4975,0,0
17168889486,3.8137,0,0
17168889539,21.7312,0,0
17168889589,-0.345600000000001,0,0
17233846405,-11.3685,0,0
17233846448,-0.235800000000001,0,0
17295188398,7.7603,0,0
17295188451,23.0209,0,0
17295188489,-5.2406,0,0
17295188525,-9.3161,0,0
17345585623,-27.0424,0,0
17345585666,0.906199999999998,0,0
17521128291,-6.9093,0,0
17521128352,14.8216,0,0
17686923430,7.854,0,0
17686923485,20.8856,0,0
17816584341,-2.2018,0,0
17816584371,3.7212,0,0
18009745607,25.3386,0,0
18009745787,-22.425,0,0
18124433732,9.12899999999999,0,0
18124433795,-7.91900000000001,0,0
18338059497,66.056,0,0
16607535138,10.088,0,0
16607535168,14.755,0,0
16662561070,3.43000000000001,0,0
16758145436,1.58300000000003,0,0
16758145531,42.946,0,0
16785091404,-12.212,0,0
16785091451,17.628,0,0
16836748951,-1.172,0,0
16890710216,27.708,0,0
16890710265,-15.4944,0,0
16890710307,1.8364,0,0
16954009349,40.99933,0,0
16940116372,-19.85329,0,0
16954009390,25.00688,0,0
17015282759,1.02833,0,0
17015282816,31.8658,0,0
17015282870,20.53346,0,0
17060579774,-0.47066,0,0
17116905060,-0.34315,0,0
17116905094,15.64934,0,0
17168889453,4.65685,0,0
17168889487,29.52025,0,0
17168889540,21.45891,0,0
17168889590,31.58059,0,0
17211054096,-13.07817,0,0
17295188364,2.56383,0,0
17295188452,-19.47368,0,0
17295188490,-1.31381,0,0
17295188526,-8.48301,0,0
17345585624,-40.29559,0,0
17345585659,-3.43081,0,0
17521128292,18.64908,0,0
17521128353,-37.43367,0,0
17686923431,-4.53367,0,0
17686923486,-53.20566,0,0
17816584342,-4.24583,0,0
17816584372,-10.44125,0,0
18089366186,21.7046,0,0
18089366249,17.37545,0,0
18196702206,79.5532,0,0
18196702274,53.64964,0,0
18338059453,-0.219999999999999,0,0
18338059498,42.74,0,0
18483496098,4.36500000000001,0,0
18483496181,2.09500000000003,0,0
18724615661,-97.599,0,0
18843090269,28.736,0,0
18843090306,7.38,0,0
18973260558,6.86500000000001,0,0
18973260598,-461.152,0,0
16607535062,-1.85199999999998,0,0
16607535064,-2.26400000000001,0,0
16607535139,15.425,0,0
16607535169,-21.605,0,0
16662561071,1.077,0,0
16683638057,12.176,0,0
16758145437,8.24900000000002,0,0
16758145488,-23.648,0,0
16758145532,14.272,0,0
16785091405,6.15600000000001,0,0
16785091452,6.88,0,0
16824935236,3.23500000000001,0,0
16824935281,4.65700000000001,0,0
16836748979,-28.61,0,0
16890710219,13.957,0,0
16890710306,16.008,0,0
16916874392,27.99,0,0
17015282722,-44.714,0,0
16954009391,0.318999999999988,0,0
17015282760,16.841,0,0
17015282817,-18.6273,0,0
17015282871,26.1517,0,0
17060579751,-14.8245,0,0
17060579775,-9.98969,0,0
17116905061,32.5759,0,0
17135675476,14.99398,0,0
17135675494,47.0746,0,0
17168889541,-9.2924,0,0
17168889591,-9.8403,0,0
17246297067,-53.5928,0,0
17233846449,12.2106,0,0
17246297089,14.7293,0,0
17295188399,58.2485,0,0
17295188453,-12.7128,0,0
17295188491,-1.79,0,0
17295188527,-6.7628,0,0
17345585625,17.1976,0,0
17345585660,-0.6007,0,0
17345585667,1.4272,0,0
17608990332,19.9012,0,0
18652625242,-28.1974,0,0
18652625310,-5.6787,0,0
18897319101,3.1407,0,0
18897319141,13.4983,0,0
14074649072,-9.404374,0,0
14074649073,9.630475,0,0
14514929154,25.5057,0,0
14514929155,11.2257,0,0
14514929156,25.8334,0,0
14514929157,-2.28660000000001,0,0
14703110579,-3.97300000000001,0,0
14756593020,0.771999999999991,0,0
14774782892,24.404,0,0
14074647372,9.03299999999999,0,0
14074647373,13.333,0,0
14644000898,27.7,0,0
14644000900,12.302,0,0
14726461111,-4.274,0,0
14867959702,11.74,0,0
14867959704,9.029,0,0
14921488279,12.424,0,0
15037271364,0.0690000000000168,0,0
15146831904,-23.97,0,0
15146831937,-6.49599999999998,0,0
15206501017,9.666,0,0
15467902378,2.68599999999998,0,0
15638261205,-252.526,0,0
15715084431,8.42399999999998,0,0
15841392726,-9.72300000000001,0,0
15943642879,-344.046,0,0
16152170046,-1.29300000000001,0,0
16349736216,9.16399999999999,0,0
16349736273,-24.971,0,0
16468348668,-6.81400000000002,0,0
16544329403,7.53699999999998,0,0
17882472425,3.99474,0,0
17882472436,90.12264,0,0
17901259889,-6.26116,0,0
18052008912,-1.78496,0,0
18089366198,-6.82496,0,0
18124433729,-41.49956,0,0
18196702195,-36.88907,0,0
18240116610,0.924000000000007,0,0
18240116651,-18.076,0,0
18279741021,21.367,0,0
18296035940,9.379,0,0
18311652269,-3.731,0,0
18338059529,-9.678,0,0
17901259844,9.1668,0,0
17901259892,6.771,0,0
18009745727,12.0447,0,0
18009745809,2.9075,0,0
18052008965,12.9275,0,0
18089366240,-0.0524999999999949,0,0
18124433751,17.8875,0,0
18124433782,-1.88499999999999,0,0
18169751795,-5.733,0,0
18169751847,7.267,0,0
18240116612,7.387,0,0
18240116653,0.153999999999996,0,0
18256194277,6.018,0,0
18338059467,-8.41800000000001,0,0
18395863372,0.0829999999999984,0,0
18338059531,-9.738,0,0
18395863495,-3.12,0,0
18413433774,-3.191,0,0
18442778588,3.30199999999999,0,0
18483496176,2.505,0,0
18534034664,-6.251,0,0
18586315571,-0.710000000000008,0,0
18586315614,-156.628,0,0
18652625279,13.798,0,0
18652625328,2.584,0,0
18690983793,5.90000000000001,0,0
18750320585,-9.55699999999999,0,0
18784646944,2.21699999999998,0,0
18784646987,11.419,0,0
18897319086,-2.76999999999998,0,0
18897319096,11.463,0,0
18897319132,15.226,0,0
19033909980,17.5,0,0
19862859307,15.607,0,0
19862859309,3.43400000000003,0,0
19921272135,6.47399999999999,0,0
19921272137,-3.298,0,0
20082902924,11.87,0,0
20082902928,17.587,0,0
20082902932,24.96,0,0
20082902935,13.527,0,0
17901259845,1.0454,0,0
18009745640,0.646500000000003,0,0
18009745728,28.9003,0,0
18009745810,25.8003,0,0
18052008966,15.8173,0,0
18089366241,8.7072,0,0
18106065790,-16.174,0,0
18196702201,-16.7546,0,0
18196702233,6.57851,0,0
18279740981,28.94918,0,0
18256194249,20.96916,0,0
18296035942,13.403,0,0
18338059532,-275.657,0,0
18395863496,19.705,0,0
18413433775,12.62,0,0
18442778589,-1.03500000000003,0,0
18483496177,9.13499999999999,0,0
18628342626,16.024,0,0
18628342645,99.017,0,0
18690983762,-2.26299999999998,0,0
18724615655,-103.907,0,0
18784646907,11.844,0,0
18784646945,-9.856,0,0
18799202743,11.986,0,0
18843090294,2.59399999999999,0,0
18843090304,0.146000000000015,0,0
18973260556,1.87299999999999,0,0
18973260588,-14.109,0,0
19107828733,66.188,0,0
19107828742,18.357,0,0
19463274519,-133.185,0,0
19463274522,3.05000000000001,0,0
19531794051,-2.93700000000001,0,0
19663506452,10.03,0,0
19663506459,8.93900000000002,0,0
19663506469,18.227,0,0
19663506480,-235.653,0,0
17901259846,2.89360000000001,0,0
18009745641,3.6936,0,0
18009745729,5.6136,0,0
18009745811,3.6131,0,0
18052008967,2.9678,0,0
18089366242,8.15300000000002,0,0
18106065791,-5.065,0,0
18169751744,9.11599999999999,0,0
18169751848,17.189,0,0
18196702280,4.43400000000003,0,0
18279740993,1.51999999999998,0,0
18395863341,-163.949,0,0
18395863418,-21.491,0,0
18413433776,6.43400000000003,0,0
18483496130,26.014,0,0
18507848807,-4.39499999999998,0,0
18534034665,33.461,0,0
18586315572,-5.24200000000002,0,0
18604664749,4.43400000000003,0,0
18628342646,-51.95,0,0
18690983763,19.38,0,0
18724615656,-84.88,0,0
18750320586,19.51,0,0
18843090267,-2.09,0,0
18799202744,13.608,0,0
18843090295,8.089,0,0
18843090305,13.391,0,0
19236336549,4.61500000000001,0,0
19236336554,-7.30799999999999,0,0
19236336573,16.477,0,0
19236336588,-28.195,0,0
19397723981,5.95499999999998,0,0
19397723990,14.038,0,0
19663506470,6.88900000000001,0,0
19663506481,-0.146999999999991,0,0
17901259847,-1.9995,0,0
17901259893,6.57259999999999,0,0
18009745730,9.70999999999999,0,0
18009745812,2.75,0,0
18089366199,2.5346,0,0
18106065735,10.2274,0,0
18106065792,31.3279,0,0
18124433783,16.707,0,0
18240116579,-4.5254,0,0
18217470832,0.547399999999996,0,0
18240116654,-14.609,0,0
18296035909,11.337,0,0
18296035943,11.926,0,0
18311652271,-3.893,0,0
18338059533,-26.121,0,0
18413433777,37.586,0,0
18534034611,1.18799999999999,0,0
18534034621,6.946,0,0
18534034666,27.718,0,0
18586315573,8.731,0,0
18586315615,-108.443,0,0
18652625280,19.679,0,0
18690983731,31.305,0,0
18690983764,-16.035,0,0
18784646898,-13.942,0,0
18750320587,22.946,0,0
18784646946,68.293,0,0
18784646988,8.251,0,0
19033909941,-17.54,0,0
18897319097,2.13,0,0
18897319133,-4.55000000000001,0,0
19033909959,16.29,0,0
19033909981,1.13,0,0
19236336555,9.72999999999999,0,0
19236336563,18.77,0,0
19236336574,2.72,0,0
19236336589,66.2,0,0
19589114102,12.85,0,0
19589114105,-3.56,0,0
19589114114,-162.37,0,0
19738660819,2.81999999999999,0,0
19738660824,34.22,0,0
19738660831,15.84,0,0
19738660842,16.33,0,0
17901259848,219.5228,0,0
18089366200,22.2255,0,0
18106065736,2.3725,0,0
18169751717,-3.9521,0,0
18217470803,-12.029,0,0
18256194220,29.377,0,0
18217470833,13.221,0,0
18256194250,-10.916,0,0
18279741023,-10.913,0,0
18296035944,4.255,0,0
18413433747,16.77,0,0
18413433778,45.982,0,0
18604664720,-25.266,0,0
18652625281,53.843,0,0
18652625329,-24.373,0,0
18690983765,-11.372,0,0
18784646947,0.728000000000009,0,0
18784646989,9.05599999999998,0,0
18814703837,-8.71199999999999,0,0
18897319098,6.19299999999998,0,0
18897319134,-3.19099999999997,0,0
19033909960,-274.585,0,0
19033909982,13.901,0,0
19107828743,8.07600000000002,0,0
19107828752,-277.961,0,0
19531794033,3.01900000000001,0,0
19531794040,4.47399999999999,0,0
19589114118,4.86399999999998,0,0
19589114124,80.203,0,0
19738660832,4.07400000000001,0,0
19738660843,-3.18900000000002,0,0
18009745601,2.6982,0,0
18009745642,2.9468,0,0
18009745732,5.9468,0,0
17901259849,16.0951,0,0
18009745643,57.5363,0,0
18009745815,-20.3348,0,0
18052008968,7.4311,0,0
18089366243,-38.3348,0,0
18169751718,-11.4291,0,0
18196702202,95.5111,0,0
18169751797,39.6288,0,0
18217470815,15.5711,0,0
18217470834,71.6242,0,0
18296035895,21.4452,0,0
18296035910,66.6511,0,0
18296035945,6.2166,0,0
18395863373,18.9147,0,0
18395863419,10.4006,0,0
18395863498,30.713,0,0
18413433779,17.087,0,0
18483496131,2.04,0,0
18507848808,8.226,0,0
18534034667,46.395,0,0
18604664731,8.312,0,0
18604664750,-2.791,0,0
18628342647,-3.975,0,0
18652625330,-5.545,0,0
18690983766,9.015,0,0
18724615657,38.438,0,0
18750320588,-50.481,0,0
18784646948,-23.611,0,0
18799202745,-10.025,0,0
18814703838,8.178,0,0
18843090311,-5.063,0,0
18897319115,-0.145000000000003,0,0
18897319139,9.035,0,0
18973260572,11.084,0,0
18973260594,10.084,0,0
19033909965,-2.916,0,0
19033909992,29.178,0,0
19033910008,0.0399999999999991,0,0
19326637005,32.455,0,0
19326637008,-9.228,0,0
19397723976,1.478,0,0
19397723982,12.585,0,0
19397723992,-4.939,0,0
19463274549,3.009,0,0
19663506454,26.376,0,0
19663506464,7.709,0,0
19862859311,17.588,0,0
19862859313,13.448,0,0
19862859321,-10.856,0,0
19862859336,-2.695,0,0
19935947926,7.329,0,0
19935947927,-27.496,0,0
18169751719,10.2,0,0
18106065738,9.3246,0,0
18106065797,163.0981,0,0
18169751746,19.2981,0,0
18169751801,19.2258,0,0
18240116581,0.444599999999994,0,0
18240116615,-0.955399999999997,0,0
18240116656,27.753,0,0
18296035911,9.13999999999999,0,0
18296035950,-5.48099999999999,0,0
18395863422,9.94499999999999,0,0
18442778559,27.107,0,0
18483496135,4.224,0,0
18534034622,-2.5,0,0
18534034670,7.17100000000001,0,0
18586315576,-82.988,0,0
18586315617,10.105,0,0
18652625282,75.81,0,0
18652625334,-0.596000000000004,0,0
18690983770,-3.682,0,0
18724615660,7.664,0,0
18784646908,-4.364,0,0
18784646949,-4.956,0,0
18784646991,2.361,0,0
18814703841,-3.039,0,0
18897319104,-1.71599999999999,0,0
18973260549,-0.432000000000002,0,0
18897319140,-30.267,0,0
18973260573,-59.31,0,0
18973260595,-3.79600000000001,0,0
18973260612,-3.83799999999999,0,0
19033909993,63.375,0,0
19033910009,44.73,0,0
19107828746,-98.591,0,0
19326637016,33.428,0,0
19326637025,3.42700000000001,0,0
19397723983,9.986,0,0
19397723993,-13.685,0,0
19463274546,28.8,0,0
19463274550,-16.936,0,0
19794563567,26.533,0,0
19794563568,-5.181,0,0
19663506473,16.064,0,0
19663506482,1.633,0,0
19895600291,3.48,0,0
19895600292,2.96599999999999,0,0
19895600294,-5.824,0,0
19895600296,13.659,0,0
20099509159,-9.481,0,0
20099509160,8.496,0,0
20275357161,8.541,0,0
20275357163,50.84,0,0
20275357165,24.278,0,0
20275357166,7.97199999999999,0,0
21313725510,3.90582,0,0
21313725527,-5.96526,0,0
21335177741,-23.94828,0,0
21335177754,10.67122,0,0
21335177773,-3.98172,0,0
21335177789,13.03474,0,0
21439409153,10.80431,0,0
21439409160,1.90582,0,0
21439409184,103.55484,0,0
21517098631,-0.0252599999999998,0,0
21517098646,-0.22299,0,0
21517098662,3.55699999999999,0,0
21517098681,-49.568,0,0
21551806737,3.03899999999999,0,0
21551806757,4.25800000000001,0,0
21566633701,-1.48699999999999,0,0
21566633704,23.164,0,0
21566633708,-64.897,0,0
21566633713,23.789,0,0
21632060605,2.90299999999999,0,0
21632060613,-13.478,0,0
21632060620,75.099,0,0
21632060631,-23.845,0,0
21681782401,2.30000000000001,0,0
21681782407,10.121,0,0
21697560576,-5.69900000000001,0,0
21697560592,67.302,0,0
21787139412,27.27,0,0
21787139431,-22.42,0,0
21890900369,-12.63,0,0
21890900383,-5.37,0,0
21954780648,13.97,0,0
21954780651,22.16,0,0
21954780656,-21.85,0,0
21954780667,25.74,0,0
22034920066,-95.922,0,0
22034920085,42.298,0,0
22542227897,6.14999999999998,0,0
22542227899,8.14999999999998,0,0
22542227901,16.15,0,0
22542227905,9.14999999999998,0,0
22574770772,17.15,0,0
22574770780,9.14999999999998,0,0
22574770792,10.15,0,0
22574770811,17.15,0,0
22574770830,41.31,0,0
22574770840,13.15,0,0
22688507736,7.14999999999998,0,0
22688507749,8.31,0,0
22703012961,11.15,0,0
22703012962,-17.69,0,0
22703012963,7.14999999999998,0,0
22703012971,17.15,0,0
23213804118,14.01,0,0
23213804119,-245.97,0,0
23213804122,4.00999999999999,0,0
23213804137,19.77,0,0
23336425565,15.15,0,0
23336425578,2.89999999999998,0,0
23570158524,21.05,0,0
23570158539,-16.21,0,0
24793389837,7.25399999999999,0,0
24793389848,-44.223,0,0
24793389859,42.016,0,0
24793389873,-62.806,0,0
21313725513,-13.59883,0,0
21313725531,-31.33239,0,0
21335177743,-59.07421,0,0
21335177756,-1.14051,0,0
21357856351,-49.682,0,0
21357856359,-32.0302,0,0
21357856367,-44.2621,0,0
21357856375,-33.5346,0,0
21439409169,21.2915,0,0
21439409185,-31.4976,0,0
21566633698,-1.7174,0,0
21632060590,-68.6647,0,0
21632060594,16.3353,0,0
21608137597,-42.7434,0,0
21664120458,-24.6686,0,0
21664120467,-23.7859,0,0
21859718323,-6.7038,0,0
22018446641,-19.6588,0,0
22367978839,-43.7764,0,0
22688507721,-9.8353,0,0
22688507767,-17.6588,0,0
21313725514,-36.01381,0,0
21313725532,-44.306513,0,0
21335177744,-50.533327,0,0
21335177757,-29.414768,0,0
21335177775,-44.504387,0,0
21335177792,-37.474466,0,0
21429635540,-37.320954,0,0
21429635542,-54.434768,0,0
21429635543,-40.560273,0,0
21429635545,-44.24,0,0
21517098648,-43.72,0,0
21517098665,-17.3165,0,0
21526243616,-20.0424,0,0
21526243620,-28.4461,0,0
21526243626,0.912500000000001,0,0
21526243634,-86.6043,0,0
21551806824,-31.7237,0,0
21577620863,-21.0741,0,0
21599539589,-31.9148,0,0
21599539595,-31.8782,0,0
21621931893,-23.9409,0,0
21621931895,-20.1246,0,0
21697560543,-8.4956,0,0
21697560550,-26.1097,0,0
21697560561,-24.8508,0,0
21697560580,-28.8678,0,0
21859718331,-8.9155,0,0
21859718333,-16.0356,0,0
21859718338,-17.2164,0,0
21859718348,-28.0645,0,0
21859718364,-3.05,0,0
21859718380,-23.107,0,0
21909230175,-12.9268,0,0
21909230184,-30.2606,0,0
21909230192,-47.303,0,0
21954780657,2.7501,0,0
21954780668,-16.3196,0,0
22367978828,-31.9736,0,0
22367978840,-20.3308,0,0
22503128721,-24.2306,0,0
22503128725,-3.1697,0,0
22688507718,-31.0438,0,0
22688507720,-23.9762,0,0
22688507728,-16.1405,0,0
22688507768,-17.1405,0,0
23054196941,-33.1719,0,0
23054196985,-22.4685,0,0
23168807782,-67.2356,0,0
23168807808,-28.2329,0,0
23276541550,-26.8672,0,0
23276541578,87.1682,0,0
23383318046,-2.8096,0,0
23383318062,-13.8254,0,0
21313725515,-32.87045,0,0
21313725533,-37.09699,0,0
21335177745,-28.38,0,0
21335177758,-34.978186,0,0
21335177776,-43.09699,0,0
21335177793,-28.04166,0,0
21439409170,-37.07972,0,0
21439409186,-33.36815,0,0
21517098633,-27.31616,0,0
21517098649,-24.06319,0,0
21551806729,7.045612,0,0
21551806759,-28.25338,0,0
21599539570,-15.04456,0,0
21599539571,3.095,0,0
21599539574,-44.7435,0,0
21599539580,-11.8892,0,0
21608137588,-6.537,0,0
21608137598,0.405000000000001,0,0
21608137607,-20.675,0,0
21608137616,17.026,0,0
21681782395,-2.1371,0,0
22034920043,10.856,0,0
22034920054,-72.45,0,0
22034920088,-11.688,0,0
22034920105,-11.776,0,0
22341910581,-13.816,0,0
22341910593,-6.816,0,0
22542227906,-20.916,0,0
22542227919,-8.916,0,0
22542228811,-37.837,0,0
22542228814,-18.814,0,0
22574770812,-10.408,0,0
22574770831,-21.485,0,0
22623902533,-6.591,0,0
22623902534,-3.555,0,0
22623902538,-9.64,0,0
22623902542,-13.788,0,0
22688507750,-15.671,0,0
22688507761,-23.464,0,0
23276541534,-13.004,0,0
23276541541,-18.668,0,0
23276541547,-20.639,0,0
23276541569,-14.606,0,0
23570158505,-15.212,0,0
23570158510,-22.484,0,0
23570158513,-27.762,0,0
21335177727,40.1934,0,0
21335177736,-1.582726,0,0
21335177748,20.41561,0,0
21335177761,8.590095,0,0
21357856352,-4.420379,0,0
21357856361,3.47019,0,0
21517098652,17.568189,0,0
21517098667,10.707591,0,0
21517098701,20.637156,0,0
21551806776,7.739235,0,0
21599539572,2.585514,0,0
21599539575,1.32998,0,0
21577620855,-39.955,0,0
21577620864,-37.8686,0,0
21599539591,-3.9174,0,0
21599539596,-333.6678,0,0
21621931894,-0.0829999999999984,0,0
21621931896,0.921199999999999,0,0
21664120459,11.7925,0,0
21664120468,-4.8708,0,0
21697560563,16.2073,0,0
21787139382,12.3562,0,0
21890900351,8.029,0,0
21890900353,22.761,0,0
21890900358,21.751,0,0
21890900372,-0.933999999999997,0,0
21890900386,3.029,0,0
21909230185,27.636,0,0
21909230193,12.299,0,0
22034920044,12.616,0,0
22034920057,1.316,0,0
22367978825,13.873,0,0
22367978829,16.565,0,0
22367978835,5.708,0,0
22367978842,10.672,0,0
22367978850,5.012,0,0
22367978864,13.812,0,0
22503128731,14.872,0,0
22503128740,2.81200000000001,0,0
22542228809,18.36,0,0
22574770793,15.729,0,0
22574770813,-44.252,0,0
22597278313,8.77199999999999,0,0
22597278319,5.84999999999999,0,0
22608077380,-10.534,0,0
22608077389,79.2,0,0
22688507737,-7.96199999999999,0,0
22688507751,9.977,0,0
22688507762,5.42599999999999,0,0
22688507771,25.489,0,0
23570158503,13.496,0,0
23570158506,-2.952,0,0
23570158511,0.788000000000011,0,0
23570158514,0.584999999999994,0,0
23570158526,15.864,0,0
23570158540,8.22,0,0
21335177728,19.33183,0,0
21335177737,-98.422495,0,0
21335177762,-4.710393,0,0
21357856353,-15.02449,0,0
21357856362,-20.500904,0,0
21357856369,-39.357052,0,0
21357856377,-33.369144,0,0
21517098624,-44.628421,0,0
21517098687,-39.20686,0,0
21517098702,-15.743298,0,0
21526243627,51.1355,0,0
21526243635,-3.8447,0,0
21551806799,-13.2553,0,0
21551806826,-25.4412,0,0
21577620856,-24.4098,0,0
21577620865,-35.5241,0,0
21599539592,-13.4369,0,0
21599539597,-5.89099999999999,0,0
21697560533,-3.678,0,0
21697560537,-28.558,0,0
21697560544,-10.734,0,0
21787139383,-6.868,0,0
21787139395,6.71299999999999,0,0
21787139417,-8.465,0,0
21859718367,-1.21700000000001,0,0
21890900387,-10.575,0,0
21890900398,-13.684,0,0
22034920032,-29.679,0,0
22034920045,-121.44,0,0
22034920073,-31.492,0,0
22034920091,-14.526,0,0
22367978836,-15.04,0,0
22367978843,-6.79900000000001,0,0
22367978851,-10.739,0,0
22367978865,-17.356,0,0
22688507722,-6.79900000000001,0,0
22688507723,0.36099999999999,0,0
22688507729,-19.146,0,0
22688507769,-8.62200000000001,0,0
23054196943,-21.149,0,0
23054196986,-10.242,0,0
23168807783,-12.21,0,0
23168807809,14.819,0,0
23276541551,-17.205,0,0
23276541579,-24.416,0,0
23383318047,-11.732,0,0
23383318063,-2.571,0,0
21373097542,-5.64230000000001,0,0
21373097550,-4.3746,0,0
21517098617,-10.6345,0,0
21517098625,-13.5346,0,0
21439409199,13.6909,0,0
21439409210,8.331,0,0
21517098668,24.3655,0,0
21517098688,0.611000000000004,0,0
21551806740,5.59050000000001,0,0
21551806762,10.385,0,0
21551806777,25.7054,0,0
21551806800,-3.82899999999999,0,0
21608137581,-3.6592,0,0
21608137584,10.3408,0,0
21608137589,14.3408,0,0
21608137599,15.5686,0,0
21608137608,12.2319,0,0
21608137617,8.3408,0,0
21681782391,35.0808,0,0
21681782397,3.3408,0,0
21697560553,23.2254,0,0
21697560564,36.911,0,0
21787139384,18.083,0,0
21787139396,6.346,0,0
21787139418,12.034,0,0
21787139433,-80.05,0,0
21859718351,2.78999999999999,0,0
21859718368,17.759,0,0
21859718381,17.724,0,0
21859718388,17.414,0,0
22034920058,-17.398,0,0
22034920092,-4.90199999999999,0,0
22034920106,12.156,0,0
22341910582,-59.896,0,0
22341910594,-2.21899999999999,0,0
22542227909,-28.936,0,0
22542227922,19.22,0,0
22574770781,-5.863,0,0
22574770794,10.117,0,0
22574770814,50.126,0,0
22688507724,5.035,0,0
22688507726,-8.45500000000001,0,0
22688507738,-45,0,0
22688507752,5.05699999999999,0,0
22688507763,-2.62700000000001,0,0
22688507772,9.37299999999999,0,0
22703012964,0.992999999999995,0,0
22703012972,34.77,0,0
23119367590,11.251,0,0
23119367603,2.33699999999999,0,0
23336425566,-4.84200000000001,0,0
23336425579,-0.471000000000004,0,0
23570158512,-4.69999999999999,0,0
23570158515,-5.46199999999999,0,0
23570158527,6.07300000000001,0,0
23570158541,3.477,0,0
24779691305,-2.49700000000001,0,0
24779691314,-152.6227,0,0
24779691320,21.711,0,0
24779691327,76.8745,0,0
24793389862,33.2646,0,0
24793389876,1.5703,0,0
21373097543,-35.9343,0,0
21373097551,-2.3407,0,0
21439409171,12.0793,0,0
21439409187,6.9358,0,0
21517098636,7.0758,0,0
21517098653,-15.8548,0,0
21517098689,-40.7042,0,0
21517098703,-37.0856,0,0
21526243628,-77.6943,0,0
21526243636,-68.1143,0,0
21664120441,-35.5633,0,0
21664120446,-187.4002,0,0
21664120449,-37.9178,0,0
21664120453,-27.84,0,0
21664120460,9.52300000000002,0,0
21664120469,-50.968,0,0
21697560565,-38.629,0,0
21697560595,-27.516,0,0
21799719743,-24.941,0,0
21799719749,1.05599999999998,0,0
21859718369,-34.701,0,0
21859718382,-46.939,0,0
21890900388,-18.11,0,0
22034920026,-10.676,0,0
21954780660,28.552,0,0
21954780669,-279.2,0,0
22034920075,-10.926,0,0
22034920093,-11.886,0,0
22367978852,-35.886,0,0
22367978866,-25.637,0,0
22542227923,-14.926,0,0
22542227932,-26.446,0,0
22574770795,72.218,0,0
22574770833,-24.043,0,0
22574770841,-286.702,0,0
22608077381,-4.976,0,0
22608077390,1.51600000000002,0,0
22688507739,-31.868,0,0
22688507753,-26.074,0,0
22688507764,-22.068,0,0
22688507773,-27.643,0,0
22703012965,-72.199,0,0
22703012973,-21.314,0,0
23119367591,-64.517,0,0
23119367604,-20.578,0,0
23570158499,-22.965,0,0
23570158501,1.93000000000001,0,0
23570158507,-13.238,0,0
23570158516,-18.973,0,0
21439409154,0.374899999999997,0,0
21439409161,4.48820000000001,0,0
21439409172,12.66,0,0
21439409188,19.5418,0,0
21439409200,-1.7581,0,0
21439409211,22.4082,0,0
21517098690,18.985,0,0
21551806741,-97.94,0,0
21551806763,-27.282,0,0
21551806778,19.599,0,0
21551806801,29.251,0,0
21566633711,22.911,0,0
21608137585,10.263,0,0
21608137590,18.203,0,0
21608137600,20.486,0,0
21608137609,5.96000000000001,0,0
21608137618,58.094,0,0
21632060625,-0.032999999999987,0,0
21632060634,-81.844,0,0
21697560554,30.051,0,0
21697560566,14.8476,0,0
21697560582,7.386,0,0
21697560596,3.59100000000001,0,0
21787139419,6.64599999999999,0,0
21787139434,12.603,0,0
21859718352,2.61099999999999,0,0
21859718370,9.62299999999999,0,0
21859718383,-3.31700000000001,0,0
21859718389,4.154,0,0
21890900389,-2.22,0,0
21890900399,3.4502,0,0
22034920034,2.43170000000001,0,0
22034920046,10.5717,0,0
22018446652,10.6952,0,0
22018446658,-4.42829999999999,0,0
22034920094,4.57599999999999,0,0
22034920107,5.5317,0,0
22341910583,-0.280000000000001,0,0
22341910595,-17.4761,0,0
22367978867,2.59180000000001,0,0
22367978876,5.44370000000001,0,0
22542227910,2.39099999999999,0,0
22542227933,20.088,0,0
22574770796,11.955,0,0
22574770816,-12.166,0,0
22608077373,-13.113,0,0
22608077375,4.554,0,0
22608077382,-68.1,0,0
22608077391,4.73399999999999,0,0
22688507754,11.794,0,0
22688507765,5.434,0,0
22688507774,-33.361,0,0
22703012966,15.683,0,0
22703012974,9.481,0,0
23276541533,-60.732,0,0
23276541535,-10.221,0,0
21439409155,8.31059999999999,0,0
21439409162,-3.9607,0,0
21439409173,9.3193,0,0
21439409189,-12.4425,0,0
21517098637,10.2793,0,0
21517098654,8.25960000000001,0,0
21551806726,-9.54170000000001,0,0
21551806730,-76.5115,0,0
21551806742,35.4383,0,0
21551806779,12.454,0,0
21551806802,18.852,0,0
21664120439,24.755,0,0
21664120442,3.947,0,0
21664120450,19.504,0,0
21664120454,-24.265,0,0
21664120461,10.518,0,0
21664120470,-9.714,0,0
21697560567,47.76,0,0
21697560583,6.94399999999999,0,0
21787139397,-66.029,0,0
21787139420,-11.1402,0,0
23054196908,18.268,0,0
23054196909,-5.19899999999996,0,0
21859718371,3.04399999999998,0,0
21859718384,5.72500000000002,0,0
23054196910,58.576,0,0
23054196974,14.812,0,0
23276541536,-212.041,0,0
23276541540,-1.35799999999995,0,0
23276541548,-10.019,0,0
23276541568,11.283,0,0
23570158508,-37.382,0,0
23570158517,24.086,0,0
23570158523,-717.802,0,0
23570158542,14.014,0,0
24793389828,-14.1735,0,0
24779691321,1.8155,0,0
24779691328,82.0665,0,0
24793389863,-7.0051,0,0
24848598838,21.3122,0,0
24848598844,2.79219999999999,0,0
24885888712,8.7697,0,0
25649052111,14.4254,0,0
25649052112,13.983,0,0
25649052115,13.731,0,0
25649052118,-11.815,0,0
25649052124,3.77290000000001,0,0
25649052139,-0.355999999999995,0,0
25882162684,-26.7964,0,0
25882162717,17.542,0,0
21439409156,-25.8532,0,0
21439409163,-23.286,0,0
21439409174,-15.726,0,0
21439409190,-24.506,0,0
21517098670,-11.7778,0,0
21517098691,-29.4178,0,0
21566633697,0.722200000000001,0,0
21566633700,-4.94840000000001,0,0
21551806780,-24.68002,0,0
21551806803,-24.5549,0,0
21599539576,-15.8149,0,0
21599539582,75.6937,0,0
21608137591,-34.4245,0,0
21608137601,-18.1417,0,0
21608137610,-0.432499999999997,0,0
21608137619,-60.5563,0,0
21632060626,-28.0918,0,0
21632060635,-46.6266,0,0
21681782404,-25.382,0,0
21681782408,44.13,0,0
21787139385,-0.280000000000001,0,0
21787139398,-46.514,0,0
21859718353,-48.804,0,0
21859718372,-6.402,0,0
21890900374,6.539,0,0
21890900390,-21.766,0,0
21909230186,-17.767,0,0
21909230194,-7.126,0,0
21954780661,-20.507,0,0
21954780670,-20.827,0,0
22542227895,-32.641,0,0
22688507717,37.333,0,0
22688507719,-16.76,0,0
22542227911,-2.207,0,0
22542227924,-19.992,0,0
23276541538,-10.052,0,0
23336425569,-13.462,0,0
23503663029,-16.885,0,0
23503663031,-12.88,0,0
23503663036,-27.418,0,0
23503663049,-4.78100000000001,0,0
21439409157,-54.9489,0,0
21439409164,-29.9748,0,0
21439409175,3.24039999999999,0,0
21439409201,26.8473,0,0
21439409212,-13.1527,0,0
21517098671,-28.238,0,0
21517098692,10.235,0,0
21551806781,-4.24100000000001,0,0
21551806804,-47.612,0,0
21599539577,-18.07,0,0
21599539583,11.903,0,0
21621931889,-24.266,0,0
21621931891,-25.939,0,0
21681782386,-9.69999999999999,0,0
21681782392,-0.463999999999999,0,0
21681782398,-42.716,0,0
21859718324,-18.73,0,0
21859718327,45.437,0,0
21787139399,-13.118,0,0
21787139421,-13.222,0,0
21859718354,-10.81,0,0
21859718373,-8.488,0,0
21909230172,-14.754,0,0
21909230195,-14.087,0,0
22034920047,-14.006,0,0
22034920076,-11.969,0,0
22034920095,12.1,0,0
22034920108,-3.339,0,0
22574770757,-38.104,0,0
22574770760,-39.603,0,0
22574770763,-37.764,0,0
22574770765,-12.28,0,0
22574770819,-13.882,0,0
22688507730,-22.862,0,0
22688507770,-23.064,0,0
23383318037,-12.4,0,0
23383318039,-56.231,0,0
23383318041,15.363,0,0
23383318043,-59.892,0,0
23503663030,-21.431,0,0
23503663032,-13.023,0,0
23503663037,-16.36,0,0
23503663050,-9.553,0,0
21439409158,-8.9064,0,0
21439409176,-45.7464,0,0
21439409192,-36.8098,0,0
21517098655,-19.9664,0,0
21517098672,-10.2064,0,0
21517098693,-40.5987,0,0
21577620849,-28.138,0,0
21577620851,-12.816,0,0
21577620852,-43.938,0,0
21517098626,-18.9402,0,0
21517098639,-16.746,0,0
21526243611,-32.1535,0,0
21526243614,-32.5866,0,0
21517098694,-11.8783,0,0
21517098704,-4.6957,0,0
21526243629,-11.0344,0,0
21551806782,16.5858,0,0
21551806805,-25.8344,0,0
21551806827,-36.133,0,0
21577620858,-9.873,0,0
21577620866,-11.602,0,0
21599539593,-7.974,0,0
21599539598,-40.871,0,0
21681782388,0.3065,0,0
21681782393,17.1376,0,0
21681782399,-14.512,0,0
21681782409,-2.541,0,0
21787139386,3.888,0,0
21787139422,-10.582,0,0
21517098611,-44.651,0,0
21517098613,-19.767,0,0
21517098627,-4.5133,0,0
21517098640,17.993,0,0
21551806731,57.509,0,0
21551806743,0.653000000000006,0,0
21551806764,-19.5471,0,0
21551806783,0.0553000000000026,0,0
21551806806,-17.9735,0,0
21551806828,-21.098,0,0
21621931890,-26.5191,0,0
21621931892,-28.835,0,0
21697560538,15.5,0,0
21697560545,-42.486,0,0
21697560555,-9.24599999999998,0,0
21697560568,-74.847,0,0
21697560584,-5.202,0,0
21787139400,-29.925,0,0
21787139423,-14.523,0,0
21859718342,-19.933,0,0
21859718355,-25.447,0,0
21859718374,0.852000000000004,0,0
21859718385,-25.612,0,0
21890900375,-17.627,0,0
21890900391,-15.359,0,0
21909230187,-35.415,0,0
21909230196,-1.035,0,0
21954780662,-9.05399999999997,0,0
21954780671,-22.5268,0,0
22034920077,-16.279,0,0
22034920096,-23.282,0,0
22367978837,-17.529,0,0
22367978844,-18.374,0,0
22367978853,-30.341,0,0
22367978868,-54.562,0,0
22542227904,-21.414,0,0
22542227912,-19.517,0,0
22542227925,-32.301,0,0
22542227934,-17.449,0,0
22574770817,-5.25999999999999,0,0
22574770842,-31.193,0,0
22608077383,-24.458,0,0
22608077392,-31.91,0,0
22688507741,-38.99,0,0
22688507755,-24.045,0,0
22688507766,-18.067,0,0
22688507775,-18.193,0,0
22703012967,-22.203,0,0
22703012975,-25.943,0,0
23119367592,-16.258,0,0
23119367605,-33.3,0,0
23570158500,-22.04,0,0
23570158502,-13.425,0,0
23570158504,-25.32,0,0
23570158509,-26.285,0,0
23582561415,-21.074,0,0
23582561426,-58.706,0,0
24779691315,-76.4312,0,0
24848598830,-18.48,0,0
24848598845,4.368,0,0
24143139972,-1.35,0,0
24153664048,-2.075,0,0
24164982475,-4.523,0,0
24179012084,-7.263,0,0
24184523506,-12.184,0,0
24204680078,-63.053,0,0
24223102858,-8.018,0,0
24237726155,-7.248,0,0
24252430379,-23.954,0,0
24254461750,-9.6,0,0
24283328540,-19.524,0,0
24292361861,-13.926,0,0
24297393595,-11.522,0,0
24300154542,-19.384,0,0
24317200441,-45.698,0,0
24317200461,-21.781,0,0
24363375467,-7.65600000000001,0,0
24376899895,0.174999999999997,0,0
24556316771,-11.287,0,0
24556316787,-11.836,0,0
24556316812,-10.578,0,0
24699947521,-342.536,0,0
24699947541,8.29700000000003,0,0
24726282610,-36.75211,0,0
24848598826,-27.38376,0,0
24848598828,-55.33099,0,0
24848598833,-34.08888,0,0
25191243333,-32.10484,0,0
25191243335,-10.61553,0,0
25191243336,-22.10594,0,0
25191243338,-20.56188,0,0
25989686376,-29.008,0,0
25989686379,-26.9602,0,0
25930755452,-19.9441,0,0
25989686395,-21.92,0,0
25989686420,-196.17,0,0
26662217255,-42.3368,0,0
26662217256,2.226,0,0
26533471754,-39.76,0,0
26533471764,25.539,0,0
26662217267,-3.41500000000001,0,0
26662217285,-3.238,0,0
24143139943,-12.016,0,0
24143139971,-2.658,0,0
24153664047,-2.624,0,0
24164982474,-31.821,0,0
24179012083,-6.674,0,0
24184523505,-9.524,0,0
24204680077,11.458,0,0
24223102857,-20.016,0,0
24237726154,13.757,0,0
24283328539,-20.709,0,0
24292361860,-6.602,0,0
24297393594,-15.821,0,0
24300154541,-18.442,0,0
24305513762,-9.869,0,0
24317200460,-49.62,0,0
24363375466,-30.39713,0,0
24376899894,-9.73142,0,0
24556316770,-32.21744,0,0
24556316786,-17.252,0,0
24556316811,-28.42346,0,0
24699947520,-31.40732,0,0
24726282596,-31.44994,0,0
24143139945,-19.172,0,0
24143139973,-9.406,0,0
24153664049,-2.834,0,0
24164982476,-5.234,0,0
24179012085,-1.391,0,0
24184523507,12.952,0,0
24204680079,15.891,0,0
24237726141,1.687,0,0
24237726156,-4.011,0,0
24252430380,-36.955,0,0
24254461751,12.974,0,0
24283328541,-18.239,0,0
24292361862,-23.178,0,0
24297393596,-17.563,0,0
24300154543,-23.036,0,0
24363375444,-41.541,0,0
24363375468,-44.1598,0,0
24376899896,-19.2953,0,0
24556316772,-23.8179,0,0
24556316788,2.2905,0,0
24556316813,-7.8095,0,0
24764786933,-12.550536,0,0
24764786941,-35.322531,0,0
25191243330,-73.485399,0,0
25191243331,-1.34945,0,0
25191243337,-11.44076,0,0
25191243339,-93.381097,0,0
24143139946,-0.348999999999997,0,0
24143139974,-9.93300000000001,0,0
24153664050,7.144,0,0
24179012066,13.651,0,0
24179012086,-8.281,0,0
24184523508,-16.274,0,0
24204680080,-21.135,0,0
24223102859,-23.986,0,0
24237726157,10.878,0,0
24252430381,-26.372,0,0
24283328542,-14.923,0,0
24292361863,-34.195,0,0
24297393597,-33.79,0,0
24305513746,-50.334,0,0
24305513763,-30.776,0,0
24317200462,-101.138,0,0
24363375469,-312.551,0,0
24438688140,-11.344,0,0
24556316789,-3.7132,0,0
24556316814,-15.9119,0,0
24637177519,-16.9571,0,0
24699947542,-69.9243,0,0
24848598827,-40.9102,0,0
24848598829,-77.1245,0,0
24848598834,-43.6625,0,0
24848598854,-36.498,0,0
25191243332,-17.3619,0,0
25191243334,-39.3291,0,0
25989686377,-40.3757,0,0
25989686380,-22.7547,0,0
25989686384,-8.2335,0,0
25989686386,-5.0752,0,0
25989686396,-11.2935,0,0
25989686421,-15.2503,0,0
26384270465,-44.182,0,0
26384270471,-24.538,0,0
24143139947,13.283,0,0
24143139975,-27.159,0,0
24164982458,14.214,0,0
24179012087,-5.601,0,0
24184523509,-7.849,0,0
24204680081,-5.173,0,0
24223102860,-48.1,0,0
22018446661,0.418000000000006,0,0
22341910575,-47.751,0,0
22367978855,-25.275,0,0
22574770775,17.496,0,0
22574770785,-300.667,0,0
22574770835,25.256,0,0
22688507743,-36.117,0,0
22688507757,84.81,0,0
22688507781,-16.348,0,0
23054196933,-24.204,0,0
23054196990,-31.612,0,0
23168807776,-264.894,0,0
23168807779,-90.602,0,0
23168807786,-13.427,0,0
23213804141,-27.493,0,0
23276541555,-15.724,0,0
23383318057,-60.491,0,0
23657433893,-26.318,0,0
23657433896,-15.469,0,0
23744541552,-294.244,0,0
23844826409,-33.722,0,0
24072658000,-51.138,0,0
24072658004,-30.948,0,0
24105166297,-21.957,0,0
24128612808,-29.037,0,0
22018446654,-9.88599999999997,0,0
22018446660,-30.1,0,0
22367978832,-28.221,0,0
22367978845,-8.64999999999998,0,0
22503128722,0.202999999999975,0,0
22574770774,9.519,0,0
22574770801,-21.167,0,0
22597278312,19.584,0,0
22703012968,-27.158,0,0
22703012976,-74.322,0,0
23054196976,-5.09500000000003,0,0
23054196989,-13.04,0,0
23119367598,-28.157,0,0
23119367606,-16.4349999999999,0,0
23168807785,-49.32,0,0
23213804128,-48.175,0,0
23213804134,-5.24900000000002,0,0
23213804140,-44.04,0,0
23213804146,11.823,0,0
23336425580,-13.045,0,0
23503662702,-7.356,0,0
23503662704,-7.04500000000002,0,0
23503662709,-9.10000000000002,0,0
23600764033,-25.206,0,0
23844826406,-11.386,0,0
23844826407,-38.329,0,0
24048776219,11.753,0,0
24072657999,42.873,0,0
24072658003,-35.1369999999999,0,0
24088471187,-41.545,0,0
24128612807,32.098,0,0
24153664029,-22.4160000000001,0,0
24153664053,-6.20899999999995,0,0
22018446659,-23.984,0,0
22335556338,-11.465,0,0
22335556344,-2.73700000000002,0,0
22367978854,-92.651,0,0
22542227935,-422.766,0,0
22574770800,-13.221,0,0
22574770834,-20.6,0,0
22688507742,-33.736,0,0
22688507756,-40.781,0,0
23054196926,-29.454,0,0
23054196932,-18.71,0,0
23054196988,-44.295,0,0
23168807775,-27.778,0,0
23168807778,-23.655,0,0
23168807784,-19.02,0,0
23213804127,-36.654,0,0
23213804139,2.61000000000001,0,0
23213804145,61.225,0,0
23336425563,-18.788,0,0
23383318048,-23.939,0,0
23383318052,-362.948,0,0
23503662708,-18.941,0,0
23503663039,-18.108,0,0
23503663043,-25.25,0,0
23503663046,-354.187,0,0
23503663051,-348.421,0,0
23570158535,13.84,0,0
23600764032,-69.871,0,0
23657433892,-34.692,0,0
23657433895,-316.692,0,0
23744541449,-27.603,0,0
23744541551,-25.801,0,0
23992268476,-26.455,0,0
23992268478,-3.77100000000002,0,0
24048776222,-51.723,0,0
24048776225,-49.966,0,0
24088471186,-8.644,0,0
24128612806,-23.01,0,0
24153664028,36.282,0,0
24153664052,-24.031,0,0
22034920060,-38.873,0,0
22034920079,-15.213,0,0
22034920100,-58.153,0,0
22341910585,-25.227,0,0
22341910596,-29.236,0,0
22542227926,-27.236,0,0
22574770786,-11.676,0,0
22574770820,-3.25,0,0
22608077374,0.110000000000014,0,0
22703012960,-8.87,0,0
22703012969,-14.178,0,0
22703012977,-29.466,0,0
23054196977,33.966,0,0
23119367597,-45.315,0,0
23168807787,27.834,0,0
23276541552,-488.59,0,0
23276541556,20.535,0,0
23276541562,-343.3,0,0
23503662701,11.947,0,0
23503662705,-78.465,0,0
23503662710,-143.927,0,0
23503663044,-45.053,0,0
23503663052,-23.853,0,0
23570158536,-88,0,0
23600764034,-39.744,0,0
23600764040,-22.173,0,0
23744541447,-375.516,0,0
23744541553,-20.933,0,0
23821681820,-27.473,0,0
23844826411,-3.95299999999997,0,0
24072658001,-166.894,0,0
24072658005,-18.67,0,0
24088471188,-17.793,0,0
24128612809,26.927,0,0
24153664030,-11.318,0,0
24153664054,-38.073,0,0
22034920080,-55.333,0,0
22034920101,-24.737,0,0
22341910586,-25.835,0,0
22341910597,-30.078,0,0
22542227927,-22.278,0,0
22574770782,-15.478,0,0
22574770803,-42.865,0,0
22574770821,1.09999999999999,0,0
22574770836,-30.893,0,0
22688507744,17.719,0,0
22688507758,-172.514,0,0
22688507778,-28.526,0,0
23054196927,-21.875,0,0
23054196934,-35.574,0,0
23054196978,-20.696,0,0
23119367594,-40.614,0,0
23119367599,-25.73,0,0
23119367608,89.559,0,0
23119367612,-45.731,0,0
23168807816,-11.645,0,0
23276541553,-33.421,0,0
23276541557,-44.492,0,0
23276541563,-21.186,0,0
23336425581,-10.65,0,0
23383318053,-22.08,0,0
23383318058,-131.766,0,0
23383318064,-32.471,0,0
23600764041,-28.227,0,0
22034920103,-7.81200000000001,0,0
22367978846,-44.469,0,0
22367978856,-26.773,0,0
22542227929,-33.473,0,0
22574770784,9.04300000000001,0,0
22574770805,-22.494,0,0
22574770823,-112.721,0,0
22574770838,-47.52,0,0
22688507746,-189.396,0,0
22703012970,-21.55,0,0
22703012978,-21.55,0,0
23168807780,-23.55,0,0
23213804131,-58.478,0,0
23213804136,-29.55,0,0
23213804142,-7.93600000000001,0,0
23213804147,-55.55,0,0
23276541565,-26.137,0,0
23503662703,-25.55,0,0
23503662706,-42.55,0,0
23503663045,-27.71,0,0
23503663048,-185.55,0,0
23570158532,-25.55,0,0
23570158537,-190.55,0,0
23600764037,-57.638,0,0
23600764043,-57.345,0,0
23821681822,114.888,0,0
23844826412,-33.61,0,0
24048776220,-22.149,0,0
24105166296,-25.145,0,0
24237726130,-39.118,0,0
24237726131,-40.228,0,0
24237726132,-65.01,0,0
24237726134,-40.068,0,0
22335556335,-31.057,0,0
22335556336,-100.987,0,0
22335556339,-41.585,0,0
22335556345,-84.793,0,0
22503128723,-13.97,0,0
22574770776,-539.711,0,0
22574770806,-28.24,0,0
22574770824,-104.458,0,0
22597278317,-33.472,0,0
22688507747,-48.355,0,0
22688507759,-4.57100000000003,0,0
22688507779,-588.145,0,0
22688507782,-624.094,0,0
23054196936,-62.601,0,0
23054196981,-118.709,0,0
23054196987,-1.613,0,0
23168807777,-31.145,0,0
23168807781,-50.388,0,0
23168807789,-17.96,0,0
23213804143,-27.704,0,0
23276541559,-49.591,0,0
23276541566,-31.802,0,0
23383318045,-16.676,0,0
23383318055,-25.556,0,0
23383318060,-34.551,0,0
23383318065,-35.676,0,0
23600764038,37.783,0,0
23600764044,-35.588,0,0
23992268475,-24.031,0,0
23992268477,-17.588,0,0
23992268480,-104.569,0,0
23992268482,-30.17,0,0
24048776224,-31.769,0,0
24048776226,31.3,0,0
24116435451,-61.054,0,0
24143139942,-31.484,0,0
24143139970,-35.375,0,0
24164982459,-27.529,0,0
24164982480,-16.178,0,0
22034920081,-15.672,0,0
22034920102,-12.444,0,0
22341910598,-36.441,0,0
22542227928,-25.56,0,0
22574770783,-25.119,0,0
22574770804,-36.709,0,0
22574770822,-11.94,0,0
22574770837,-53.813,0,0
22688507745,-93.972,0,0
23054196928,-23.316,0,0
23054196935,-34.889,0,0
23054196979,-8.053,0,0
23119367600,-31.727,0,0
23168807788,-6.953,0,0
23213804130,-34.417,0,0
23213804135,-93.966,0,0
23276541558,-4.50800000000001,0,0
23276541564,-49.383,0,0
23336425582,-72.703,0,0
23383318059,-42.667,0,0
23503662711,-30.563,0,0
23570158528,-128.009,0,0
23570158531,-13.407,0,0
23600764035,-17.734,0,0
23600764042,-39.431,0,0
23821681819,-38.549,0,0
23821681821,11.339,0,0
23992268479,-14.058,0,0
23992268481,-40.005,0,0
24072657998,-20.892,0,0
24072658006,-10.56,0,0
24105166298,15.75,0,0
24128612810,-43.873,0,0
24153664031,-26.32,0,0
24153664055,-8.84099999999999,0,0
22367978858,-22.874,0,0
22542227930,-12.043,0,0
22367978857,-33.023,0,0
22574770788,-34.958,0,0
22574770825,-7.411,0,0
22574770839,-40.117,0,0
22688507760,-0.329000000000008,0,0
22688507780,-16.532,0,0
23054196929,-11.005,0,0
23054196937,-26.978,0,0
23054196982,-21.594,0,0
23119367595,-126.334,0,0
23119367601,-58.089,0,0
23119367610,-14.463,0,0
23119367613,-17.925,0,0
23168807817,-12.772,0,0
23276541546,-56.377,0,0
23276541554,-5.81100000000001,0,0
23276541560,-28.892,0,0
23276541567,-25.377,0,0
23336425583,-22.249,0,0
23383318051,-44.33,0,0
23383318056,-52.153,0,0
23383318061,-9.298,0,0
23383318066,-55.299,0,0
23570158522,-14.791,0,0
23570158529,-33.695,0,0
23570158533,-61.11,0,0
23600764039,-20.427,0,0
23657433894,-25.458,0,0
23657433897,-31.419,0,0
23744541451,-21.153,0,0
23744541554,-28.777,0,0
23821681823,-24.857,0,0
23821681827,-42.261,0,0
23844826413,-20.468,0,0
24048776221,-25.477,0,0
24072658002,-18.989,0,0
24072658007,-17.467,0,0
24164982454,-27.5599999999999,0,0
26725039688,-35.671,0,0
26782877222,-17.851,0,0
27219985209,-51.656,0,0
27219985214,-34.657,0,0
27219985228,-47.415,0,0
27507217593,-27.153,0,0
27507217613,-22.34,0,0
27507217640,-27.585,0,0
28105034894,-30.022,0,0
28105034917,-51.471,0,0
28105034950,-32.494,0,0
28105034982,-36.673,0,0
28105035001,-48.23,0,0
28738981499,-26.1900000000001,0,0
28738981554,-3.81200000000001,0,0
28738981577,-13.035,0,0
28738981581,-38.1900000000001,0,0
28738981607,-14.36,0,0
28738981631,-21.035,0,0
28738981655,-19.035,0,0
26696776146,-41.099,0,0
27166273109,-30.5654,0,0
27188748923,-33.0601,0,0
27219985231,-27.6748,0,0
27219985246,-44.6319,0,0
27318526869,-45.5935,0,0
28105034867,-33.6965,0,0
27507217653,-26.8435,0,0
28105034922,-39.8247,0,0
28105034955,-94.6638,0,0
28105034986,-28.6279,0,0
28105035005,-15.7657,0,0
28738981500,-25.1635,0,0
28738981528,-45.4797,0,0
28738981559,-28.2331,0,0
28738981588,-25.2607,0,0
28738981611,-29.5758,0,0
28738981636,-63.3126,0,0
28738981657,-35.6555,0,0
28738981668,-33.5651,0,0
29275834816,-32.5758,0,0
29275834851,-35.5243,0,0
29275834863,10.9353,0,0
29275834874,-26.4221,0,0
27188748919,-16.71,0,0
27219985229,-35.005,0,0
27219985245,-2.75999999999999,0,0
27318526865,-28.354,0,0
27507217614,4.411,0,0
27507217641,-23.15,0,0
28105034987,-36.923,0,0
28738981501,-20.961,0,0
28738981523,-31.103,0,0
28738981556,-26.472,0,0
28738981609,-27.125,0,0
28967402135,-12.587,0,0
28967402139,-36.512,0,0
28967402152,-27.718,0,0
28967402161,-14.374,0,0
29275834830,-37.851,0,0
29275834861,-37.396,0,0
29275834872,-27.343,0,0
31609550506,-23.811,0,0
27318526868,-9.703,0,0
27507217616,-38.573,0,0
28105034920,-39.625,0,0
28105034954,-24.442,0,0
28105034985,-25.493,0,0
28738981527,-25.492,0,0
28738981558,-27.47,0,0
28738981587,-59.31,0,0
28738981614,-26.285,0,0
28738981635,-21.293,0,0
29275834795,-16.269,0,0
29275834850,-25.497,0,0
31609544283,-42.479,0,0
31679748638,-11.67648,0,0
31942845433,-17.68368,0,0
27318526885,-19.879,0,0
28105034918,-34.618,0,0
28105034984,-28.713,0,0
28105035003,-53.521,0,0
28105035021,-28.825,0,0
28738981524,-32.642,0,0
28738981557,-40.608,0,0
28738981584,-40.03,0,0
28738981610,-28.564,0,0
28738981633,-27.393,0,0
28738981658,-13.903,0,0
28738981667,-42.021,0,0
29275834814,-14.058,0,0
29275834834,-76.243,0,0
29275834873,-34.106,0,0
31609544285,23.934,0,0
27318526867,-81.2577,0,0
27507217615,-4.33410000000001,0,0
27507217638,-28.1042,0,0
28105034877,-22.8768,0,0
28738981489,-24.615,0,0
28738981502,-3.6164,0,0
28738981562,-7.5407,0,0
29465046201,-67.9167,0,0
29275834792,-67.9167,0,0
29465046206,-22.1607,0,0
29275834800,-22.1607,0,0
28105034895,-57.075,0,0
28105034983,-30.307,0,0
28105035002,-34.219,0,0
28105035020,20.984,0,0
28738981522,-367.685,0,0
28738981555,-44.137,0,0
28738981582,-12.152,0,0
28738981608,-54.807,0,0
28738981632,-13.883,0,0
28738981666,-25.572,0,0
29275834846,-8.71899999999999,0,0
29275834864,-27.616,0,0
29275834871,20.465,0,0
28105034919,-12.841,0,0
28105034953,-28.6155,0,0
28105035004,-40.7812,0,0
28105035023,-37.326,0,0
28738981526,-32.6047,0,0
28738981561,-26.003,0,0
28738981586,-30.6047,0,0
28738981613,-24.5192,0,0
28738981634,-33.7561,0,0
28738981656,-24.6355,0,0
28967402146,-20.4776,0,0
28967402153,-33.5077,0,0
29275834831,-33.5634,0,0
29275834849,-37.657,0,0
29275834862,-15.3909,0,0
29465046210,-19.641,0,0
29493700296,-19.641,0,0
29465046212,-31.616,0,0
29493700298,-31.616,0,0
29493700299,-37.432,0,0
29493700301,-38.176,0,0
29593896347,-40.872,0,0
29669099251,-18.3075,0,0
29669099255,-27.083,0,0
32919000117,-22.83,0,0
20334122020,7.166,0,0
20334122051,6.74599999999998,0,0
20397874370,-0.437000000000012,0,0
20425967940,2.709,0,0
20425967970,0.932999999999993,0,0
20597396856,2.42899999999997,0,0
20452986048,0.749000000000024,0,0
20597396891,-0.22199999999998,0,0
20597396926,0.77800000000002,0,0
20771299492,3.64699999999999,0,0
20771299532,7.83199999999999,0,0
20771299557,14.592,0,0
20888105851,13.192,0,0
20911386383,17.842,0,0
20911386411,7.465,0,0
20911386432,1.554,0,0
20920375450,0.140999999999991,0,0
20931904781,17.267,0,0
20931904804,-28.797,0,0
20945564536,3.215,0,0
20953998368,2.59100000000001,0,0
20953998391,-71.737,0,0
20983484854,-25.441,0,0
20983484883,47.041,0,0
20994782604,18.157,0,0
20994782635,4.30099999999999,0,0
21004550129,-0.170999999999992,0,0
21004550151,44.05,0,0
21014168835,19.55,0,0
21022618487,12.547,0,0
21022618508,4.31800000000001,0,0
21026815646,-1.33199999999999,0,0
21026815656,-5.68600000000001,0,0
21026815667,-5.566,0,0
21031600704,11.952,0,0
21038905102,-4.63300000000001,0,0
21084915072,2.262,0,0
20334122010,-1.76499999999999,0,0
20334122037,6.35500000000002,0,0
20425967925,17.37,0,0
20425967984,1.56900000000002,0,0
20611751955,22.024,0,0
20771299472,6.27699999999999,0,0
20771299548,-0.901999999999987,0,0
20888105862,31.102,0,0
20953998342,-92.478,0,0
20931904815,-257.13,0,0
20953998377,-233.345,0,0
20983484849,-0.882000000000005,0,0
20978990872,46.672,0,0
20983484892,-4.12900000000002,0,0
21014168775,-11.918,0,0
21014168797,28.13,0,0
21014168845,5.91999999999996,0,0
21022618517,3.136,0,0
21182437707,12.7044,0,0
21214534133,19.3026,0,0
21357856338,-7.9015,0,0
20334122021,12.035,0,0
20334122052,6.96699999999998,0,0
20387836200,3.13799999999998,0,0
20425967971,4.66899999999998,0,0
20452986021,9.60399999999998,0,0
20771299493,15.241,0,0
20771299533,42.504,0,0
20888105823,-4.666,0,0
20888105852,-7.59100000000001,0,0
20892704912,3.38900000000001,0,0
20911386412,13.551,0,0
20911386433,13.755,0,0
20931904755,2.47500000000002,0,0
20931904782,15.658,0,0
20983484865,-1.745,0,0
20983484884,-6.60300000000001,0,0
20994782605,13.712,0,0
20994782618,-3.362,0,0
20994782636,-3.45699999999999,0,0
21014168789,-159.778,0,0
21014168836,7.298,0,0
21038905081,-7.154,0,0
21038905103,-90.875,0,0
21279049729,-26.157,0,0
21279049733,11.669,0,0
21279049739,-2.952,0,0
21279049745,79.856,0,0
21279049753,-189.611,0,0
21279049769,31.049,0,0
21697560525,-15.847,0,0
21697560527,6.67500000000001,0,0
21697560585,-0.25200000000001,0,0
20334122022,0.16500000000002,0,0
20397874361,-61.265,0,0
20397874371,-1.27300000000002,0,0
20425967942,1.23000000000002,0,0
20425967972,-13.235,0,0
20452986022,15.747,0,0
20452986049,-33.229,0,0
20597396893,-3.83100000000002,0,0
20597396927,12.778,0,0
20771299494,15.859,0,0
20771299534,-3.84500000000003,0,0
20888105824,-157.419,0,0
20892704902,22.605,0,0
20920375430,19.679,0,0
20931904756,21.635,0,0
20931904783,7.83600000000001,0,0
20931904805,-1.69000000000005,0,0
20953998349,12.688,0,0
20953998370,115.3308,0,0
20953998392,-76.5661,0,0
20978990844,3.2246,0,0
20978990864,15.8886,0,0
20983484885,39.0545,0,0
20994782637,11.0997,0,0
21014168790,7.3348,0,0
21014168837,13.3692,0,0
21022618488,10.5853,0,0
21022618509,31.3763,0,0
21022618531,-6.747,0,0
21031600670,25.372,0,0
21279049727,7.10939999999999,0,0
21279049740,16.5555,0,0
21279049746,12.687,0,0
21357856354,-4.899,0,0
21357856380,4.66899999999998,0,0
21697560526,0.918000000000006,0,0
21697560528,8.50599999999997,0,0
21697560540,14.974,0,0
21697560586,20.53,0,0
21859718356,-2.69800000000001,0,0
21859718390,-16.011,0,0
20334122023,1.846,0,0
20334122053,18.101,0,0
20387836201,30.649,0,0
20397874383,2.16200000000001,0,0
20425967973,-183.673,0,0
20597396857,-22.517,0,0
20452986050,3.14099999999999,0,0
20771299463,-38.021,0,0
20771299495,2.93299999999999,0,0
20771299535,-5.44900000000001,0,0
20888105825,16.71,0,0
20888105853,-12.464,0,0
20920375416,-11.62,0,0
20920375431,-3.93600000000001,0,0
20931904757,8.589,0,0
20931904784,-0.394000000000005,0,0
20931904806,0.519000000000005,0,0
20953998350,35.468,0,0
20953998371,40.173,0,0
20953998393,-17.44,0,0
20967592463,-4.554,0,0
20967592472,9.077,0,0
20978990865,-83.028,0,0
20978990882,12.411,0,0
20983484886,26.505,0,0
20994782606,1.517,0,0
20994782619,12.942,0,0
21014168777,-11.523,0,0
21014168791,2.828,0,0
21014168808,2.79300000000001,0,0
21022618479,-5.47,0,0
21014168858,-4.1555,0,0
21022618510,-6.6858,0,0
21078231216,-41.4384,0,0
21279049728,-16.38759,0,0
21279049730,42.492,0,0
21279049735,5.604,0,0
21279049741,10.02569,0,0
21279049770,-28.006,0,0
21357856355,21.6506,0,0
21357856381,10.7586,0,0
21551806747,4.71000000000001,0,0
21551806829,4.96199999999999,0,0
21859718321,7.352,0,0
21859718328,25.688,0,0
21859718391,48.105,0,0
22034920040,26.304,0,0
22034920097,7.74000000000001,0,0
20334122026,57.596,0,0
20334122055,-8.02699999999999,0,0
20425967917,-4.00900000000001,0,0
20425967975,9.62900000000002,0,0
20452986025,5.382,0,0
20452986053,18.362,0,0
20597396896,37.6,0,0
20611751964,27.426,0,0
20771299498,41.491,0,0
20888105828,-9.37799999999999,0,0
20888105855,-26.56,0,0
20911386415,16.392,0,0
20920375432,29.169,0,0
20945564511,-10.149,0,0
20945564522,45.378,0,0
20945564539,14.94,0,0
20945564553,1.7676,0,0
20962503582,3.5971,0,0
20962503590,6.7076,0,0
20962503603,6.5649,0,0
20983484855,-4.4305,0,0
20983484867,3.54000000000001,0,0
20983484887,10.5724,0,0
20999738929,-4.864,0,0
20999738952,2.6833,0,0
21004550153,-10.0137,0,0
21014168839,31.8883,0,0
21022618490,4.4723,0,0
21022618512,-17.5604,0,0
21022618532,-8.0972,0,0
21031600681,21.9874,0,0
21038905082,9.5587,0,0
21078231233,6.3604,0,0
20334122027,0.995999999999981,0,0
20334122056,-23.027,0,0
20397874373,3.125,0,0
20425967944,6.08199999999999,0,0
20425967976,8.428,0,0
20452986026,-3.86399999999998,0,0
20597396868,-11.862,0,0
20597396897,-5.53100000000001,0,0
20597396929,1.70499999999998,0,0
20771299499,10.941,0,0
20771299538,-9.7974,0,0
20911386371,11.9177,0,0
20931904786,4.8218,0,0
20962503591,9.7137,0,0
20962503604,3.7073,0,0
20983484856,-8.7737,0,0
20983484888,18.8964,0,0
20999738924,3.6951,0,0
21022618476,-38.2527,0,0
21022618513,0.839400000000001,0,0
21022618533,0.631799999999998,0,0
21022618540,-2.8572,0,0
21031600705,15.6624,0,0
21214534110,-0.0946999999999996,0,0
21214534112,8.0371,0,0
21214534116,191.0825,0,0
21214534123,-12.3685,0,0
21214534130,101.8045,0,0
21214534140,18.6079,0,0
21551806713,7.6785,0,0
21551806716,11.489,0,0
21551806720,3.74000000000001,0,0
21551806725,0.49799999999999,0,0
21551806749,10.275,0,0
21551806830,87.381,0,0
21799719738,-11.879,0,0
21799719739,19.363,0,0
21799719741,0.280000000000001,0,0
21799719750,26.559,0,0
21214534117,5.7838,0,0
21214534124,19.8736,0,0
21551806717,-6.036,0,0
21632060576,12.261,0,0
21551806750,-3.773,0,0
21551806831,19.857,0,0
20334122028,9.40800000000002,0,0
20334122057,-16.215,0,0
20425967918,-3.07999999999998,0,0
20425967945,-7.38499999999999,0,0
20425967977,18.478,0,0
20597396858,0.641999999999996,0,0
20452986054,12.462,0,0
20597396898,45.512,0,0
20771299464,7.76499999999999,0,0
20771299500,0.829999999999984,0,0
20911386367,-39.822,0,0
20888105856,6.27600000000001,0,0
20911386387,-13.295,0,0
20911386416,12.387,0,0
20931904743,17.011,0,0
20931904759,14.81,0,0
20931904787,-21.23,0,0
20945564523,12.347,0,0
20945564540,12.063,0,0
20945564554,18.0738,0,0
20967592473,208.97724,0,0
20994782621,-2.11357,0,0
21014168793,-14.1022,0,0
21014168810,-0.90128,0,0
21014168840,-10.92762,0,0
21014168860,37.73763,0,0
21022618534,9.263242,0,0
21031600682,14.163994,0,0
21038905083,-7.927136,0,0
21038905107,-0.858057,0,0
20387836168,-10.878,0,0
20439365653,5.82400000000001,0,0
20439365657,-2.18400000000003,0,0
20439365671,19.269,0,0
20597396874,-1.59399999999999,0,0
20771299473,12.46,0,0
20920375405,12.792,0,0
20920375410,1.88799999999998,0,0
20920375425,-4.851,0,0
20953998343,-133.3802,0,0
20989179500,30.021,0,0
20999738932,-3.06700000000001,0,0
21014168798,0.558999999999997,0,0
21014168846,7.792,0,0
20397874354,-0.329999999999984,0,0
20397874377,10.556,0,0
20425967986,6.65499999999997,0,0
20771299456,4.16300000000001,0,0
20888105804,6.63499999999999,0,0
20771299550,23.015,0,0
20888105864,11.462,0,0
20920375458,16.089,0,0
20931904816,-7.4362,0,0
21022618475,18.4546,0,0
21022618519,-0.6996,0,0
21182437708,16.7696,0,0
21182437714,9.4762,0,0
21298407342,-16.5792,0,0
21357856334,19.3695,0,0
21357856339,4.3969,0,0
21357856357,0.0266999999999982,0,0
21458082905,-20.877,0,0
21551806752,24.243,0,0
21599539584,32.025,0,0
21890900349,11.996,0,0
22367978821,13.245,0,0
20275357162,6.429,0,0
20334121983,-0.425000000000001,0,0
20387836171,4.68,0,0
20387836184,8.395,0,0
20425967939,-0.988,0,0
20425967969,9.59,0,0
20452986020,9.002,0,0
20597396866,-0.0567999999999955,0,0
20597396889,-1.62309999999999,0,0
20597396924,15.6442,0,0
20611751970,-4.46299999999999,0,0
20771299530,17.641,0,0
20888105821,-24.95,0,0
20888105849,-12.429,0,0
20911386381,40.1382,0,0
20911386409,-66.8198,0,0
20931904740,8.542,0,0
20931904753,7.9699,0,0
20931904779,42.614,0,0
20945564519,-8.508,0,0
20945564534,1.22499999999999,0,0
20967592453,-7.1764,0,0
20967592462,20.1918,0,0
20983484882,15.3505,0,0
20994782603,18.504,0,0
20994782616,3.83,0,0
20994782634,-19.286,0,0
20999738950,-11.174,0,0
21004550150,46.415,0,0
21014168857,9.4002,0,0
21022618506,-3.0136,0,0
21022618539,-2.202,0,0
21026815666,15.124,0,0
21031600703,2.812,0,0
21038905099,2.465,0,0
20292349421,-4.779,0,0
20292349425,5.44199999999999,0,0
20425967924,-4.283,0,0
20611751951,4.06600000000003,0,0
20611751954,20.483,0,0
20611751966,14.228,0,0
20888105811,21.554,0,0
20911386373,25.787,0,0
20920375424,19.567,0,0
20920375456,1.459,0,0
20931904814,15.258,0,0
20962503577,3.46100000000001,0,0
20962503593,3.74100000000001,0,0
20978990871,23.089,0,0
20994782596,-34.251,0,0
20994782624,18.238,0,0
21014168844,33.57,0,0
21031600648,-6.91900000000001,0,0
21031600672,10.36,0,0
21038905088,1.06899999999999,0,0
21038905100,-0.340000000000003,0,0
21084915081,-15.615,0,0
21182437726,-24.505,0,0
21182437763,2.16999999999999,0,0
21429635537,33.349,0,0
21429635539,9.62899999999999,0,0
21429635544,20.167,0,0
21632060582,12.746,0,0
21566633716,17.261,0,0
22542227896,3.63999999999999,0,0
20387836172,7.548,0,0
20387836185,8.108,0,0
20387836199,0.12700000000001,0,0
20397874382,9.368,0,0
20439365667,2.007,0,0
20439365676,20.15,0,0
20452986047,5.63299999999998,0,0
20597396925,46.059,0,0
20771299491,62.292,0,0
20771299531,3.58699999999999,0,0
20888105822,-14.31,0,0
20888105850,-306.651,0,0
20911386382,2.839,0,0
20911386410,0.199000000000012,0,0
20911386431,-11.74,0,0
20931904754,-17.945,0,0
20931904780,27.148,0,0
20945564520,6.57600000000002,0,0
20945564535,-319.212,0,0
20945564551,8.29000000000001,0,0
20967592454,-16.785,0,0
20978990862,8.191,0,0
20989179505,-2.75648,0,0
20989179513,19.30284,0,0
20989179523,-16.93184,0,0
20999738936,-15.50807,0,0
21004550128,7.31041,0,0
21014168806,-1.43156,0,0
21014168834,23.68529,0,0
21022618486,2.53462,0,0
21022618507,4.21035,0,0
21031600651,-1.72027,0,0
21026815655,18.35238,0,0
21031600679,-10.06798,0,0
21038905080,7.23936,0,0
21038905101,-38.16619,0,0
21078231232,19.27193,0,0
21078231249,-5.76513,0,0
24088471183,23.11,0,0
24105166302,-30.996,0,0
24116435457,3.04499999999999,0,0
24128612794,5.053,0,0
24143139949,8.93299999999999,0,0
24143139976,-4.01599999999999,0,0
24153664056,19.945,0,0
24179012068,10.339,0,0
24179012088,11.99,0,0
24184523510,-4.0376,0,0
24223102861,26.0453,0,0
24237726158,42.4743,0,0
24252430402,-18.9179,0,0
24292361848,-19.4288,0,0
24292361864,-14.0604,0,0
24297393599,4.0995,0,0
24305513764,-7.7121,0,0
24317200463,32.1414,0,0
24376899898,9.7163,0,0
24556316773,10.8805,0,0
24556316791,-61.454,0,0
24556316815,32.1146,0,0
24726282592,6.3183,0,0
24726282597,14.8576,0,0
24726282611,20.601,0,0
24764786932,-0.112900000000003,0,0
24743997367,1.8468,0,0
24764786942,13.622,0,0
24779691317,3.5025,0,0
24779691330,-20.3495,0,0
24848598835,25.6724,0,0
24088471184,-127.506,0,0
24105166303,27.761,0,0
24116435458,13.375,0,0
24116435462,70.609,0,0
24128612795,14.476,0,0
24128612811,-11.04,0,0
24143139977,-12.664,0,0
24153664057,39.188,0,0
24184523483,9.78299999999999,0,0
24189017217,19.122,0,0
24204680082,8.55099999999999,0,0
24223102862,12.823,0,0
24237726159,8.02800000000002,0,0
24252430387,-172.723,0,0
24292361843,-15.523,0,0
24283328544,-25.561,0,0
24292361865,-27.442,0,0
24363375448,14.766,0,0
24363375470,-298.847,0,0
24438688147,19.108,0,0
24637177506,17.127,0,0
24637177508,13.1776,0,0
24699947523,5.0228,0,0
24743997359,8.107,0,0
24743997368,3.21459,0,0
24793389820,12.52825,0,0
24793389830,7.173038,0,0
24793389851,4.81304,0,0
24848598847,21.91867,0,0
24848598863,22.20241,0,0
25210801388,-66.05175,0,0
25210801390,-141.158,0,0
25210801391,20.245898,0,0
24088471185,20.196,0,0
24105166304,8.75,0,0
24116435459,10.84,0,0
24116435463,1.79599999999999,0,0
24143139950,5.82499999999999,0,0
24153664058,11.745,0,0
24164982478,-4.00399999999999,0,0
24179012089,-3.31299999999999,0,0
24184523511,22.971,0,0
24204680083,25.07,0,0
24223102863,-4.80000000000001,0,0
24237726160,41.238,0,0
24252430403,5.09999999999999,0,0
24283328545,26.34,0,0
24297393585,-21.64,0,0
24297393600,-10.82,0,0
24305513747,10.76,0,0
24305513765,-54.83,0,0
24317200464,41.31,0,0
24376899885,21.25,0,0
24376899899,-16.8,0,0
24556316774,18.97,0,0
24556316792,24.55,0,0
24556316816,-15.42,0,0
24726282593,12.6,0,0
24726282598,7.06999999999999,0,0
24726282612,-24.79,0,0
24743997360,3.81,0,0
24793389855,-35.95,0,0
24848598837,-6.81,0,0
24848598848,-5.83,0,0
16152170127,11.8977,0,0
16152170129,7.0602,0,0
17521128256,-9.0345,0,0
17521128257,-19.8002,0,0
17608990241,28.2889,0,0
17608990272,41.8378,0,0
17608990290,41.2942,0,0
17608990302,32.8451,0,0
17608990325,2.7818,0,0
17786229901,-47.102,0,0
17786229905,27.4838,0,0
17686923480,-30.661,0,0
17786229935,-16.342,0,0
17786229981,7.2131,0,0
17816584347,19.3255,0,0
17816584357,4.1694,0,0
17816584364,33.9801,0,0
17816584381,0.0975999999999999,0,0
17869104818,-10.8649,0,0
17869104843,4.6902,0,0
17901259872,-4.1379,0,0
17901259898,6.8062,0,0
18009745694,5.8129,0,0
18009745783,19.236,0,0
18052008916,-1.87799999999999,0,0
18052008993,13.203,0,0
18106065746,-3.851,0,0
18106065769,11.697,0,0
18124433769,22.151,0,0
18124433786,-19.289,0,0
18169751802,18.691,0,0
18169751833,2.98500000000001,0,0
16152170128,6.5826,0,0
16152170130,13.6208,0,0
17521128258,-3.0388,0,0
17521128261,81.1649,0,0
17521128268,-6.4366,0,0
17608990259,5.6073,0,0
17608990273,-3.8027,0,0
17608990291,-4.1829,0,0
17608990303,-5.25449999999999,0,0
17631635804,25.863,0,0
17631635809,3.38339999999999,0,0
17686923449,35.5731,0,0
17686923455,38.7972,0,0
17786229918,-18.8759,0,0
17786229922,7.8833,0,0
17786229936,11.4358,0,0
17786229954,-0.805300000000003,0,0
17786229982,7.6635,0,0
17786229994,-20.3324,0,0
17816584358,85.2989,0,0
17816584365,17.8635,0,0
17882472454,24.3372,0,0
17882472464,23.9114,0,0
18009745695,6.1722,0,0
18052008903,-9.7242,0,0
18052008917,11.0766,0,0
18052008973,1.0817,0,0
18052008994,-22.8839,0,0
16349736269,-16.7072,0,0
16349736270,11.0928,0,0
17211054058,-6.214,0,0
17447307362,-200.812,0,0
17447307370,-32.77,0,0
17447307468,11.09,0,0
17608990261,-20.881,0,0
17608990274,0.523000000000025,0,0
17608990292,-10.038,0,0
17608990305,1.72199999999998,0,0
17686923425,3.63799999999998,0,0
17686923432,5.48000000000002,0,0
17686923450,-5.09899999999999,0,0
17686923457,9.856,0,0
17786229938,8.49700000000001,0,0
17786229956,3.20299999999997,0,0
17786229984,-3.809,0,0
17786229995,4.23000000000002,0,0
17816584359,3.24700000000001,0,0
17816584383,-1.12599999999998,0,0
17869104821,-6.05500000000001,0,0
17869104845,-5.233,0,0
17901259874,10.84,0,0
17901259900,17.381,0,0
18009745697,-20.319,0,0
18009745785,8.24400000000003,0,0
18052008918,5.947,0,0
18052008974,14.634,0,0
18089366220,-253.014,0,0
18089366254,8.46600000000001,0,0
18106065770,-30.757,0,0
18106065817,27.8669,0,0
18145087151,14.30467,0,0
18145087178,8.56514,0,0
18240116573,8.80288,0,0
18240116585,30.62575,0,0
18240116599,-15.89356,0,0
18240116639,40.15728,0,0
18296035898,8.94644,0,0
18279741026,-0.4813,0,0
18296035955,10.5187,0,0
18338059481,-10.72236,0,0
18338059522,8.5187,0,0
18395863431,57.30288,0,0
18395863502,12.06288,0,0
16349736283,-21.4363,0,0
16349736284,-22.9081,0,0
17345585554,2.3048,0,0
17345585557,2.9505,0,0
17345585561,-2.4224,0,0
17345585634,-3.4062,0,0
17521128284,6.87050000000001,0,0
17521128325,9.006,0,0
17521128344,-7.7216,0,0
17521128360,2.31,0,0
17608990304,4.50409999999999,0,0
17608990326,14.256,0,0
17631635810,17.6068,0,0
17631635824,-40.643,0,0
17686923456,0.462900000000005,0,0
17686923481,-2.9719,0,0
17786229923,-15.5927,0,0
17786229937,-2.9905,0,0
17786229955,1.6448,0,0
17786229983,24.3408,0,0
17816584382,-44.7695,0,0
17869104820,-5.6467,0,0
17869104844,24.5014,0,0
17901259873,-28.8634,0,0
17901259899,2.4294,0,0
18009745696,9.3741,0,0
18009745784,2.8703,0,0
18089366189,1.6962,0,0
18089366202,8.18640000000001,0,0
18089366219,-1.8954,0,0
18089366253,2.13509999999999,0,0
18196702194,-10.6721,0,0
18196702198,21.3925,0,0
18145087150,-1.7676,0,0
18145087177,3.66889999999999,0,0
18196702222,3.3289,0,0
18196702247,10.4689,0,0
18240116598,8.74890000000001,0,0
18240116638,3.66889999999999,0,0
18279740997,-5.33110000000001,0,0
18279741025,-3.4611,0,0
18296035927,-2.005,0,0
18296035954,-2.9891,0,0
18338059480,-0.7502,0,0
18338059521,39.6978,0,0
18395863430,7.7471,0,0
18395863501,14.317,0,0
18413433763,5.933,0,0
18413433793,10.8365,0,0
18483496116,2.753,0,0
18483496167,8.753,0,0
18586315559,11.4441,0,0
18586315582,55.8701,0,0
16607535118,-36.4254,0,0
16836749009,10.677,0,0
17447307371,25.0496,0,0
17447307404,30.7986,0,0
17447307445,10.1002,0,0
17447307469,4.0174,0,0
17447307506,53.1664,0,0
17786229895,-40.0085,0,0
17786229897,-2.2706,0,0
17786229904,18.1287,0,0
17786229958,-72.7115,0,0
18106065705,-24.105,0,0
18106065708,15.1744,0,0
18009745739,22.2344,0,0
18009745776,9.4591,0,0
18169751720,-5.9266,0,0
18169751757,29.1644,0,0
18395863331,-4.9305,0,0
18395863434,24.0376,0,0
18413433744,-11.9553,0,0
18413433791,53.0695,0,0
16916874311,11.6954,0,0
16916874312,11.6954,0,0
16916874332,10.6651,0,0
16916874406,18.6353,0,0
17060579737,9.4004,0,0
17060579782,15.3806,0,0
17211054061,-49.1255,0,0
17211054100,2.2001,0,0
17345585570,28.2667,0,0
17345585635,14.9695,0,0
17447307429,-12.3976,0,0
17447307447,3.0961,0,0
17447307497,47.60007,0,0
17447307508,1.6892,0,0
17608990263,-34.84398,0,0
17608990276,0.0615000000000001,0,0
17631635791,0.60281,0,0
17631635795,-18.9185,0,0
17631635802,31.33424,0,0
17631635812,-0.83762,0,0
17686923445,2.42665,0,0
17686923461,7.71509,0,0
17686923476,-25.03781,0,0
17686923489,-20.9486,0,0
17786229932,-16.60961,0,0
17786229975,-44.69465,0,0
17833286374,18.39559,0,0
17833286375,19.68385,0,0
17882472427,-49.86576,0,0
17882472439,-23.2212,0,0
17882472444,18.389829,0,0
17882472465,78.3333,0,0
18009745741,-54.49604,0,0
18009745778,12.9745,0,0
18009745827,13.12871,0,0
18052008940,9.7549,0,0
18052008997,-17.5453,0,0
18106065744,20.637,0,0
18106065799,-7.4463,0,0
18169751737,-2.5673,0,0
18169751758,8.2466,0,0
18169751785,17.0677,0,0
18169751836,10.8268,0,0
18196702244,8.2445,0,0
18196702282,3.0426,0,0
18279740988,42.351,0,0
18279741000,36.2807,0,0
18311652236,44.3026,0,0
18311652247,-3.7097,0,0
18395863347,-9.1718,0,0
18395863376,8.921,0,0
18395863397,-4.2518,0,0
18395863435,9.8195,0,0
18395863478,9.9427,0,0
18395863526,2.6995,0,0
18442778572,19.8827,0,0
18442778591,10.7847,0,0
18507848796,33.1306,0,0
18507848811,4.8785,0,0
18534034649,-19.1353,0,0
18534034691,8.0555,0,0
18628342621,12.275,0,0
18628342627,-5.2752,0,0
18628342635,-17.6356,0,0
18628342657,-0.268000000000001,0,0
16916874333,4.78570000000001,0,0
16916874407,-72.6905,0,0
17060579736,6.7478,0,0
17060579781,-31.8798,0,0
17447307359,31.43,0,0
17447307446,-14.38475,0,0
17447307470,-0.81683,0,0
17447307482,44.59352,0,0
17447307496,-7.27178,0,0
17447307507,12.59352,0,0
17521128327,-16.43889,0,0
17521128346,10.83123,0,0
17608990287,-12.30877,0,0
17608990308,-20.28623,0,0
17686923424,-12.12132,0,0
17686923444,21.49375,0,0
17686923460,-14.15178,0,0
17686923475,-36.28107,0,0
17686923488,12.73377,0,0
17786229959,11.59603,0,0
17786229974,15.04002,0,0
17786229997,-2.03253,0,0
17816584355,-21.65668,0,0
17816584369,49.24509,0,0
18009745591,13.18374,0,0
18009745646,-79.85408,0,0
18009745740,17.90218,0,0
18009745777,3.60048,0,0
18009745826,0.69792,0,0
18052008939,13.73342,0,0
18052008996,43.65219,0,0
18106065743,-11.58907,0,0
18106065798,-4.32701,0,0
18124433767,18.37394,0,0
18124433788,-116.5101,0,0
18169751784,18.888,0,0
18169751835,29.542,0,0
18395863333,-27.795,0,0
18395863346,11.791,0,0
18395863477,19.019,0,0
18395863525,22.174,0,0
17015282704,0.400199999999998,0,0
17015282709,16.9045,0,0
17015282717,7.9135,0,0
17015282798,5.2356,0,0
17447307400,55.3008,0,0
17447307430,1.7391,0,0
17447307448,-0.5533,0,0
17447307483,41.6024,0,0
17447307498,11.8292,0,0
17521128316,9.5086,0,0
17521128328,18.7916,0,0
17521128347,16.0631,0,0
17521128357,12.7744,0,0
17608990309,-3.8271,0,0
17608990321,-5.1411,0,0
17686923434,-16.1112,0,0
17686923446,7.8602,0,0
17686923462,30.8009,0,0
17686923477,3.5883,0,0
17686923490,50.6668,0,0
17686923494,8.5467,0,0
17786229960,-3.9369,0,0
17786229998,3.9252,0,0
17786230008,50.8913,0,0
18009745583,-0.354299999999999,0,0
18009745587,-17.4037,0,0
18009745598,39.167,0,0
18009745648,0.939999999999998,0,0
18009745742,-1.8011,0,0
18009745779,-4.04,0,0
18009745828,15.6472,0,0
18106065717,-5.1967,0,0
18106065728,-3.2421,0,0
18106065745,-13.2621,0,0
18106065800,5.5863,0,0
18169751738,-8.1755,0,0
18169751759,2.8245,0,0
18169751786,2.8599,0,0
18169751837,13.7979,0,0
18196702245,13.7579,0,0
18196702283,6.6668,0,0
18256194238,1.7979,0,0
18256194254,14.5037,0,0
18279741010,8.4011,0,0
18279741049,7.4202,0,0
18395863348,2.935,0,0
18395863377,48.8191,0,0
18395863398,14.9097,0,0
18395863436,13.9669,0,0
17060579722,-12.8585,0,0
17060579728,-3.0105,0,0
17060579731,23.0025,0,0
17060579783,4.7667,0,0
17211054101,-22.0156,0,0
17447307401,-158.33391,0,0
17447307431,6.47866,0,0
17447307449,-29.64478,0,0
17447307472,82.39041,0,0
17447307484,30.03963,0,0
17521128329,11.86191,0,0
17521128348,-18.54364,0,0
17521128358,19.42805,0,0
17608990310,53.37399,0,0
17608990322,-13.24364,0,0
17686923447,86.90518,0,0
17686923463,9.22348,0,0
17686923478,30.60588,0,0
17816584337,24.43243,0,0
17786229961,17.67682,0,0
17786229977,70.40029,0,0
17816584348,17.5014,0,0
17882472428,-18.25097,0,0
17882472445,14.32462,0,0
18009745624,13.52613,0,0
18009745649,-16.69579,0,0
18009745743,-3.60831,0,0
18009745780,9.51025,0,0
18089366190,-12.96344,0,0
18089366197,23.89219,0,0
18089366221,17.267039,0,0
18089366252,-81.0776,0,0
18169751721,24.40028,0,0
18169751739,-23.646,0,0
18169751760,-356.652,0,0
18169751838,22.279,0,0
18196702284,3.98500000000001,0,0
18279740989,-3.54599999999999,0,0
18279741001,10.6755,0,0
18279741011,2.169,0,0
18279741050,7.615,0,0
18311652250,-122.696,0,0
18311652274,19.22,0,0
18395863399,2.19,0,0
18395863437,39.645,0,0
18442778567,10.691,0,0
18442778593,19.107,0,0
18534034627,18.75,0,0
18534034650,-6.49799999999999,0,0
18628342617,-274.03,0,0
18628342636,7.68900000000002,0,0
18628342656,17.399,0,0
18690983726,1.34800000000001,0,0
18690983747,15.514,0,0
17060579725,-5.4045,0,0
17060579729,7.4564,0,0
17060579730,40.243,0,0
17345585555,-202.761,0,0
17345585558,22.263,0,0
17447307361,28.447,0,0
17447307374,0.776999999999987,0,0
17447307402,-8.68299999999999,0,0
17447307432,-89.941,0,0
17447307450,35.131,0,0
17447307473,39.126,0,0
17447307485,10.38,0,0
17447307499,5.28999999999999,0,0
17521128317,28.081,0,0
17521128330,4.92699999999999,0,0
17521128349,18.155,0,0
17521128359,-5.78100000000001,0,0
17608990311,-7.41300000000001,0,0
17608990323,2.07900000000001,0,0
17686923436,6.816,0,0
17686923448,32.68,0,0
17686923464,-7.23500000000001,0,0
17686923479,-14.581,0,0
17686923491,3.375,0,0
17686923495,-16.164,0,0
17786229962,-10.393,0,0
17786229978,5.04900000000001,0,0
17786229999,-107.357,0,0
17786230009,23.302,0,0
17901259822,3.232,0,0
17869104823,12.296,0,0
17869104834,18.232,0,0
17901259897,16.123,0,0
17135675439,6.6352,0,0
17345585556,-20.619,0,0
17345585559,-6.93100000000001,0,0
17345585571,0.256,0,0
17345585636,9.803,0,0
17521128323,3.37100000000001,0,0
17521128345,-15.81,0,0
17521128361,-8.85900000000001,0,0
17608990306,-5.387,0,0
17608990327,13.809,0,0
17631635825,23.715,0,0
17686923458,20.4,0,0
17686923482,-168.859,0,0
17786229924,17.572,0,0
17786229939,-11.72,0,0
17786229957,4.16999999999999,0,0
17786229985,-112.126,0,0
17869104799,6.602,0,0
17869104803,-68.93,0,0
17869104822,9.33199999999999,0,0
17869104846,-43.155,0,0
17901259875,8.476,0,0
17901259901,75.409,0,0
18052008890,22.093,0,0
18052008904,-5.905,0,0
18106065715,1.41800000000001,0,0
18106065720,15.44,0,0
18106065727,-3.5685,0,0
18106065771,27.7598,0,0
18106065818,16.8325,0,0
18145087152,37.9032,0,0
18145087179,-7.1468,0,0
18240116574,9.9356,0,0
18240116586,6.3228,0,0
18279740979,4.9937,0,0
18279740991,12.484,0,0
18279740998,-9.447,0,0
18279741027,26.158,0,0
18338059462,10.018,0,0
18395863401,17.655,0,0
18395863432,14.235,0,0
18483496089,-0.701999999999998,0,0
18483496095,17.7,0,0
18483496103,12.46,0,0
18507848798,8.21500000000003,0,0
18507848810,8.21500000000003,0,0
18586315543,-3.75999999999999,0,0
18586315583,16.452,0,0
18586315605,4.05799999999999,0,0
18628342637,1.35599999999999,0,0
18628342655,6.863,0,0
17135675441,-4.07,0,0
17135675454,4.91,0,0
17135675514,21.28,0,0
17345585560,5.4099,0,0
17345585572,-3.4,0,0
17345585637,3.8695,0,0
17345585664,-8.3876,0,0
17447307451,17.7639,0,0
17447307486,4.6124,0,0
17447307500,-0.864799999999999,0,0
17447307509,-14.9408,0,0
17521128331,3.7298,0,0
17521128350,5.6629,0,0
17608990288,-17.6528,0,0
17608990312,-10.2702,0,0
17631635803,-7.6592,0,0
17631635813,35.2315,0,0
17786229916,28.5056,0,0
17786229926,6.3099,0,0
17786229933,-13.12,0,0
17786229963,1.0199,0,0
17786229979,3.1999,0,0
17786230000,-20.5501,0,0
17833286376,-4.6801,0,0
17833286393,3.8099,0,0
17833286397,30.24,0,0
17833286415,5.3478,0,0
17901259838,2.7831,0,0
18009745650,58.4081,0,0
18009745744,12.886,0,0
18009745781,9.24799999999999,0,0
18009745829,-4.90699999999998,0,0
18052008941,6.67700000000002,0,0
18052008998,-2.04499999999999,0,0
18124433734,-21.735,0,0
18124433752,38.872,0,0
18124433768,-19.328,0,0
18124433789,9.505,0,0
18169751787,0.686000000000007,0,0
18169751839,35.366,0,0
18256194222,-3.22200000000001,0,0
18256194229,3.005,0,0
18256194239,-12.91,0,0
18256194255,16.705,0,0
18395863400,-1.62200000000001,0,0
18395863438,-10.748,0,0
18395863479,4.00800000000001,0,0
18395863527,-15.875,0,0
18442778573,7.34700000000001,0,0
18442778592,-1.47499999999999,0,0
18507848797,9.77500000000001,0,0
18507848812,11.572,0,0
18586315581,28.902,0,0
18586315618,11.8764,0,0
18652625285,-39.1504,0,0
18652625311,-3.1974,0,0
17447307358,26.6824,0,0
17447307360,-26.4705,0,0
17447307365,-9.7185,0,0
17447307375,14.5392,0,0
17447307406,-27.5562,0,0
17447307474,-20.8372,0,0
17608990262,6.511,0,0
17608990275,12.2285,0,0
17608990293,38.2531,0,0
17608990307,14.3907,0,0
17686923426,-0.7425,0,0
17686923451,22.9767,0,0
17686923459,10.4134,0,0
17686923483,59.5037,0,0
17786229925,9.3639,0,0
17786229940,8.2409,0,0
17786229986,4.7239,0,0
17786229996,-28.772,0,0
17816584360,-106.082,0,0
17816584367,10.463,0,0
17833286398,37.593,0,0
17833286414,9.624,0,0
18009745653,8.068,0,0
18009745698,10.953,0,0
18106065712,-18.326,0,0
18106065716,17.67,0,0
18052008975,-95.173,0,0
18052008995,23.484,0,0
18106065748,-1.547,0,0
18106065772,3.333,0,0
18124433770,7.37299999999999,0,0
18124433787,-3.191,0,0
18169751803,9.827,0,0
18169751834,-6.78100000000001,0,0
18196702248,6.625,0,0
18196702277,-9.519,0,0
18279740992,2.743,0,0
18279740999,1.82299999999998,0,0
18279741028,2.80200000000002,0,0
18279741048,0.793999999999983,0,0
18311652251,38.703,0,0
18311652263,-11.209,0,0
18395863402,13.743,0,0
18395863433,-0.197999999999979,0,0
18395863503,0.634000000000015,0,0
18395863523,8.06299999999999,0,0
18534034606,1.01400000000001,0,0
18534034609,3.065,0,0
18534034616,-2.09800000000001,0,0
18534034626,2.90199999999999,0,0
18534034671,-0.177999999999997,0,0
18534034690,14.06,0,0
19794563587,3.2771,0,0
19794563588,5.2571,0,0
21004550105,19.8187,0,0
21004550107,-2.69999999999999,0,0
21038905070,-7.34199999999998,0,0
21004550111,6.84799999999996,0,0
21004550114,6.95500000000004,0,0
21004550135,2.14600000000002,0,0
21038905076,8.679,0,0
21038905095,6.404,0,0
21078231228,2.05600000000001,0,0
21078231240,-7.33500000000001,0,0
21078231246,-27.69,0,0
21078231253,4.76499999999999,0,0
21115287477,4.04400000000001,0,0
21115287482,-5.53999999999999,0,0
21115287500,13.088,0,0
21115287512,-5.69300000000001,0,0
21140935112,-23.925,0,0
21140935116,72.378,0,0
21140935118,-14.53,0,0
21140935120,1.279,0,0
21182437747,-55.779,0,0
21182437755,9.06200000000001,0,0
21279049750,-5.99100000000001,0,0
21279049757,-11.841,0,0
21279049761,1.84399999999999,0,0
21279049767,0.108000000000004,0,0
21279049774,0.811999999999998,0,0
21335177750,-2.15899999999999,0,0
21335177763,-37.943,0,0
21335177780,8.16900000000001,0,0
21335177795,12.065,0,0
21357856370,-1.80000000000001,0,0
21357856379,8.92500000000001,0,0
21439409180,2.13,0,0
21517098657,-346.904,0,0
21517098673,12.997,0,0
21517098695,-25.643,0,0
21551806768,-4.3778,0,0
21551806784,28.158,0,0
21551806809,-1.78300000000002,0,0
21551806832,1.99900000000002,0,0
21664120443,12.23,0,0
21664120447,6.58699999999999,0,0
21664120452,-530.279,0,0
21664120455,11.232,0,0
21664120462,-7.75999999999999,0,0
21664120471,12.842,0,0
19862859326,15.8553,0,0
19862859328,44.0044,0,0
20920375415,5.4239,0,0
20920375453,28.2556,0,0
20962503574,105.5679,0,0
20962503608,82.4897,0,0
21004550116,23.4189,0,0
21004550136,-4.8795,0,0
21078231213,-3.1281,0,0
21038905077,3.2542,0,0
21038905096,-9.6391,0,0
21038905114,2.3805,0,0
21078231241,-8.1855,0,0
21078231247,9.8145,0,0
21101448741,12.049,0,0
21101448743,11.5404,0,0
21101448770,6.5611,0,0
21182437718,-8.1363,0,0
21182437719,-41.2808,0,0
21182437730,6.275,0,0
21182437737,5.5869,0,0
21182437748,2.8945,0,0
21182437756,20.7308,0,0
21182437759,-4.11357,0,0
21313725516,0.14339,0,0
21313725519,36.15156,0,0
21313725534,19.4939,0,0
21313725542,15.44924,0,0
21335177764,-2.97041,0,0
19862859322,-3.0925,0,0
19862859323,12.9145,0,0
20989179496,2.451,0,0
20989179497,12.0971,0,0
20989179501,-27.3712,0,0
19862859339,11.9995,0,0
19862859340,-0.948999999999998,0,0
20920375413,5.66499999999999,0,0
20920375454,-0.0720000000000027,0,0
21038905071,-12.156,0,0
21038905072,-8.958,0,0
21078231220,0.677999999999997,0,0
21078231229,6.124,0,0
21078231242,13.498,0,0
21091994516,11.148,0,0
21091994517,-153.978,0,0
21182437720,-2.958,0,0
21182437723,-0.50200000000001,0,0
21182437731,-4.678,0,0
21551806810,11.322,0,0
21551806833,4.398,0,0
19862859327,76.8657,0,0
19862859329,23.199,0,0
20962503567,4.23099999999999,0,0
20962503569,-53.234,0,0
21004550110,15.417,0,0
21004550112,-3.25999999999999,0,0
21004550117,-84.995,0,0
21004550137,5.2252,0,0
21101448737,-5.177,0,0
21101448740,-10.5909,0,0
21101448742,1.5309,0,0
21101448744,20.4994,0,0
21101448771,-6.1723,0,0
21127066763,38.0182,0,0
21127066781,2.9925,0,0
21182437724,-12.1403,0,0
21182437732,8.6547,0,0
21182437739,-1.0913,0,0
21182437749,-26.6166,0,0
21182437757,-8.5953,0,0
21182437761,64.152,0,0
21373097536,-26.2227,0,0
21373097538,-3.3581,0,0
21373097540,10.9306,0,0
21373097544,8.7795,0,0
21373097552,79.683,0,0
21373097558,1.1645,0,0
21517098628,2.2194,0,0
21517098642,12.9303,0,0
21517098658,-21.176,0,0
21517098696,1.75399999999999,0,0
21517098705,18.679,0,0
19921272145,-41.2406,0,0
20962503568,10.3604,0,0
20962503570,14.2585,0,0
20962503575,-2.5912,0,0
20962503609,16.2951,0,0
21004550118,1.5783,0,0
21004550138,8.42019999999999,0,0
21038905074,4.624,0,0
21038905078,35.404,0,0
21084915064,2.2951,0,0
21084915065,-7.6649,0,0
21084915067,28.5243,0,0
21127066747,-62.4208,0,0
21127066748,13.0956,0,0
19921272143,9.65219999999999,0,0
19921272146,6.4522,0,0
21004550106,5.488,0,0
21004550108,27.9048,0,0
20962503576,4.92699999999999,0,0
20962503610,6.404,0,0
21004550119,-70.365,0,0
21004550139,11.251,0,0
21038905075,0.338900000000001,0,0
21038905097,-1.63,0,0
21078231230,0.494300000000001,0,0
21127066745,11.6949,0,0
21127066749,76.8236,0,0
21127066751,27.7762,0,0
21182437725,2.7175,0,0
21182437733,-15.1059,0,0
21182437750,-6.2195,0,0
21214534127,12.9205,0,0
21214534135,3.4948,0,0
21240575113,-2.4588,0,0
21240575115,-13.7165,0,0
21335177729,-28.1268,0,0
21335177730,14.77,0,0
21335177738,-1.21299999999999,0,0
21335177766,0.7119,0,0
21335177783,-34.396,0,0
21335177796,16.8515,0,0
21439409159,5.396,0,0
21439409166,29.128,0,0
21439409202,14.332,0,0
21439409215,0.480000000000004,0,0
21517098675,67.203,0,0
21517098697,15.677,0,0
21517098706,-14.853,0,0
21517098708,-18.598,0,0
21551806786,3.53800000000001,0,0
21551806812,13.434,0,0
19921272138,14.4271,0,0
19921272144,3.5682,0,0
19921272147,-1.504,0,0
20920375414,-46.2327,0,0
20920375455,31.7163,0,0
20989179498,6.78700000000001,0,0
20989179521,14.6809,0,0
20888105870,4.0205,0,0
20945564506,7.5205,0,0
20945564549,-2.6435,0,0
20989179502,9.4787,0,0
20989179522,3.4787,0,0
20920375402,13.1035,0,0
20920375403,-4.8965,0,0
20962503566,14.195,0,0
20962503571,-0.610599999999998,0,0
20962503573,21.995,0,0
20962503611,-26.27,0,0
21004550115,28.7422,0,0
21004550140,-7.54600000000001,0,0
21038905073,34.0304,0,0
21038905079,17.1169,0,0
21038905098,-30.9943,0,0
21038905115,13.0845,0,0
21115287476,36.4315,0,0
21115287483,-18.3194,0,0
21115287501,-49.1848,0,0
21115287513,8.7477,0,0
21182437721,10.6476,0,0
21182437734,11.0826,0,0
21182437741,10.4777,0,0
21182437751,16.5246,0,0
21214534128,25.3889,0,0
21182437762,20.6507,0,0
21279049748,29.4391,0,0
21279049751,-25.7574,0,0
21279049758,36.6504,0,0
21279049762,-3.0351,0,0
21313725518,-18.1163,0,0
21373097537,-4.6623,0,0
21373097539,21.0535,0,0
21373097541,10.3027,0,0
21373097545,35.2736,0,0
21373097553,2.9994,0,0
21373097559,6.9934,0,0
21439409195,47.8794,0,0
21439409203,-6.9349,0,0
21551806733,37.0514,0,0
21551806745,5.906,0,0
21577620847,4.5302,0,0
21577620850,-16.4769,0,0
21551806813,13.3744,0,0
21551806834,4.31910000000001,0,0
21577620860,11.6496,0,0
21577620867,8.4944,0,0
21664120444,32.1909,0,0
21664120451,-0.341700000000003,0,0
21664120456,6.9942,0,0
21664120463,17.1358,0,0
21664120472,25.8605,0,0
21697560569,11.0054,0,0
21697560588,22.0292,0,0
21787139401,12.8286,0,0
21787139424,32.6734,0,0
21799719747,8.1345,0,0
21799719751,10.9324,0,0
21859718375,26.562,0,0
21859718386,-31.458,0,0
21890900378,72.0733,0,0
21890900392,20.6212,0,0
20945564504,-6.9076,0,0
20945564507,54.6467,0,0
20945564550,1.4475,0,0
21279049752,30.0743,0,0
21279049759,-5.1993,0,0
21279049763,8.9323,0,0
21279049765,-6.1593,0,0
21517098619,7.9323,0,0
21517098629,0.840699999999998,0,0
21439409204,5.9323,0,0
21439409216,7.9207,0,0
21004550109,4.72,0,0
21004550113,3.88999999999999,0,0
21078231214,-42.295,0,0
21078231221,-3.27499999999998,0,0
21078231226,-9.35500000000002,0,0
21078231231,-8.15499999999997,0,0
21078231244,-9.755,0,0
21078231248,-14.455,0,0
21084915071,31.905,0,0
21084915080,-39.755,0,0
21140935106,8.27999999999997,0,0
21140935107,-11.555,0,0
21140935109,-1.66399999999999,0,0
21140935113,1.89400000000001,0,0
21140935117,2.18100000000001,0,0
21140935119,13.203,0,0
21182437742,10.361,0,0
21182437752,9.857,0,0
21182437758,8.649,0,0
21214534132,-97.047,0,0
21214534136,18.513,0,0
21214534138,14.371,0,0
21240575114,-131.535,0,0
21240575116,24.758,0,0
21279049768,36.552,0,0
21342710781,-9.78999999999999,0,0
21342710782,-6.221,0,0
21342710783,4.239,0,0
21342710784,9.053,0,0
21458082901,-10.831,0,0
21458082903,16.2,0,0
21458082906,17.106,0,0
21458082909,-0.169999999999987,0,0
21458082912,5.91300000000001,0,0
21551806734,0.424000000000007,0,0
21551806746,2.82900000000001,0,0
21551806770,6.21000000000001,0,0
21551806787,4.59899999999999,0,0
21551806814,-5.43099999999998,0,0
21551806835,-58.2415,0,0
21632060596,-25.102,0,0
21632060601,-20.936,0,0
21632060627,24.4776,0,0
21664120464,-35.3251,0,0
21664120473,5.5455,0,0
21697560570,0.499499999999999,0,0
21697560589,-0.332599999999999,0,0
21787139402,8.4374,0,0
21787139425,7.3864,0,0
21859718343,9.0815,0,0
21859718358,4.3496,0,0
21859718376,-13.4876,0,0
21859718387,20.435,0,0
21890900379,10.9413,0,0
21890900393,0.1501,0,0
14074646725,17.251,0,0
14074646726,1.58600000000001,0,0
14726461114,44.575,0,0
14756593002,2.977,0,0
14867959709,-9.156,0,0
14867959711,-0.555999999999997,0,0
14867959713,16.974,0,0
14984400905,-5.917,0,0
14984400907,-8.75,0,0
14984400909,7.40000000000001,0,0
15037271368,9.39,0,0
15096830138,26.45,0,0
15096830161,2.8,0,0
15146831929,10.53,0,0
15146831948,7.59999999999999,0,0
15206501011,6.73,0,0
15206501023,-12.13,0,0
15467902371,-16.02,0,0
15467902388,-3.40000000000001,0,0
15715084427,35.96,0,0
15773863668,39.87,0,0
15841392723,3.5,0,0
15943642866,4.41,0,0
15943642877,22.92,0,0
16047914392,-90.31,0,0
16047914409,3.74,0,0
16270667800,39.68,0,0
14074607141,-7.3945,0,0
14074607142,12.1722,0,0
14726461112,4.12200000000001,0,0
14789576179,6.50599999999997,0,0
14789576181,16.66,0,0
14867959705,10.866,0,0
14867959707,-14.325,0,0
14921488280,-298.985,0,0
14984400900,-1.173,0,0
14984400902,10.506,0,0
15096830101,9.36599999999999,0,0
15037271365,1.74000000000001,0,0
15096830162,2.44299999999998,0,0
15146831930,-26.447,0,0
15146831949,-2.435,0,0
15206501012,17.547,0,0
15467902347,-369.382,0,0
15467902372,14.909,0,0
15638261181,20.813,0,0
15638261199,5.988,0,0
15715084413,2.38400000000001,0,0
15715084428,5.28300000000002,0,0
15841392709,-3.72699999999998,0,0
15841392724,5.983,0,0
15841392742,7.916,0,0
16047914374,11.272,0,0
16047914393,66.089,0,0
16047914410,12.128,0,0
16152170059,1.108,0,0
16152170136,9.82299999999998,0,0
16358987673,0.975999999999999,0,0
16419323225,-7.20400000000001,0,0
17869104806,-3.245,0,0
17869104817,6.773,0,0
17869104842,4.08699999999999,0,0
18009745636,-0.484000000000009,0,0
18009745720,32.072,0,0
18052008911,-27.258,0,0
18052008959,6.882,0,0
18089366237,22.907,0,0
18106065786,-20.461,0,0
18169751742,43.403,0,0
18217470802,-275.579,0,0
18169751845,0.54000000000002,0,0
18240116609,16.784,0,0
18240116650,39.522,0,0
18279741020,17.478,0,0
18311652268,3.53800000000001,0,0
18338059528,10.023,0,0
18395863491,-8.3447,0,0
18442778571,22.763,0,0
18442778584,36.037,0,0
18507848805,43.997,0,0
18534034661,7.03700000000001,0,0
18586315569,15.109,0,0
18586315611,-19.531,0,0
18628342644,-20.62,0,0
18652625326,1.7,0,0
18690983760,11.5,0,0
18724615653,0.912000000000006,0,0
18750320584,18.958,0,0
18784646942,-106.049,0,0
18784646986,7.08499999999999,0,0
18814703835,5.672,0,0
18897319095,12.16,0,0
18897319131,-2.214,0,0
19326636999,-16.633,0,0
19326637001,19.457,0,0
19326637003,-11.116,0,0
19326637011,4.321,0,0
19326637019,-32.807,0,0
19326637029,14.341,0,0
19531794038,-53.815,0,0
19531794049,1.79599999999999,0,0
19531794064,5.79900000000001,0,0
19663506457,2.85300000000001,0,0
19663506468,-9.24700000000001,0,0
19663506479,14.141,0,0
17882472426,8.70599999999999,0,0
17882472437,-7.11099999999999,0,0
17901259890,-5.71100000000001,0,0
18009745723,9.11099999999999,0,0
18009745806,-59.624,0,0
18052008961,3.86000000000001,0,0
18106065734,6.857,0,0
18106065788,-6.10900000000001,0,0
18169751793,-42.33,0,0
18169751846,3.482,0,0
18240116611,-50.11,0,0
18240116652,32.1364,0,0
18296035908,-9.098,0,0
18296035941,3.34099999999999,0,0
18311652270,-3.68000000000001,0,0
18338059530,8.013,0,0
18395863494,-31.542,0,0
18413433773,27,0,0
18442778587,-25.768,0,0
18483496175,4.70099999999999,0,0
18534034663,4.113,0,0
18586315613,0.710999999999999,0,0
18652625327,-17.993,0,0
18724615625,0.373000000000005,0,0
18724615654,4.013,0,0
18784646906,5.90000000000001,0,0
18784646943,8.613,0,0
18814703820,23.177,0,0
18814703836,2.113,0,0
19033909942,12.777,0,0
19033909947,7.607,0,0
19033909957,0.700999999999993,0,0
19033909979,-1.687,0,0
19107828741,5.675,0,0
19107828751,4.542,0,0
19463274524,8.657,0,0
19463274528,-5.869,0,0
19531794039,-8.694,0,0
19531794050,13.874,0,0
19663506451,1.90900000000001,0,0
19663506458,-4.764,0,0
19878851820,6.40300000000001,0,0
19878851821,-15.346,0,0
19878851823,17.271,0,0
19878851825,25.378,0,0
19878851827,7.282,0,0
19878851830,6.197,0,0
20004839937,20.257,0,0
20004839938,1.25,0,0
20185882662,11.573,0,0
20185882664,5.27,0,0
18009745590,9.91399999999999,0,0
17882472452,39.376,0,0
18009745638,5.833,0,0
18009745724,22.417,0,0
18052008913,-13.23,0,0
18413433722,-4.03300000000002,0,0
18507848787,27.527,0,0
18507848788,5.26700000000005,0,0
17901259850,2.3363,0,0
17901259895,7.1911,0,0
18009745734,-16.7911,0,0
18009745816,6.3646,0,0
18052008969,8.3629,0,0
18106065737,10.7678,0,0
18106065793,3.8661,0,0
18124433784,53.8118,0,0
18145087175,20.373,0,0
18240116580,-69.865,0,0
18240116613,-8.69899999999996,0,0
18240116655,63.225,0,0
18296035946,-12.376,0,0
18338059492,-27.366,0,0
18338059534,-21.176,0,0
18395863499,-13.986,0,0
18413433780,8.743,0,0
18442778590,16.699,0,0
18483496178,-13.734,0,0
18586315574,-5.41399999999999,0,0
18652625254,-253.544,0,0
18628342648,-11.242,0,0
18652625331,1.69299999999998,0,0
18690983767,-4.41399999999999,0,0
18750320556,-17.108,0,0
18750320589,-116.2,0,0
18799202746,19.564,0,0
17901259896,17.089,0,0
18009745817,-28.424,0,0
18124433730,-3.6609,0,0
18106065794,5.6456,0,0
18196702203,6.87099999999998,0,0
18169751798,-0.947000000000003,0,0
18196702234,27.011,0,0
18240116614,4.46800000000002,0,0
18256194251,18.3502,0,0
18338059448,12.1158,0,0
18296035947,-14.3738,0,0
18395863374,19.5965,0,0
18395863420,32.0119,0,0
18483496088,12.5655,0,0
18483496132,-8.9661,0,0
18586315532,-4.316,0,0
18534034668,9.2481,0,0
18586315616,-2.8276,0,0
18628342649,1.9662,0,0
18652625332,7.8993,0,0
18690983768,1.4591,0,0
18724615658,17.2251,0,0
18750320590,102.3289,0,0
18814703814,30.38678,0,0
18784646990,18.7709,0,0
18814703839,74.7839,0,0
19033909943,-30.9786,0,0
19033909948,14.2749,0,0
19033909961,24.8296,0,0
19033909983,10.5775,0,0
19326637004,56.1472,0,0
19463274529,16.8621,0,0
19463274536,9.2391,0,0
19531794052,14.3099,0,0
19531794065,2.9851,0,0
19589114119,11.9283,0,0
19738660825,9.7804,0,0
19738660833,7.6264,0,0
19738660844,8.4275,0,0
17901259851,13.5257,0,0
18009745644,-7.6205,0,0
18009745736,52.4034,0,0
18052008914,5.4264,0,0
18052008971,-0.923000000000002,0,0
18089366244,16.459,0,0
18106065795,39.852,0,0
18169751799,67.11,0,0
18217470835,3.56900000000002,0,0
18296035896,-50.7,0,0
18279741024,56.169,0,0
18296035948,-1.41500000000002,0,0
18338059493,-14.1,0,0
18395863421,3.77800000000002,0,0
18413433748,0.910000000000025,0,0
18413433781,-4.76799999999997,0,0
18483496133,1.64299999999997,0,0
18507848809,0.694000000000017,0,0
18586315575,1.15800000000002,0,0
18604664751,13.871,0,0
18628342650,-1.84199999999998,0,0
18652625333,-6.29500000000002,0,0
18690983769,-185.31,0,0
18724615659,-6.30700000000002,0,0
18750320591,-8.65499999999997,0,0
18814703815,-5.60399999999998,0,0
18814703840,-62.253,0,0
18897319099,4.29599999999999,0,0
18897319135,15.941,0,0
19589114106,-52.1945,0,0
19589114110,23.8857,0,0
19794563569,-102.1631,0,0
19794563578,11.0686,0,0
19794563586,4.0975,0,0
19878851828,-1.6547,0,0
19878851831,-49.8604,0,0
18009745738,2.8591,0,0
18009745818,9.3327,0,0
18052008972,-45.6146,0,0
18089366245,19.4715,0,0
18169751745,-0.5783,0,0
18169751800,39.415,0,0
18256194221,116.496,0,0
18217470836,-16.0427,0,0
18395863332,-3.3938,0,0
18296035949,40.181,0,0
21787139357,8.66300000000001,0,0
21787139361,60.083,0,0
21787139408,6.92099999999999,0,0
21859718335,3.52300000000002,0,0
21859718344,14.9565,0,0
21859718360,24.5707,0,0
21859718378,37.277,0,0
21909230173,9.56610000000001,0,0
21909230176,25.6544,0,0
22034920025,9.52,0,0
22034920028,12.52,0,0
21954780654,3.53619999999999,0,0
21954780665,17.4361,0,0
22034920063,7.6054,0,0
22034920082,18.5223,0,0
22367978847,3.4935,0,0
22367978860,26.7207,0,0
22503128729,-0.262500000000003,0,0
22503128738,16.8428,0,0
22574770771,-0.155100000000004,0,0
22574770778,-31.8726,0,0
22574770790,-7.39279999999999,0,0
22574770809,9.4105,0,0
22688507725,-28.2525,0,0
22688507727,6.46080000000001,0,0
22688507735,4.3554,0,0
22688507748,14.2685,0,0
23054196918,-0.439700000000002,0,0
23054196923,-8.40219999999999,0,0
23054196925,-0.602500000000006,0,0
23336425558,-77.0717,0,0
23336425559,-8.15300000000001,0,0
23336425560,3.44029999999999,0,0
23336425561,-44.5661,0,0
23336425564,39.5464,0,0
23336425577,15.5739,0,0
23582561413,23.0342,0,0
23582561414,17.0868,0,0
24779691302,21.9399,0,0
24779691304,-7.249,0,0
24779691313,40.247,0,0
24793389835,32.238,0,0
24793389845,1.52799999999999,0,0
26417071488,7.81999999999999,0,0
26417071489,21.822,0,0
26489408415,15.769,0,0
26489408417,17.742,0,0
26489408420,-67.244,0,0
26489408422,15.155,0,0
26602609926,-0.870000000000005,0,0
26602609929,9.623,0,0
26602609931,78.18,0,0
26602609945,5.04399999999998,0,0
26601063485,-71.171,0,0
26601063494,4.21100000000001,0,0
26662217283,8.70400000000001,0,0
26662217286,1.21100000000001,0,0
26782877210,5.69099999999997,0,0
26782877211,-0.749000000000024,0,0
26725039685,8.69099999999997,0,0
26725039694,-0.168999999999983,0,0
26782877225,5.04000000000002,0,0
26782877229,6.28300000000002,0,0
27166273112,4.71100000000001,0,0
27166273121,2.69099999999997,0,0
27219985225,11.757,0,0
27219985234,14.671,0,0
27318526842,0.83499999999998,0,0
27318526846,9.09199999999998,0,0
27318526854,11.233,0,0
27318526871,1.80099999999999,0,0
28105034865,21.622,0,0
28105034870,5.66699999999997,0,0
27507217642,0.646999999999991,0,0
27507217647,10.787,0,0
28105034906,2.54899999999998,0,0
28105034924,-1.38600000000002,0,0
28105034946,3.62900000000002,0,0
28105034959,5.75999999999999,0,0
31261648904,-5.028,0,0
31261648905,37.642,0,0
31261648906,26.9029,0,0
31261648919,-19.5978,0,0
31665695527,-9.1518,0,0
31665695532,17.4021,0,0
31665695608,-16.1702,0,0
16662560955,-44.878,0,0
16662561029,8.77800000000002,0,0
16662561134,15.737,0,0
16683638094,2.86699999999996,0,0
17168889595,-8.98800000000006,0,0
17345585629,1.31100000000004,0,0
17869104792,8.21100000000001,0,0
16683637987,-121.408,0,0
16662561023,1.44799999999998,0,0
16683638029,-28.624,0,0
16758145442,5.35199999999998,0,0
16890710185,3.428,0,0
16836748956,17.89,0,0
16890710313,4.59199999999998,0,0
17015282723,-10.931,0,0
17015282877,-8.49199999999996,0,0
17168889419,5.14500000000001,0,0
17168889442,0.168000000000006,0,0
17168889500,15.131,0,0
17168889596,13.215,0,0
17233846469,-2.167,0,0
17295188412,-11.054,0,0
17447307395,19.748,0,0
17631635781,10.256,0,0
17686923467,1.976,0,0
17786229990,18.857,0,0
17869104833,-3.16800000000001,0,0
18009745788,9.40999999999997,0,0
18106065803,-2.04100000000005,0,0
18196702264,9.03200000000004,0,0
18586315525,-4.98900000000003,0,0
18586315539,21.799,0,0
18690983717,-3.87199999999996,0,0
18784646900,-21.29,0,0
18843090282,-3.05700000000002,0,0
16683637996,10.717,0,0
16662561135,5.24000000000001,0,0
16785091361,-5.07299999999998,0,0
16758145545,20.583,0,0
16785091461,2.05700000000002,0,0
16824935292,10.305,0,0
16890710225,20.54,0,0
16890710314,-15.581,0,0
16940116379,10.105,0,0
17015282778,6.05799999999999,0,0
17015282878,17.21,0,0
17168889420,3.9393,0,0
17168889443,7.6979,0,0
17168889501,1.9004,0,0
17168889598,10.2537,0,0
17233846470,10.1555,0,0
17295188406,0.0871000000000066,0,0
17295188499,8.961,0,0
17447307396,-3.41,0,0
17608990254,-1.9923,0,0
17608990296,4.80200000000001,0,0
17686923468,10.2677,0,0
17869104798,4.50060000000001,0,0
18009745597,12.1277,0,0
18106065713,8.1991,0,0
18106065804,-16.836,0,0
18196702265,5.839,0,0
18442778561,-6.80200000000002,0,0
18843090283,-5.33699999999999,0,0
16662561024,-7.75900000000001,0,0
16683638095,20.476,0,0
16758145546,-483.172,0,0
16785091459,13.2329999999999,0,0
16824935293,3.17600000000004,0,0
17015282714,10.414,0,0
17015282779,3.04700000000003,0,0
17168889599,-5.42703,0,0
17295188413,-46.42464,0,0
17631635775,15.28629,0,0
17631635782,38.09083,0,0
17786229992,2.9798,0,0
16662561025,-27.05,0,0
16662561136,-5.49699999999996,0,0
16683638096,3.40099999999995,0,0
16758145547,0.855999999999995,0,0
16785091460,-62.36,0,0
16824935294,-8.66899999999998,0,0
16890710226,-31.705,0,0
16890710315,6.495,0,0
16940116383,-14.407,0,0
17015282780,-11.609,0,0
17015282879,21.7329999999999,0,0
17168889421,-0.763000000000034,0,0
17116905099,-377.608,0,0
17168889503,0.660000000000025,0,0
17168889600,-382.137,0,0
17295188353,8.16300000000001,0,0
17295188407,-38.083,0,0
17345585587,-26.398,0,0
17345585630,0.5869,0,0
17447307493,2.6101,0,0
17521128363,-1.6408,0,0
17686923469,-13.411,0,0
16662560942,0.217999999999961,0,0
16662560956,0.82000000000005,0,0
16662561026,-0.69500000000005,0,0
16758145536,-12.074,0,0
16824935212,22.248,0,0
16824935241,9.83399999999995,0,0
16824935295,-38.943,0,0
16890710230,69.292,0,0
16890710282,-35.58,0,0
16954009352,37.253,0,0
16954009367,-0.691000000000031,0,0
16954009437,10.524,0,0
17060579740,61.585,0,0
17168889409,3.974,0,0
17168889422,14.154,0,0
17168889445,4.976,0,0
17168889459,2.22,0,0
17168889552,-56.182,0,0
17168889601,-10.545,0,0
17233846458,12.437,0,0
17295188374,17.981,0,0
17295188457,30.401,0,0
17295188500,-17.013,0,0
17447307410,8.864,0,0
17447307463,-1.018,0,0
17521128336,27.828,0,0
17816584329,10.212,0,0
17816584333,8.731,0,0
17816584340,64.656,0,0
17816584378,-23.791,0,0
18089366187,-4.73099999999999,0,0
18089366250,-32.775,0,0
18169751711,10.643,0,0
18169751778,3.28400000000001,0,0
18169751805,-76.4,0,0
18217470822,-4.696,0,0
18217470838,-115.857,0,0
18279741030,14.172,0,0
18395863380,0.247,0,0
18395863468,9.47499999999999,0,0
18395863507,22.189,0,0
18413433804,36.544,0,0
18483496137,-41.352,0,0
18534034644,4.976,0,0
18534034673,120.803,0,0
18690983716,-47.824,0,0
18690983732,9.029,0,0
18724615642,-17.082,0,0
18724615663,7.779,0,0
16662561027,-1.952,0,0
16662561090,8.30799999999999,0,0
16758145420,0.334000000000003,0,0
16758145454,12.967,0,0
16758145537,20.518,0,0
16824935213,14.035,0,0
16824935242,15.773,0,0
16824935296,7.161,0,0
16890710283,24.689,0,0
16916874404,-10.169,0,0
16954009368,-1.86399999999998,0,0
17015282765,21.152,0,0
17015282833,0.90300000000002,0,0
17015282909,1.81900000000002,0,0
17135675456,-3.65300000000002,0,0
17233846378,11.49,0,0
17168889553,-2.09800000000001,0,0
17233846398,13.332,0,0
17246297076,5.053,0,0
17246297094,-31.743,0,0
17447307376,15.397,0,0
17631635769,8.37,0,0
17631635776,-7.40600000000001,0,0
17631635780,17.397,0,0
17631635789,4.22,0,0
17686923470,31.654,0,0
17869104808,1.30600000000001,0,0
17869104847,23.405,0,0
18009745819,47.483,0,0
18106065739,-443.906,0,0
18169751723,20.035,0,0
18169751779,-11.965,0,0
18169751806,-34.03,0,0
18196702266,9.34199999999998,0,0
18240116617,-61.786,0,0
18279741007,-2.70800000000003,0,0
18279741031,-2.07999999999998,0,0
18395863361,5.57999999999998,0,0
18413433727,-8.07999999999998,0,0
18395863472,-51.25,0,0
18395863508,-5.95999999999998,0,0
18413433805,7.17399999999998,0,0
18483496138,0.879999999999995,0,0
18534034646,7.11200000000002,0,0
18534034674,-27.813,0,0
18750320539,73.406,0,0
18750320544,-16.397,0,0
16662560940,4.31899999999996,0,0
16662560957,4.44299999999998,0,0
16662561030,19.203,0,0
16662561091,-8.68499999999995,0,0
16758145418,0.648000000000025,0,0
16758145455,2.95100000000002,0,0
16758145538,31.235,0,0
16785091415,6.57500000000005,0,0
16824935243,-11.001,0,0
16824935297,-26.178,0,0
16890710227,-11.441,0,0
16890710284,9.14099999999996,0,0
16940116336,-0.299999999999955,0,0
16940116388,33.931,0,0
17015282766,-4.154,0,0
17015282834,12.534,0,0
17135675451,24.389,0,0
17135675457,-1.346,0,0
17135675484,-6.11388,0,0
17135675501,-14.51247,0,0
17168889547,-24.49038,0,0
17246297065,-9.4958,0,0
17246297077,12.56792,0,0
17246297095,-1.49165,0,0
17608990244,35.15832,0,0
17345585648,33.49904,0,0
17786229882,4.51757,0,0
17786229896,7.96574,0,0
17786229949,-1.60314,0,0
18009745585,5.31966,0,0
18009745602,28.89035,0,0
18009745820,-11.543,0,0
18124433733,-6.43100000000004,0,0
18169751780,-19.46,0,0
18169751807,69.1800000000001,0,0
18196702267,-829.72,0,0
18256194271,22.52,0,0
18395863381,2.62599999999998,0,0
18395863469,-294.554,0,0
18395863509,5.017,0,0
18413433806,2.13299999999998,0,0
18534034612,-5.077,0,0
18534034645,-8.483,0,0
18534034675,61.627,0,0
18604664740,19.533,0,0
18604664752,35.885,0,0
18628342664,-21.317,0,0
18750320545,-311.425,0,0
16662560941,5.85400000000004,0,0
16662561028,6.43700000000001,0,0
16662561092,1.18700000000001,0,0
16758145419,2.90700000000004,0,0
16758145456,7.66800000000001,0,0
16836748942,5.35799999999995,0,0
16836748945,16.5650000000001,0,0
16890710189,16.735,0,0
16890710285,21.434,0,0
16916874399,-16.175,0,0
16954009369,2.97500000000002,0,0
17015282770,-633.438,0,0
17015282835,9.93799999999999,0,0
17168889423,3.78,0,0
17135675479,-12.12,0,0
17135675502,-14.69,0,0
17168889554,5.13,0,0
17233846454,-85.99,0,0
17345585564,2.34999999999999,0,0
17345585575,-80.93,0,0
17447307411,2.64,0,0
17608990266,-11.6,0,0
17608990315,1.22,0,0
17686923471,1.06999999999999,0,0
17816584375,-16.85,0,0
18009745821,8.053,0,0
18169751712,4.62599999999998,0,0
18169751775,3.09699999999998,0,0
18169751808,-78.36,0,0
18196702270,28.225,0,0
18296035912,-104.134,0,0
18338059475,-10.426,0,0
18338059499,-3.18299999999999,0,0
18395863473,-3.24199999999996,0,0
18413433749,-4.55399999999997,0,0
18483496114,2.38300000000004,0,0
18483496139,12.303,0,0
18586315544,12.2859999999999,0,0
18604664741,11.826,0,0
18604664753,6.64800000000002,0,0
18628342665,11.154,0,0
16916874342,-3.45499999999998,0,0
16916874400,0.841999999999985,0,0
16954009370,4.65199999999999,0,0
16916874383,22.70172,0,0
17135675443,8.5122,0,0
17168889407,-1.1078,0,0
17168889597,13.3712,0,0
17233846471,-19.4264,0,0
17295188408,81.4108,0,0
17345585633,-3.5775,0,0
17631635793,26.4412,0,0
18196702196,65.8773,0,0
18442778555,1.24100000000001,0,0
18442778562,-19.051,0,0
18799202736,3.34899999999999,0,0
18799202755,-0.49799999999999,0,0
18973260559,0.894000000000005,0,0
19157547631,-0.537000000000006,0,0
19236336578,-3.376,0,0
19531794030,18.021,0,0
19531794069,4.84,0,0
16916874346,-2.89100000000002,0,0
16916874401,3.23700000000002,0,0
16954009371,5.03699999999998,0,0
17015282767,-1.334,0,0
17015282836,-3.762,0,0
17135675450,-0.762999999999977,0,0
17135675458,10.626,0,0
17168889444,-2.20499999999998,0,0
17168889460,20.275,0,0
17211054067,-10.811,0,0
17211054079,-10.45,0,0
17246297078,-15.12,0,0
17246297096,-18.439,0,0
17345585576,5.09500000000003,0,0
17345585590,-7.178,0,0
17345585649,-10.962,0,0
17521128278,9.727,0,0
17608990267,-4.488,0,0
17608990316,-22.075,0,0
17686923472,8.93000000000001,0,0
17786229950,12.07,0,0
17869104809,17.985,0,0
17869104848,13.11,0,0
18009745822,16.562,0,0
18169751706,5.71000000000001,0,0
18169751715,45.89,0,0
18169751726,6.019,0,0
18169751781,4.85599999999999,0,0
18169751809,10.396,0,0
18217470839,2.49100000000001,0,0
18296035905,-28.192,0,0
18296035913,-254.755,0,0
18338059477,-5.152,0,0
18395863470,-0.289999999999999,0,0
18395863510,1.963,0,0
18413433807,-13.104,0,0
18483496140,12.491,0,0
18628342614,-7.435,0,0
18628342623,24.59,0,0
18628342629,1.461,0,0
18652625309,-43.162,0,0
18652625338,14.832,0,0
18750320557,-21.49,0,0
18784646952,5.19999999999999,0,0
16916874347,5.288,0,0
16916874405,-5.7554,0,0
16954009372,11.1432,0,0
17015282768,-10.1008,0,0
17015282837,-4.8854,0,0
17015282910,-7.5608,0,0
17135675459,-2.29300000000001,0,0
17135675480,2.1121,0,0
17135675503,3.0346,0,0
17168889548,17.6361,0,0
17233846399,-10.8723,0,0
17246297079,10.0808,0,0
17246297097,16.6029,0,0
17295188458,6.7787,0,0
17447307412,0.0584999999999951,0,0
17447307464,-9.788,0,0
17521128337,23.76,0,0
17631635796,-40.1142,0,0
18279740982,15.5567,0,0
18413433808,-4.6942,0,0
18507848792,-60.9209,0,0
18507848824,1.49590000000001,0,0
18724615610,2.7405,0,0
16916874343,-86.509,0,0
17168889424,13.199,0,0
17168889461,-3.761,0,0
17168889555,6.07899999999999,0,0
17168889602,2.239,0,0
17233846459,1.16800000000001,0,0
17447307378,9.239,0,0
17447307413,-7.602,0,0
17447307465,10.46,0,0
17816584379,-45.94,0,0
18106065706,-2.761,0,0
18106065740,-1.761,0,0
18145087164,4.21899999999999,0,0
16916874384,-59.03125,0,0
16954009354,38.82308,0,0
16940116317,7.6204,0,0
16940116384,8.0709,0,0
17135675448,139.9279,0,0
17246297081,53.2371,0,0
17345585566,130.0251,0,0
17345585591,-43.2186,0,0
17345585631,-0.517700000000001,0,0
17447307494,62.2228,0,0
17521128364,-27.7824,0,0
17816584332,-3.4159,0,0
16940116385,10.66669,0,0
17060579784,-101.1515,0,0
17168889446,36.62324,0,0
17295188346,13.06596,0,0
17246297082,-25.95848,0,0
17295188502,14.38639,0,0
17447307398,53.54035,0,0
17786229885,84.62731,0,0
17816584328,-16.03766,0,0
17816584345,28.80393,0,0
17901259837,-112.73849,0,0
18256194217,-15.50482,0,0
18395863506,-17.616,0,0
18507848825,-7.735,0,0
18724615605,-80.554,0,0
18724615665,7.458,0,0
18897319084,-7.684,0,0
18897319142,-20.422,0,0
19236336548,-37.644,0,0
19397723971,28.775,0,0
19531794070,18.127,0,0
16954009384,2.76315,0,0
17015282734,-10.22294,0,0
17060579757,15.34489,0,0
17060579785,-0.75801,0,0
17168889549,-1.15969,0,0
17168889603,-19.03969,0,0
17246297098,18.6949,0,0
17345585577,-5.33488,0,0
17345585592,5.2256,0,0
17345585650,-24.3369,0,0
17608990250,19.23433,0,0
17608990317,-6.72567,0,0
17686923473,-4.38906,0,0
17786229951,10.37969,0,0
17869104810,-2.48796,0,0
17869104849,8.55182,0,0
18009745823,-4.664,0,0
18106065741,1.34399999999999,0,0
18169751727,0.762,0,0
18169751782,14.54,0,0
18169751810,12.17,0,0
18196702268,-4.28999999999999,0,0
18279740983,14.893,0,0
18296035914,9.807,0,0
18338059476,4.908,0,0
18338059500,-1.12,0,0
18413433743,1.91,0,0
18413433750,2.95999999999999,0,0
18483496115,16.894,0,0
18483496141,20.868,0,0
18586315538,7.959,0,0
18586315545,5.93600000000001,0,0
18604664743,-6.178,0,0
18604664754,1.777,0,0
18690983724,-18.416,0,0
18690983733,9.83,0,0
18750320554,1.779,0,0
18750320558,-2.28400000000001,0,0
18784646924,-44.316,0,0
18784646953,7.384,0,0
18973260546,6.387,0,0
18973260551,15.413,0,0
18973260567,5.468,0,0
18973260574,2.893,0,0
19033910003,1.492,0,0
19157547644,4.23099999999999,0,0
19236336575,-12.7,0,0
19326637035,-3.636,0,0
16954009346,11.30009,0,0
16954009353,0.29111,0,0
17521128271,7.11683,0,0
17015282827,13.64633,0,0
17015282838,3.75227,0,0
17015282911,-1.9828,0,0
17135675460,-11.74468,0,0
17135675486,5.9372,0,0
17135675504,-4.16729,0,0
17246297066,-6.22585,0,0
17295188375,5.70702,0,0
17447307377,-3.04381,0,0
17447307384,-3.47046,0,0
17447307414,12.6259,0,0
17447307466,-29.10736,0,0
17786229891,0.98014,0,0
17631635797,-5.05359,0,0
18009745576,-6.78918,0,0
18009745577,2.77903,0,0
17816584376,28.85397,0,0
18089366188,6.79924,0,0
18106065765,-8.0804,0,0
18106065801,13.9105,0,0
18169751776,22.2106,0,0
18169751811,6.711,0,0
18217470823,-24.636,0,0
18217470840,50.7983,0,0
18279741032,-27.786,0,0
18413433728,-18.283,0,0
18395863471,7.43599999999998,0,0
18395863511,9.618,0,0
18413433809,0.396999999999991,0,0
18483496142,44.259,0,0
18604664724,5.45800000000003,0,0
18604664742,44.934,0,0
18604664755,35.162,0,0
18724615611,-47.655,0,0
18724615616,3.28899999999999,0,0
18724615641,-0.588999999999999,0,0
18724615664,4.80500000000001,0,0
18750320611,4.934,0,0
18784646954,-12.146,0,0
17168889482,17.55987,0,0
17233846384,-8.8356,0,0
17233846388,-28.8201,0,0
17233846400,42.4511,0,0
17246297080,47.3301,0,0
17246297099,52.7844,0,0
17447307379,48.9363,0,0
17345585651,-22.5218,0,0
17608990251,8.80188,0,0
17608990269,-92.9386,0,0
17608990318,110.5739,0,0
17686923474,-27.8453,0,0
17869104796,6.51574,0,0
17869104811,-6.2104,0,0
17869104850,3.3575,0,0
18009745824,2.64125,0,0
18169751707,-79.4984,0,0
18169751713,4.8612,0,0
18169751728,-10.8533,0,0
18169751783,26.2728,0,0
18169751812,-11.7164,0,0
18196702269,0.67369,0,0
18240116619,45.6569,0,0
18338059444,3.84900000000005,0,0
18338059454,-7.25199999999995,0,0
18395863363,11.025,0,0
18395863474,-23.595,0,0
18395863512,27.364,0,0
18534034608,12.518,0,0
18534034613,-15.56,0,0
18652625247,4.14500000000001,0,0
18652625255,-3.66,0,0
18652625308,-26.987,0,0
18652625339,14.153,0,0
18690983787,6.625,0,0
18750320559,0.625,0,0
18784646925,-0.316000000000003,0,0
18784646955,5.16499999999999,0,0
18843090285,9.55699999999999,0,0
18843090296,7.85300000000001,0,0
18897319109,-6.435,0,0
18897319117,9.017,0,0
18897319148,1.45699999999999,0,0
18973260575,0.218999999999994,0,0
19033909984,10.485,0,0
19033910004,4.881,0,0
19157547645,-15.347,0,0
19236336576,3.58699999999999,0,0
19326637030,12.166,0,0
19326637036,4.69399999999999,0,0
19463274547,3.96899999999999,0,0
19531794066,3.35499999999999,0,0
17211054103,49.37584,0,0
17233846442,29.49654,0,0
17233846460,-94.0559,0,0
17295188376,37.8354,0,0
17521128262,-30.7246,0,0
17521128265,33.9953,0,0
17686923421,-49.7146,0,0
17686923422,21.6029,0,0
17521128338,3.6964,0,0
18009745578,-7.9039,0,0
18009745825,-5.25790000000001,0,0
18169751708,1.4597,0,0
18169751714,30.8247,0,0
18169751729,-10.1182,0,0
18169751777,16.4294,0,0
18169751813,12.081,0,0
18196702271,69.0504,0,0
18240116620,8.7088,0,0
18279741009,-10.258,0,0
18279741033,10.716,0,0
18395863362,-1.58499999999999,0,0
18395863382,-81.478,0,0
18395863475,15.157,0,0
18395863513,4.82100000000003,0,0
18413433810,122.866,0,0
18483496143,-0.689000000000021,0,0
18534034648,14.644,0,0
18534034676,13.384,0,0
18628342624,67,0,0
18628342630,65.227,0,0
18690983725,-18.218,0,0
18690983734,-19.126,0,0
18690983788,33.622,0,0
18750320560,7.15199999999999,0,0
18784646926,21.201,0,0
18784646956,-240.702,0,0
18843090284,10.89,0,0
18897319110,-4.81,0,0
18897319118,-309.33,0,0
18897319149,2.20999999999998,0,0
18973260576,6.93000000000001,0,0
19033909985,5.93000000000001,0,0
19033910005,-9.81999999999999,0,0
19236336565,5.63,0,0
19236336577,17.64,0,0
19326637031,7.91000000000003,0,0
19326637037,1.18000000000001,0,0
19463274548,8.91000000000003,0,0
19531794067,22.64,0,0
19663506471,15.84,0,0
19663506475,4.27999999999997,0,0
19738660846,9.91000000000003,0,0
19878851832,11.6,0,0
17233846463,12.49405,0,0
17246297086,19.6487,0,0
17246297100,-34.85689,0,0
17233846461,-26.71954,0,0
17233846464,6.12359,0,0
17295188358,-7.0931,0,0
17295188461,39.3685,0,0
17295188503,12.0682,0,0
17631635777,10.5471,0,0
17521128279,4.77,0,0
17521128339,-10.1857,0,0
17786229915,4.0032,0,0
17786229952,-12.3318,0,0
17816584377,16.0583,0,0
17233846414,2.49598,0,0
17233846462,-57.51953,0,0
17295188378,-63.44671,0,0
18106065703,5.79899,0,0
18106065704,-24.13916,0,0
18395863383,-5.76762,0,0
18814703811,-24.33731,0,0
17608990319,-11.33211,0,0
17631635790,-89.399,0,0
18296035887,-5.77199999999999,0,0
18296035890,10.394,0,0
18311652262,3.351,0,0
18395863439,4.471,0,0
18395863521,44.156,0,0
18652625286,10.344,0,0
17786229893,-95.093,0,0
18240116555,-48.6145,0,0
18240116616,-3.84399999999999,0,0
18279740996,-9.2924,0,0
18296035929,6.0476,0,0
18395863365,2.452,0,0
18395863440,7.05700000000002,0,0
18413433762,0.841000000000008,0,0
18483496136,15.236,0,0
18534034625,-9.82600000000002,0,0
18586315561,7.06999999999999,0,0
18652625248,11.14,0,0
18652625287,14.64,0,0
18724615619,29.3,0,0
18724615662,15.52,0,0
18750320596,14.76,0,0
18843090271,13.55,0,0
18843090286,5.69999999999999,0,0
18897319106,-5.81999999999999,0,0
18897319125,6.64999999999998,0,0
18973260585,-2.98000000000002,0,0
19033910010,7.22000000000003,0,0
19326637020,-410.72,0,0
19397723985,8.56,0,0
19531794053,9.79000000000002,0,0
19589114116,-373.18,0,0
19738660827,10.7,0,0
19794563579,14.32,0,0
19862859324,-0.199999999999989,0,0
20082902925,3.58999999999997,0,0
20247710616,-6.08999999999997,0,0
20334121982,-5.24000000000001,0,0
20334122003,3.95999999999998,0,0
20439365655,-1.35500000000002,0,0
20771299458,14.134,0,0
20911386372,-11.223,0,0
20945564512,3.50800000000001,0,0
18196702190,-8.02199999999999,0,0
18196702237,-25.5143,0,0
18217470837,22.879,0,0
18256194274,-74.763,0,0
18279741052,-14.845,0,0
18338059501,4.815,0,0
18586315524,-5.47500000000002,0,0
18586315580,-2.13299999999998,0,0
18724615676,-3.47699999999998,0,0
19033909995,19.211,0,0
19862859312,4.18100000000001,0,0
19862859318,-19.82,0,0
20247710614,5.87100000000001,0,0
20387836161,10.151,0,0
20387836177,1.00099999999998,0,0
20387836205,0.897999999999996,0,0
20425967987,11.871,0,0
20452986057,6.071,0,0
20611751965,11.151,0,0
20888105810,3.15100000000001,0,0
20888105861,-180.122,0,0
20931904735,-10.18,0,0
18169751704,-6.04423,0,0
18169751730,-39.54916,0,0
18169751774,41.57091,0,0
18196702236,-61.90221,0,0
18256194231,-107.99679,0,0
18256194273,-20.41032,0,0
18279741051,100.11571,0,0
18395863467,17.30107,0,0
18586315579,24.94621,0,0
18973260547,35.31504,0,0
19107828735,37.35843,0,0
19236336567,34.77415,0,0
19738660834,43.36737,0,0
19862859317,21.63015,0,0
20334121981,24.64805,0,0
20334122038,16.237729,0,0
20597396851,16.60051,0,0
20597396853,-2.43931,0,0
20771299471,-127.03447,0,0
20771299547,-74.801249,0,0
20920375409,34.170024,0,0
20920375423,-9.877675,0,0
21014168794,-33.468,0,0
21078231215,-2.97609,0,0
21078231250,-29.0811,0,0
21115287516,-130.5857,0,0
21182437753,-41.5161,0,0
21357856337,-34.2469,0,0
21357856347,-26.8901,0,0
21439409177,-34.7142,0,0
21439409214,-40.2121,0,0
21517098698,-35.9921,0,0
21551806765,-38.9367,0,0
21551806816,-47.7264,0,0
21566633715,-38.806,0,0
21599539594,-5.13499999999999,0,0
21632060617,-7.83900000000006,0,0
21632060636,-53.404,0,0
21859718377,0.927999999999997,0,0
21945098720,50.493,0,0
21945098724,-52.918,0,0
22341910577,-35.429,0,0
22542228802,-25.8920000000001,0,0
22574770766,-44.038,0,0
22574770798,-5.19100000000003,0,0
23054196912,24.984,0,0
23054196991,-38.903,0,0
23503662736,-35.835,0,0
23570158552,-28.332,0,0
21014168795,-11.5188,0,0
21014168832,-52.9112,0,0
21214534111,-36.787,0,0
21279049738,-21.7896,0,0
21279049744,-7.9203,0,0
21279049760,-14.8364,0,0
21335177751,-2.68596,0,0
21439409178,-52.4105,0,0
21458082908,-58.20821,0,0
21526243617,-8.47441,0,0
21526243630,-6.27191,0,0
21551806817,-8.07799999999997,0,0
21577620859,-21.758,0,0
21608137603,-290.028,0,0
21664120465,4.63999999999999,0,0
21787139377,-12.53,0,0
21787139406,-22.033,0,0
21799719745,-77.188,0,0
21890900359,-21.229,0,0
21890900376,-22.217,0,0
22341910567,-23.09,0,0
22341910571,-70.547,0,0
22341910579,-6.827,0,0
22542227898,-7.82900000000001,0,0
22542227931,-343.298,0,0
23054196920,-50.34,0,0
23054196992,-7.017,0,0
23213804132,-17.057,0,0
23992268472,-24.984,0,0
23992268474,-1.744,0,0
23992268491,-232.696,0,0
21022618505,-67.88734,0,0
21031600645,-8.22985,0,0
21031600647,140.98473,0,0
21031600668,37.411571,0,0
21115287472,-44.594051,0,0
21078231251,-34.58058,0,0
21115287517,9.33464,0,0
21182437754,-38.52964,0,0
21357856348,-41.74021,0,0
21439409179,-35.74693,0,0
21439409213,-31.72508,0,0
21517098699,-10.63361,0,0
21551806767,-58.90626,0,0
21551806818,-26.74418,0,0
21632060591,55.572,0,0
21632060618,-21.74,0,0
21787139378,-4.85300000000001,0,0
21787139407,-15.4589,0,0
21799719746,-2.721,0,0
21945098714,-20.978,0,0
21945098716,-14.136,0,0
21945098721,-3.97800000000001,0,0
21954780663,-22.273,0,0
22341910572,-15.593,0,0
22341910578,-12.633,0,0
22367978859,-18.593,0,0
22542228806,-10.733,0,0
22574770777,-11.861,0,0
22574770799,-15.628,0,0
22597278315,-45.459,0,0
23744541459,9.93799999999999,0,0
21026815641,-6.9614,0,0
21439409149,-15.4663,0,0
21439409151,-35.5078,0,0
21084915099,17.135396,0,0
21214534120,-29.62304,0,0
21357856333,-13.59593,0,0
21357856346,-29.17555,0,0
21458082907,27.976,0,0
21551806735,28.14508,0,0
21551806815,25.76119,0,0
21608137586,43.41911,0,0
21608137602,-10.77492,0,0
21787139376,-6.864,0,0
21787139435,-12.83833,0,0
22341910576,7.93000000000001,0,0
22542228801,5.08,0,0
22542228805,-6.68000000000001,0,0
22542228810,6.22,0,0
22574770797,8.06999999999999,0,0
22597278314,-40.82,0,0
23054196919,6.90000000000001,0,0
23503663038,22.64,0,0
23657433891,-11.53,0,0
23821681814,0.189999999999998,0,0
24048776211,6.68000000000001,0,0
16270667802,25.751,0,0
16270667803,17.7042,0,0
16270667804,6.4674,0,0
16270667805,-28.5484,0,0
16270667809,4.2242,0,0
16270667810,1.1522,0,0
16270667816,28.6373,0,0
16270667819,8.5564,0,0
16349736240,3.2204,0,0
16349736242,10.8144,0,0
16349736248,1.8315,0,0
16349736251,-1.6846,0,0
16419323213,47.0951,0,0
16270667806,19.7486,0,0
16270667811,-1.0664,0,0
16270667817,14.9505,0,0
16270667820,-13.2374,0,0
16349736237,84.8377,0,0
16349736238,19.5022,0,0
16349736241,34.2758,0,0
16349736256,-6.2539,0,0
16349736264,-11.3914,0,0
16349736271,-19.5778,0,0
16349736275,19.476,0,0
16349736278,-1.3482,0,0
16358987666,6.7402,0,0
16358987671,6.3151,0,0
16358987674,7.2351,0,0
16419323216,7.2951,0,0
16419323217,6.476,0,0
16419323218,-1.4682,0,0
16419323219,-5.8573,0,0
16419323220,-4.42,0,0
16419323221,-4.4525,0,0
16468348637,9.5966,0,0
16468348639,8.3921,0,0
16468348644,9.4203,0,0
16468348649,7.7292,0,0
16468348653,5.6447,0,0
16468348658,5.8847,0,0
16468348660,4.0472,0,0
16468348662,2.3402,0,0
16468348663,3.2846,0,0
16468348664,8.2808,0,0
16468348667,6.8227,0,0
16544329374,4.0154,0,0
16544329380,9.3324,0,0
16539016885,-1.6676,0,0
16539016889,11.6078,0,0
16539016891,1.6078,0,0
16539016892,5.5878,0,0
16539016898,5.8086,0,0
16539016900,-12.3897,0,0
16539016902,6.1288,0,0
16539016906,10.6475,0,0
16607535014,2.855,0,0
16607535016,0.566000000000003,0,0
16607535018,16.1735,0,0
16607535019,7.9803,0,0
16607535020,1.3133,0,0
16607535021,11.8733,0,0
16607535023,-1.1467,0,0
16607535025,-6.1274,0,0
16607535027,8.4573,0,0
16607535029,-4.5919,0,0
16607535032,16.5097,0,0
16607535034,-4.4372,0,0
16607535037,13.5119,0,0
16607535040,2.4119,0,0
16607535052,14.532,0,0
16607535055,7.5828,0,0
16662560902,6.5828,0,0
16662560903,20.8609,0,0
16662560904,5.391,0,0
16662560906,3.3821,0,0
16662560907,-4.0233,0,0
16662560909,3.1506,0,0
16662560911,3.7949,0,0
16662560916,11.0021,0,0
16662560918,2.3962,0,0
16662560927,12.6349,0,0
16662560929,8.5949,0,0
16662560931,-11.5418,0,0
16662560933,-0.523800000000001,0,0
16662560937,10.0021,0,0
16683637972,6.5162,0,0
16683637973,12.1646,0,0
16683637976,5.2737,0,0
16683637978,12.1932,0,0
16683637980,2.7359,0,0
16683637982,4.7359,0,0
16683637984,7.6759,0,0
16683637986,3.2776,0,0
16758145364,27.5792,0,0
16758145366,4.3526,0,0
16758145368,2.8039,0,0
16758145372,26.9467,0,0
16758145373,-22.1411,0,0
16758145376,57.6452,0,0
16758145378,54.8589,0,0
16758145382,10.472,0,0
16758145384,-1.4244,0,0
16758145386,3.5356,0,0
16758145388,5.5891,0,0
16758145390,3.3435,0,0
16758145392,5.4515,0,0
16758145396,13.5373,0,0
16758145398,0.4773,0,0
16758145400,2.4315,0,0
16758145402,9.3519,0,0
16758145404,7.6218,0,0
16758145407,10.2719,0,0
16785091341,20.5319,0,0
16785091343,11.4634,0,0
16785091345,4.5119,0,0
16785091347,-16.526,0,0
16785091349,6.3346,0,0
16785091351,6.4891,0,0
16270667808,-14.3691,0,0
16270667813,-26.9579,0,0
16270667818,5.9639,0,0
16349736239,2.0087,0,0
16349736244,24.1237,0,0
16349736250,33.0239,0,0
16349736253,9.0218,0,0
16419323212,-2.8357,0,0
16419323214,39.9887,0,0
16358987662,1.9775,0,0
16468348623,13.0775,0,0
16468348624,2.1022,0,0
16468348627,-15.8325,0,0
16468348631,7.0184,0,0
16468348632,-28.9816,0,0
16468348633,5.0287,0,0
16468348635,12.0858,0,0
16468348640,13.0527,0,0
16468348645,29.0725,0,0
16468348648,9.9659,0,0
16468348654,1.0144,0,0
16544329369,90.01,0,0
16539016880,18.9775,0,0
16539016881,6.0275,0,0
16539016882,11.0609,0,0
16539016884,-7.8688,0,0
16539016886,-1.9625,0,0
16539016897,-0.871700000000001,0,0
16539016901,11.1017,0,0
16539016903,57.0951,0,0
16539016907,18.9717,0,0
16539016909,3.8765,0,0
16539016911,5.1439,0,0
16539016915,7.0907,0,0
16539016919,-17.7345,0,0
16607535022,3.0376,0,0
16607535024,-17.428,0,0
16607535026,4.0154,0,0
16607535028,6.7243,0,0
16607535030,-1.151,0,0
16607535033,7.2453,0,0
16607535035,24.0527,0,0
16607535038,-7.0474,0,0
16607535041,-4.0238,0,0
16607535053,10.792,0,0
16607535056,-15.422,0,0
16607535057,24.756,0,0
16607535059,-23.217,0,0
16607535063,-81.5,0,0
16662560905,-79.628,0,0
16662560908,-7.703,0,0
16662560910,13.705,0,0
16662560912,4.498,0,0
16662560917,-68.671,0,0
16662560919,45.414,0,0
16662560921,5.545,0,0
16662560928,-0.888000000000005,0,0
16662560930,-9.068,0,0
16662560932,17.952,0,0
16662560934,28.332,0,0
16662560938,-0.356999999999999,0,0
16662560939,-9.048,0,0
16683637974,-59.172,0,0
16683637977,-91.432,0,0
16683637979,63.37,0,0
16683637981,-13.016,0,0
16683637983,-5.788,0,0
16683637985,18.725,0,0
16758145363,8.958,0,0
16758145365,-87.837,0,0
16758145367,14.952,0,0
16758145369,2.39700000000001,0,0
16758145370,7.565,0,0
16758145371,6.645,0,0
16758145374,-78.796,0,0
16758145377,-56.451,0,0
16758145379,4.992,0,0
16758145383,-94.016,0,0
16758145385,4.732,0,0
16758145387,-2.268,0,0
16758145391,-15.048,0,0
16758145393,12.405,0,0
16758145397,23.542,0,0
16758145399,-25.415,0,0
16758145401,-7.438,0,0
16758145403,2.743,0,0
16758145405,-10.576,0,0
16785091342,10.524,0,0
16785091344,19.773,0,0
16785091346,-23.397,0,0
16785091348,6.464,0,0
16785091350,3.66200000000001,0,0
16785091352,-2.458,0,0
16824935199,10.404,0,0
16824935200,4.42400000000001,0,0
16824935201,-1.616,0,0
16349736265,3.8033,0,0
16468348647,12.2926,0,0
16539016928,13.675,0,0
16662560967,-0.578000000000003,0,0
16662561015,1.098,0,0
16662561064,-65.534,0,0
16683638050,19.5225,0,0
16683638089,4.7425,0,0
16758145483,18.5251,0,0
16758145527,23.6425,0,0
16758145559,23.2625,0,0
16785091453,6.7225,0,0
16785091492,24.2425,0,0
16824935277,9.4425,0,0
16836748974,30.7425,0,0
16836749010,-1.7375,0,0
16890710260,11.7041,0,0
16890710303,6.738,0,0
16916874388,14.385,0,0
16940116366,-2.13932,0,0
16954009386,43.8908,0,0
16954009430,10.7666,0,0
17015282807,18.2251,0,0
17015282864,14.5765,0,0
17015282904,11.92639,0,0
17060579772,1.43053,0,0
17092283375,15.92639,0,0
17116905091,4.24353,0,0
17116905118,-8.0257,0,0
17168889484,3.7833,0,0
17168889533,4.7633,0,0
17168889585,13.7433,0,0
17211054091,-1.2001,0,0
17233846445,-26.1767,0,0
17233846485,4.8012,0,0
17246297112,3.8012,0,0
17295188444,3.51665,0,0
17295188487,3.92931,0,0
17295188521,3.51719,0,0
17345585618,1.70657,0,0
17345585654,6.14704,0,0
17447307436,-2.37805,0,0
17447307491,17.8218,0,0
17608990278,-33.84232,0,0
17786229899,-35.89592,0,0
17786229919,0.79337,0,0
17786229970,-23.8105,0,0
17882472430,55.39765,0,0
17882472456,1.36307,0,0
18089366184,-1.33693,0,0
18089366247,-10.8266,0,0
18196702205,1.233,0,0
18196702273,-184.727,0,0
18338059450,37.9009,0,0
18338059496,25.3429,0,0
18483496096,17.74,0,0
18483496179,20.735,0,0
18784646892,22.89,0,0
18784646893,13.75,0,0
16349736259,-2.937,0,0
16349736263,33.3974,0,0
16468348621,-6.8042,0,0
16468348646,-0.5687,0,0
16539016927,9.76260000000001,0,0
16607535133,-7.24939999999999,0,0
16662561014,0.0144999999999982,0,0
16662561063,10.0903,0,0
16662561122,8.77249999999999,0,0
16683638049,6.2177,0,0
16758145434,12.1559,0,0
16758145482,20.7987,0,0
16785091400,1.8824,0,0
16785091445,9.1054,0,0
16785091491,9.315,0,0
16824935283,-20.6595,0,0
16824935308,10.9221,0,0
16890710259,19.9923,0,0
16890710302,4.68,0,0
16940116329,1.2101,0,0
16940116365,3.4209,0,0
16940116399,-337.767,0,0
16954009429,27.999,0,0
17015282806,-164.379,0,0
17015282863,-14.927,0,0
17092283351,-16.634,0,0
17060579771,6.596,0,0
17116905062,19.571,0,0
17116905090,46.171,0,0
17116905117,12.027,0,0
17168889483,-28.844,0,0
17168889584,-3.62899999999999,0,0
17211054090,0.943000000000012,0,0
17233846444,9.423,0,0
17233846484,-10.437,0,0
17246297111,-9.99700000000001,0,0
17295188443,15.434,0,0
17295188486,-207.833,0,0
17295188520,-18.044,0,0
17345585617,19.281,0,0
17447307420,19.428,0,0
17447307435,2.46299999999999,0,0
17447307490,4.81299999999999,0,0
17608990277,1.07599999999999,0,0
17608990330,4.898,0,0
17786229969,-19.794,0,0
17882472429,0.437999999999988,0,0
17882472455,16.169,0,0
18089366183,8.356,0,0
18089366246,8.16900000000001,0,0
18196702204,13.096,0,0
18196702272,-210.83,0,0
18338059449,0.575999999999993,0,0
18338059495,-9.23500000000001,0,0
18652625229,-5.21199999999999,0,0
18652625236,-6.77499999999998,0,0
18724615612,24.914,0,0
16358987655,-12.4348,0,0
16358987656,8.1395,0,0
16358987658,69.2852,0,0
16358987681,27.1246,0,0
16544329404,7.6661,0,0
16607535166,-3.744,0,0
16662561066,-10.8002,0,0
16683638021,8.6438,0,0
16683638052,3.9971,0,0
16683638090,14.9531,0,0
16758145485,15.2605,0,0
16758145529,5.3531,0,0
16785091401,10.7668,0,0
16785091447,0.299599999999998,0,0
16785091493,141.8431,0,0
16824935279,6.9522,0,0
16890710193,1.4203,0,0
16836749012,1.0465,0,0
16890710261,8.036,0,0
16890710305,1.024,0,0
16916874389,32.297,0,0
16940116400,-130.32,0,0
17015282756,33.745,0,0
17015282809,8.43000000000001,0,0
17015282872,18.318,0,0
17015282906,-14.392,0,0
17116905057,9.75399999999999,0,0
17168889451,-36.649,0,0
17168889485,-10.113,0,0
17168889587,29.116,0,0
17211054093,-36.785,0,0
17233846446,-3.875,0,0
17295188454,9.33199999999999,0,0
17295188528,125.766,0,0
17345585620,-10.481,0,0
17345585656,26.267,0,0
17686923429,37.231,0,0
18089366181,-62.485,0,0
18196702192,-29.146,0,0
18652625226,9.88599999999997,0,0
18483496082,12.852,0,0
16358987657,-1.2896,0,0
16358987659,63.0329,0,0
16607535001,44.5704,0,0
16607535031,9.3555,0,0
16662560968,-11.1028,0,0
16662561016,9.94629999999999,0,0
16662561065,31.2796,0,0
16683638020,3.9418,0,0
16683638051,-8.3523,0,0
16758145435,11.6793,0,0
16758145528,-1.9001,0,0
16758145560,5.0999,0,0
16785091446,-80.4177,0,0
16824935278,17.7479,0,0
16836748975,10.0199,0,0
16836749011,-21.9349,0,0
16890710266,5.0394,0,0
16890710304,1.7236,0,0
16940116330,16.6184,0,0
16940116367,-3.9453,0,0
16954009387,5.7392,0,0
16954009431,2.0547,0,0
17015282808,-17.8752,0,0
17015282865,6.04300000000001,0,0
17015282905,2.54500000000002,0,0
17060579773,15.694,0,0
17092283376,-41.522,0,0
17116905092,-13.313,0,0
17116905119,13.817,0,0
17135675517,0.0869999999999891,0,0
17168889534,-29.393,0,0
17168889586,9.5,0,0
17211054092,24.028,0,0
17233846490,6.995,0,0
17246297113,-2.80500000000001,0,0
17295188445,-53.411,0,0
17345585583,6.494,0,0
17295188522,-160.666,0,0
17345585619,16.244,0,0
17345585655,1.92699999999999,0,0
17447307437,-1.68899999999999,0,0
17447307492,19.331,0,0
17608990279,10.632,0,0
17608990331,11.674,0,0
17816584334,-12.776,0,0
17816584370,2.501,0,0
18009745606,7.22399999999999,0,0
18009745786,-48.005,0,0
18124433731,53.88,0,0
18124433792,-2.11099999999999,0,0
18338059441,-81.684,0,0
18395863379,-13.0408,0,0
18395863524,-1.8846,0,0
16358987663,-17.1175,0,0
16544329364,-23.6315,0,0
16358987649,-4.9677,0,0
16468348636,-8.9691,0,0
16544329381,6.008,0,0
16539016908,14.0353,0,0
16539016910,0.991,0,0
16539016921,7.4533,0,0
16539016924,7.5238,0,0
16539016929,-10.0904,0,0
16539016930,8.9741,0,0
16607535042,40.1328,0,0
16607535054,18.1779,0,0
16607535058,-26.9601,0,0
16607535060,-10.82,0,0
16607535066,-4.6914,0,0
16607535068,10.0928,0,0
16607535075,-0.772300000000001,0,0
16607535077,14.0229,0,0
16607535084,-1.3221,0,0
16607535086,-1.9761,0,0
16607535087,3.0239,0,0
16607535110,8.1733,0,0
16662560948,12.1886,0,0
16662560952,11.4779,0,0
16662560954,-0.0767000000000024,0,0
16662560959,2.0233,0,0
16662560964,-11.9319,0,0
16662560969,-4.9259,0,0
16662560972,-4.9459,0,0
16662560985,9.1635,0,0
16662561010,4.0281,0,0
16662561017,-0.945900000000002,0,0
16683637994,-13.8565,0,0
16683637997,15.7023,0,0
16683637999,-0.693100000000001,0,0
16683638005,-7.9425,0,0
16419323223,7.0204,0,0
16419323226,-5.2764,0,0
16419323227,-0.806199999999997,0,0
16468348655,22.3052,0,0
16468348659,11.6153,0,0
16607535007,-24.77,0,0
16607535102,6.386,0,0
16662560983,6.227,0,0
16662561085,0.213000000000001,0,0
16758145423,14.334,0,0
16758145500,3.0566,0,0
16824935214,3.17600000000004,0,0
16824935251,-34.24,0,0
16890710197,3.411,0,0
17015282712,0.424000000000007,0,0
16940116341,4.328,0,0
17015282737,3.64500000000001,0,0
17060579739,-45.26,0,0
17116905046,-13.6,0,0
17116905070,3.79000000000001,0,0
17168889456,23.57,0,0
17211054106,-21.51,0,0
17295188371,3.63,0,0
17295188462,-30.6,0,0
17447307425,29.44,0,0
17521128275,74.36,0,0
17686923427,8.24,0,0
17833286382,23.42,0,0
18089366203,73.164,0,0
18240116561,-5.608,0,0
18279740990,11.734,0,0
18395863375,12.2182,0,0
16544329387,9.55900000000003,0,0
16544329388,-1.36099999999999,0,0
16544329389,12.667,0,0
16607535137,3.71899999999999,0,0
16607535167,8.00799999999998,0,0
16662561067,13.873,0,0
16662561123,18.707,0,0
16683638054,-9.137,0,0
16683638091,-7.262,0,0
16758145486,-4.84800000000001,0,0
16785091383,21.146,0,0
16758145561,-61.672,0,0
16785091449,10.0686,0,0
16824935234,-13.723,0,0
16836748950,-31.841,0,0
16824935309,15.2278,0,0
16836749013,15.4257,0,0
16916874340,71.1636,0,0
16916874360,-5.20399999999999,0,0
16916874391,-16.568,0,0
16940116369,9.2066,0,0
16940116401,19.8097,0,0
17015282758,23.794,0,0
17015282812,2.5429,0,0
17015282867,35.022,0,0
17135675475,-2.97399999999999,0,0
17168889454,87.326,0,0
17168889537,21.476,0,0
17168889588,-11.984,0,0
17211054095,-3.32900000000001,0,0
17246297088,-5.19900000000001,0,0
17246297114,30.647,0,0
17345585574,18.535,0,0
17345585597,0.354000000000013,0,0
17345585621,-4.233,0,0
17521128272,27.451,0,0
17521128276,-71.872,0,0
17521128290,-7.16399999999999,0,0
17521128351,33.342,0,0
17786229900,3.40000000000001,0,0
17786229971,0.634999999999991,0,0
17882472431,14.205,0,0
17882472457,6.001,0,0
18089366185,-4.97800000000001,0,0
18089366248,6.542,0,0
18483496079,19.716,0,0
18483496080,9.40299999999999,0,0
18483496081,50.544,0,0
18483496083,16.357,0,0
18483496097,1.97800000000001,0,0
18483496180,4.85599999999999,0,0
18724615603,-13.239,0,0
18724615613,1.30000000000001,0,0
18784646899,-3.00299999999999,0,0
18784646951,5.483,0,0
16544329391,9.23200000000003,0,0
16544329392,3.14299999999997,0,0
16607535013,25.532,0,0
16607535015,4.50200000000001,0,0
16607535017,-0.353999999999985,0,0
16662560943,22.757,0,0
16662560984,-57.487,0,0
16758145406,-373.718,0,0
16758145425,6.11200000000002,0,0
16758145564,5.63300000000001,0,0
16824935253,3.56700000000001,0,0
16890710198,0.218000000000018,0,0
16954009404,-249.954,0,0
17015282832,14.204,0,0
17060579759,-203.932,0,0
17168889458,2.834,0,0
17168889560,-8.333,0,0
17233846415,155.577,0,0
17295188373,-29.637,0,0
17345585663,16.711,0,0
17521128277,-48.004,0,0
17521128318,27.082,0,0
17686923428,27.48,0,0
17833286362,3.32400000000001,0,0
18052008878,10.685,0,0
18052008976,15.3819999999999,0,0
18124433794,5.82999999999998,0,0
18240116640,-2.69799999999998,0,0
18311652273,-4.33300000000003,0,0
20334122054,6.3703,0,0
20397874372,7.4371,0,0
20439365660,13.8371,0,0
20439365668,41.4332,0,0
20452986023,7.0797,0,0
20452986051,2.9852,0,0
20597396894,10.2191,0,0
20597396928,-12.7281,0,0
20771299496,14.5341,0,0
20771299536,0.455199999999998,0,0
20888105826,8.4138,0,0
20892704903,9.5037,0,0
20911386384,4.5112,0,0
20911386413,-7.5164,0,0
20931904741,-8.50263,0,0
20920375451,1.15208,0,0
20931904785,3.72774,0,0
20945564521,-5.05948,0,0
20945564537,13.8579,0,0
20962503581,35.7221,0,0
20962503589,4.6872,0,0
20962503601,15.6587,0,0
20978990866,-7.2307,0,0
20994782595,19.7197,0,0
20994782620,26.7447,0,0
21014168778,-18.2971,0,0
21014168792,-6.2464,0,0
21014168809,-10.3128,0,0
21014168859,1.8936,0,0
20334122025,14.616,0,0
20387836186,-38.224,0,0
20387836202,9.02300000000002,0,0
20425967974,9.51600000000002,0,0
20452986024,-26.708,0,0
20452986052,-6.54399999999998,0,0
20597396895,47.086,0,0
20771299497,-7.91699999999997,0,0
20771299537,23.217,0,0
20888105827,-15.425,0,0
20888105854,-271.573,0,0
20911386385,-17.664,0,0
20911386414,-12.746,0,0
20931904742,-8.68299999999999,0,0
20945564510,-47.3976,0,0
20931904807,2.10400000000001,0,0
20945564538,-8.101,0,0
20945564552,31.606,0,0
20953998394,7.65100000000001,0,0
20967592464,13.172,0,0
20962503602,-3.74199999999999,0,0
20967592481,2.04400000000001,0,0
20983484866,25.312,0,0
20989179514,-12.571,0,0
20999738928,-51.853,0,0
20999738937,8.625,0,0
20999738951,26.213,0,0
21004550152,-31.321,0,0
21014168838,-10.348,0,0
21022618489,15.16467,0,0
21022618511,2.56632,0,0
20397874359,8.68299999999999,0,0
20397874375,3.53300000000002,0,0
20452986012,8.67000000000002,0,0
20452986058,-8.08300000000003,0,0
20911386366,-45.316,0,0
20911386421,25.058,0,0
20920375457,6.053,0,0
20999738931,14.9245,0,0
21031600649,-7.07,0,0
21031600673,10.0045,0,0
21038905089,8.83,0,0
21038905104,1.87,0,0
21182437713,20.8445,0,0
21182437728,57.8645,0,0
21182437764,38.1487,0,0
21551806722,0.321199999999999,0,0
21787139358,12.544,0,0
21787139404,29.925,0,0
21038905105,-15.4824,0,0
21279049731,-1.9761,0,0
21279049736,0.715800000000002,0,0
21279049754,37.8206,0,0
21279049771,48.6822,0,0
21697560523,1.44900000000001,0,0
21859718317,20.78,0,0
21859718319,15.285,0,0
21859718322,11.884,0,0
21859718329,11.918,0,0
21859718357,37.879,0,0
21859718392,20.701,0,0
21214534115,28.35593,0,0
21214534122,51.05972,0,0
21214534129,118.40666,0,0
21214534139,20.09972,0,0
21551806719,13.17497,0,0
21551806724,2.2765,0,0
20387836173,26.411,0,0
20425967919,-0.0620000000000118,0,0
20425967978,21.701,0,0
20452986027,1.80099999999999,0,0
20597396869,4.52100000000002,0,0
20597396899,4.53699999999998,0,0
20771299465,2.87,0,0
20771299501,16.368,0,0
20892704890,13.439,0,0
20888105857,38.188,0,0
20945564524,47.783,0,0
20945564541,9.02499999999998,0,0
20945564555,-142.835,0,0
20962503583,14.552,0,0
20962503605,0.342999999999961,0,0
20983484857,-5.37300000000005,0,0
20983484868,-22.535,0,0
20983484889,30.618,0,0
20994782638,6.964,0,0
21004550131,22.924,0,0
21004550154,5.42400000000001,0,0
21031600653,-92.517,0,0
21031600683,37.47,0,0
21038905108,-10.043,0,0
21214534118,5.66,0,0
21214534141,5.715,0,0
21551806715,10.621,0,0
21551806721,-25.019,0,0
22034920023,15.265,0,0
22034920098,-23.213,0,0
20387836174,12.743,0,0
20387836188,3.58100000000002,0,0
20387836203,6.60199999999998,0,0
20397874384,2.86500000000001,0,0
20439365669,6.72000000000003,0,0
20439365677,0.184000000000026,0,0
20597396870,27.696,0,0
20597396930,31.178,0,0
20771299539,-25.517,0,0
20892704893,-13.066,0,0
20892704913,-52.004,0,0
20911386417,43.33,0,0
20911386434,21.285,0,0
20920375452,9.79000000000002,0,0
20931904809,8.029,0,0
20953998351,0.749000000000024,0,0
20953998372,1.3503,0,0
20953998396,-22.9763,0,0
20978990845,2.9212,0,0
20978990851,7.9352,0,0
20978990867,6.02119999999999,0,0
20989179506,0.819699999999997,0,0
20989179515,9.91719999999999,0,0
20989179525,4.2514,0,0
20994782622,4.4222,0,0
20999738938,4.069,0,0
21004550132,7.0836,0,0
21014168811,9.929,0,0
21014168842,6.9652,0,0
21014168861,22.3606,0,0
21026815639,1.4314,0,0
21026815647,17.1201,0,0
21031600671,12.6907,0,0
21031600684,0.867599999999996,0,0
21038905085,20.6224,0,0
21038905109,22.869,0,0
21279049732,-16.9362,0,0
21279049737,8.8798,0,0
21279049742,-6.7189,0,0
21279049747,11.2465,0,0
21279049755,5.167,0,0
21279049772,1.3755,0,0
21357856356,15.4844,0,0
21357856382,-24.973,0,0
21859718318,-5.31299999999999,0,0
21859718320,4.58600000000001,0,0
21697560541,22.768,0,0
21697560587,-1.72999999999999,0,0
20397874352,11.5097,0,0
20425967926,3.1458,0,0
20452986011,12.3147,0,0
20452986059,-8.0363,0,0
20931904730,16.5808,0,0
20931904764,-2.2656,0,0
20967592448,16.022,0,0
20953998378,-16.673,0,0
20978990873,-7.261,0,0
21014168771,8.30000000000001,0,0
21014168776,-65.04,0,0
21014168799,39.047,0,0
21026815660,-36.671,0,0
21115287473,-3.43599999999998,0,0
21214534113,8.8184,0,0
21214534121,167.1483,0,0
21214534134,-26.0974,0,0
21787139353,3.8375,0,0
21787139359,19.8287,0,0
21787139405,9.8121,0,0
20397874376,4.6632,0,0
20425967985,3.95399999999999,0,0
20452986060,2.51309999999999,0,0
20611751967,24.5321,0,0
20771299549,15.7128,0,0
20888105863,81.5902,0,0
21014168800,-7.8372,0,0
21014168847,-0.126499999999993,0,0
21022618518,18.5989,0,0
21078231224,7.42829999999999,0,0
21078231227,26.5256,0,0
21115287479,-2.9759,0,0
21458082897,24.4485,0,0
21458082899,-114.927,0,0
21458082904,17.252,0,0
21551806751,-0.829999999999927,0,0
21787139360,-16.309,0,0
21859718332,-0.850000000000001,0,0
21945098725,29.44,0,0
22597278320,-16.96,0,0
23054196922,9.46000000000001,0,0
23054196963,1.41,0,0
24128612776,-4.87700000000001,0,0
24128612793,11.957,0,0
24143139948,8.85700000000003,0,0
24153664032,-317.423,0,0
24153664051,0.822999999999979,0,0
24179012067,15.718,0,0
24184523482,-8.31799999999998,0,0
24237726136,5.334,0,0
24254461744,-19.746,0,0
24252430382,-39.442,0,0
24283328543,15.068,0,0
24297393584,15.13,0,0
24297393598,12.801,0,0
24317200437,18.819,0,0
24317200442,-99.064,0,0
24363375450,5.669,0,0
24438688136,24.994,0,0
24376899897,-13.187,0,0
24438688146,15.439,0,0
24556316790,7.002,0,0
24699947522,56.973,0,0
24737864027,-20.322,0,0
24737864031,20.938,0,0
24779691306,18.767,0,0
24779691316,-2.56399999999999,0,0
24793389854,8.06100000000001,0,0
24793389879,-16.955,0,0
24848598846,15.307,0,0
24848598862,27.199,0,0
25989686378,21.665,0,0
25989686382,12.405,0,0
25989686388,7.26607,0,0
27219985210,16.624,0,0
27219985243,-13.107,0,0
24128612812,0.287399999999998,0,0
24143139978,-44.6381,0,0
24153664059,2.7825,0,0
24179012069,-4.8676,0,0
24179012090,-18.875,0,0
24184523512,-8.875,0,0
24223102844,-41.0444,0,0
24237726142,1.3421,0,0
24237726161,-13.07,0,0
24252430383,-28.7351,0,0
24252430404,-43.3118,0,0
24283328546,-6.7127,0,0
24292361866,29.0038,0,0
24297393603,-30.92,0,0
24317200465,-23.25623,0,0
24438688135,-32.23762,0,0
24438688148,-34.338,0,0
24556316793,-32.4512,0,0
24637177509,-18.8418,0,0
24699947524,-39.7974,0,0
24726282599,-47.7098,0,0
24737864032,-54.3,0,0
24764786934,-142.593,0,0
24764786943,31.697,0,0
24793389832,-1.45099999999999,0,0
24793389852,-24.715,0,0
24848598851,5.45999999999999,0,0
24848598864,-30.182,0,0
25434268867,-37.9737,0,0
25434268876,-41.828,0,0
25434268883,-109.244,0,0
25434268957,-1.61600000000001,0,0
25700295759,-10.869,0,0
25700295786,-8.54900000000001,0,0
25930755455,-20.668,0,0
25930755471,-10.428,0,0
24128612777,-23.442,0,0
24128612798,-42.566,0,0
24128612813,-16.197,0,0
24143139979,-23.502,0,0
24153664060,0.418000000000006,0,0
24184523477,-390.135,0,0
24184523513,-17.576,0,0
24223102845,-20.14,0,0
24223102864,-30.098,0,0
24252430368,-27.553,0,0
24252430384,-20.25,0,0
24283328529,-30.258,0,0
24283328549,-38.0068,0,0
24292361870,-23.9527,0,0
24297393601,-36.6185,0,0
24300154544,-15.7421,0,0
24305513766,-30.059,0,0
24317200466,-35.9011,0,0
24376899886,-24.1784,0,0
24376899900,-34.4771,0,0
24438688149,-34.439,0,0
24556316794,-44.3346,0,0
24556316817,-20.4597,0,0
24637177520,-35.3499,0,0
24699947543,-36.4062,0,0
24726282613,-22.2485,0,0
24743997361,-26.0653,0,0
24743997369,-29.154,0,0
24764786944,-24.3687,0,0
24779691318,-28.5519,0,0
24779691329,-29.496,0,0
24848598865,-26.5817,0,0
24848598874,-24.0771,0,0
24885888706,-3.0502,0,0
24885888710,-72.3748,0,0
25386445300,-15.8465,0,0
25386445302,-19.3871,0,0
25386445307,-42.643,0,0
25882162682,-28.51,0,0
25882162715,-58.6049,0,0
25989686400,-30.627,0,0
25989686422,-30.313,0,0
27318526826,-14.917,0,0
27318526830,-25.89,0,0
27318526832,-21.045,0,0
27318526834,1.375,0,0
27318526838,-14.724,0,0
27318526873,-16.569,0,0
24128612778,-5.56900000000002,0,0
24128612799,-25.871,0,0
24128612814,-29.83,0,0
24143139980,-15.331,0,0
24153664061,-67.33,0,0
24184523514,0.216000000000008,0,0
24128612779,-19.145,0,0
24128612800,-20.572,0,0
24128612815,-15.682,0,0
24153664033,23.64,0,0
24153664062,-24.406,0,0
24164982479,-366.677,0,0
24179012091,-18.719,0,0
24184523515,-21.06,0,0
24223102847,-26.922,0,0
24223102866,-21.592,0,0
24252430369,-28.042,0,0
24254461752,-37.44751,0,0
24283328548,-3.8386,0,0
24292361868,-53.86458,0,0
24297393602,-49.27528,0,0
24305513748,-20.63757,0,0
24363375474,-28.60582,0,0
24376899902,-20.68751,0,0
24438688150,-25.57963,0,0
24556316818,-24.37843,0,0
24699947526,7.9257,0,0
24737864033,-34.0627,0,0
24764786935,-23.4678,0,0
24793389853,-54.5851,0,0
24848598836,-26.6364,0,0
24848598867,-19.9607,0,0
24848598875,-27.2438,0,0
25882162667,-16.4438,0,0
25882162668,-18.8231,0,0
25882162669,-38.9172,0,0
25882162672,20.2068,0,0
25882162683,-9.4533,0,0
25882162716,-3.70950000000001,0,0
27318526827,-10.048,0,0
27318526831,-23.785,0,0
27318526833,-13.895,0,0
27318526835,-12.012,0,0
27318526839,-5.871,0,0
27318526874,-13.656,0,0
28967402128,12.109,0,0
28967402129,-56.28,0,0
28967402130,-18.814,0,0
28967402131,27.564,0,0
28967402132,-1.428,0,0
24143139951,-5.552,0,0
24164982455,-8.2189,0,0
24164982460,-5.0989,0,0
24179012070,-12.0789,0,0
24189017218,-67.3737,0,0
24237726137,-17.0464,0,0
24237726163,-36.3864,0,0
24252430386,-30.01,0,0
24252430406,-22.526,0,0
24292361849,-20.305,0,0
24292361869,-20.615,0,0
24300154534,-24.628,0,0
24300154546,-16.604,0,0
24317200468,-34.438,0,0
24363375472,-32.391,0,0
24376899903,-49.51,0,0
24438688151,-16.505,0,0
24556316795,-32.446,0,0
24699947517,-31.549,0,0
24699947544,-8.4999,0,0
24743997370,-27.0544,0,0
24793389821,8.5445,0,0
25434268884,-22.5693,0,0
25434268958,3.0056,0,0
25700295760,7.9131,0,0
25700295787,-27.011,0,0
25930755456,35.463,0,0
25930755472,-350.169,0,0
24143139952,-17.6346,0,0
24143139981,-23.141,0,0
24153664063,-45.338,0,0
24184523478,-44.517,0,0
24189017219,-20.458,0,0
24223102848,-25.538,0,0
24237726143,-6.618,0,0
24237726164,-21.87,0,0
24283328530,3.9048,0,0
24297393605,-20.0665,0,0
24305513749,-17.8002,0,0
24317200444,-18.1358,0,0
24363375449,-26.0138,0,0
24363375473,-15.055,0,0
24376899904,-19.0333,0,0
24556316796,17.0671,0,0
24637177510,-25.0151,0,0
24699947525,-53.4224,0,0
24726282600,-30.0349,0,0
24737864028,-13.3673,0,0
24737864034,-4.152,0,0
24764786936,-54.0512,0,0
24764786946,-8.3889,0,0
24793389831,-29.4251,0,0
24793389856,26.6818,0,0
24793389878,-29.5865,0,0
24848598849,-7.0274,0,0
24848598866,-32.9113,0,0
24848598876,30.7319,0,0
25434268863,-19.2151,0,0
25434268868,-7.5609,0,0
25434268877,-26.4837,0,0
25434268885,-35.2182,0,0
25434268959,-26.7979,0,0
28105034904,-11.7164,0,0
28105034945,-49.6782,0,0
26601063475,-36.045,0,0
26601063479,-7.33800000000002,0,0
26662217276,-20.325,0,0
26662217287,-18.392,0,0
26696776148,-25.874,0,0
26725039695,-24.934,0,0
26972452423,-12.013,0,0
27188748925,-20.112,0,0
27219985235,-355.388,0,0
27318526847,-11.258,0,0
27318526872,-30.995,0,0
27507217620,-17.121,0,0
28738981532,-6.17399999999998,0,0
29893965232,-3.23000000000002,0,0
30040426774,-20.376,0,0
30040426775,-26.022,0,0
30074860898,-19.555,0,0
30074860915,-20.518,0,0
30179461451,-16.381,0,0
30179461452,-25.151,0,0
30289447190,-4.16399999999999,0,0
30289447232,-10.004,0,0
30735470676,-6.398,0,0
30735470677,4.28999999999999,0,0
30735470678,-6.672,0,0
30735470904,-20.493,0,0
31203801085,-50.383,0,0
31203801086,-39.064,0,0
32021096758,-9.054,0,0
32021096780,-23.794,0,0
33394994042,-19.79,0,0
33394994049,9.501,0,0
33394994050,1.34999999999999,0,0
33394994051,-35.46,0,0
33394994120,-26.38,0,0
33394994121,-14.65,0,0
33519679571,-27.65,0,0
33519679573,-11.46,0,0
37476346958,4.95400000000001,0,0
33192457358,3.95400000000001,0,0
37476346960,14.472,0,0
33235481240,14.445,0,0
37476346962,3.37,0,0
33302779699,3.37,0,0
37476346964,1.82999999999998,0,0
33519679544,0.870000000000005,0,0
37476346966,7.93000000000001,0,0
33519679572,7.66800000000001,0,0
37476346968,8.85399999999998,0,0
33605702472,7.81099999999998,0,0
37476346970,6.82600000000002,0,0
33605702495,5.80599999999998,0,0
37476346972,5.31099999999998,0,0
33605702548,4.87099999999998,0,0
37476346974,18.045,0,0
33815123758,18.045,0,0
37476346976,7.84800000000001,0,0
34016349994,7.84800000000001,0,0
37476346978,5.86099999999999,0,0
37476346980,-14.972,0,0
37476346982,-49.022,0,0
35586109586,-48.982,0,0
35586110040,10.072,0,0
37476346983,10.072,0,0
37476346984,4.06799999999998,0,0
35586110050,4.06799999999998,0,0
26696776130,-23.793,0,0
26725039697,-23.822,0,0
27166273122,-13.972,0,0
27299055446,-31.922,0,0
27299055460,-21.809,0,0
27507217596,-38.014,0,0
27507217622,-10.598,0,0
28105034927,-28.551,0,0
28105034961,-19.201,0,0
28105035024,-37.044,0,0
28738981534,-50.007,0,0
28738981574,-8.38699999999994,0,0
28738981616,-11.53,0,0
28738981640,-22.475,0,0
31609550501,-47.515,0,0
31609550503,-28.331,0,0
31609550581,-6.1508,0,0
32714221228,-14.2288,0,0
32714221230,-28.5827,0,0
27166273064,-15.028,0,0
27166273077,-10.561,0,0
27166273090,-10.963,0,0
27299055435,-17.939,0,0
27166273119,-26.078,0,0
27318526844,-24.697,0,0
27318526864,-22.744,0,0
27507217618,-27.056,0,0
28105034915,-25.769,0,0
28105034957,-30.753,0,0
28738981496,-23.5359999999999,0,0
28738981565,-30.821,0,0
28738981604,-19.875,0,0
28738981637,-133.915,0,0
28738981659,-46.995,0,0
28738981670,5.04100000000005,0,0
29275834817,-22.908,0,0
29275834838,-33.977,0,0
27166273063,-20.427,0,0
32959356314,-17.1,0,0
32959356366,-5.29700000000003,0,0
33208409506,-110.565,0,0
33208409530,4.35299999999995,0,0
33208409619,-15.756,0,0
33394994086,-50.761,0,0
33394994135,-24.474,0,0
33394994164,-0.841000000000008,0,0
33519679632,-21.078,0,0
33605702505,-125.772,0,0
33605702555,-30.386,0,0
33815123766,-35.446,0,0
33923713796,9.57799999999997,0,0
33923713835,-838.593,0,0
34016350032,-21.3819999999999,0,0
34106450743,-6.44200000000001,0,0
34106450794,-1003.03,0,0
27166273061,-13.932,0,0
27166273076,-22.6609999999999,0,0
27166273089,-16.717,0,0
27166273065,-30.94,0,0
27299055432,-36.525,0,0
27299055436,-79.415,0,0
27299055447,-52.029,0,0
27507217623,-40.73,0,0
28105034928,-29.255,0,0
28105034962,-33.235,0,0
27166273071,-78.957,0,0
27166273083,-20.525,0,0
27166273093,-32.507,0,0
27299055437,-29.507,0,0
27299055441,-74.934,0,0
27299055453,-28.364,0,0
27299055513,-348.705,0,0
27318526877,-14.35,0,0
27507217632,3.18000000000001,0,0
28105034900,-21.82,0,0
28105034934,-5.32999999999998,0,0
28105034974,-35.291,0,0
28738981490,-23.949,0,0
28738981507,-33.975,0,0
28738981548,-23.977,0,0
28738981590,-45.368,0,0
28967402138,-32.115,0,0
29275834801,-24.394,0,0
28967402155,-17.274,0,0
29275834829,-25.977,0,0
27166273070,-97.339,0,0
27166273082,-12.66,0,0
27299055440,-121.544,0,0
27299055452,-13.18,0,0
27299055512,-6.68000000000001,0,0
27507217631,48,0,0
28105034933,1.37,0,0
28105034973,-24.85,0,0
28105035006,13.14,0,0
28105035025,-37.92,0,0
28738981547,-8.38,0,0
28738981621,-2.33999999999997,0,0
28967402137,-21.65,0,0
28967402154,-3.44,0,0
29275834828,-37.97,0,0
29275834852,-16.64,0,0
32714221225,-73.62,0,0
31609550582,-29.9865,0,0
31609550647,-31.0341,0,0
32714221269,-248.04,0,0
32714221275,-216.9,0,0
32772191065,-12.43,0,0
32772191066,-13.43,0,0
32772191070,-18.39,0,0
32772191071,-23.39,0,0
32800401988,-30.4,0,0
32800401991,-29.44,0,0
32824260907,20.32,0,0
32824260908,-5.78999999999999,0,0
32864097823,-263.4,0,0
32864097824,-264.48,0,0
32864097825,7.05000000000001,0,0
32864097826,67.82,0,0
27299055449,-27.327,0,0
27507217625,-39.538,0,0
27507217652,-19.998,0,0
28105034930,-18.875,0,0
28738981536,-27.8630000000001,0,0
28738981618,-30.89,0,0
28738981642,-24.028,0,0
28967402162,-21.917,0,0
29275834875,-20.335,0,0
32714221227,-20.352834,0,0
32714221229,-26.312846,0,0
32714221231,-40.32823,0,0
32714221276,-18.178,0,0
32714221344,-48.408,0,0
32800401986,-58.646,0,0
32800401987,-23.59,0,0
32800401989,-1.53300000000002,0,0
32800401992,-12.774,0,0
32959356298,-463.15,0,0
32959356353,-111.379,0,0
27299055448,-15.3,0,0
27299055461,-43.995,0,0
27507217598,-11.4349999999999,0,0
27507217624,-33.398,0,0
27507217651,-23.5359999999999,0,0
28105034929,-21.354,0,0
28105034963,-24.789,0,0
28105034999,-14.043,0,0
28738981535,-24.082,0,0
28738981575,-37.487,0,0
28738981617,-13.726,0,0
28738981641,-40.952,0,0
27299055459,-12.674,0,0
27299055517,-19.074,0,0
27507217619,-22.787,0,0
27507217644,-19.049,0,0
28105034916,-214.968,0,0
28738981497,-26.934,0,0
28738981531,-987.575,0,0
28738981566,-16.29,0,0
28738981605,-16.87,0,0
28738981638,-107.91,0,0
32959356309,-392.94,0,0
33208409498,-463.822,0,0
33208409504,-452.441,0,0
33208409526,-1.40100000000001,0,0
33394994037,-36.301,0,0
33394994055,-22.453,0,0
34106450790,-0.117999999999995,0,0
32959356306,-44.634,0,0
32959356358,-30.003,0,0
33208409503,-31.299,0,0
33208409523,-12.766,0,0
33208409572,-28.408,0,0
33394994053,-27.722,0,0
33394994128,-19.036,0,0
33519679575,-140.494,0,0
33519679628,18.809,0,0
33605702497,-83.792,0,0
33605702550,-3.75599999999997,0,0
33815123761,-28.091,0,0
33815123792,-22.207,0,0
34016350003,18.197,0,0
34016350024,-44.763,0,0
34016350072,-44.201,0,0
34106450734,-21.188,0,0
34106450785,-3.06599999999997,0,0
34200333443,-31.472,0,0
32959356310,-27.878,0,0
32959356362,-37.578,0,0
33208409505,-22.314,0,0
33208409576,-19.722,0,0
33208409615,-78.977,0,0
33394994056,-40.83,0,0
33394994084,-12.454,0,0
33394994132,-28.578,0,0
33519679579,-165.49,0,0
33519679629,-19.921,0,0
33605702502,-11.913,0,0
33923713772,-62.435,0,0
34016350028,-25.163,0,0
34016350076,-54.101,0,0
34106450739,-9.05200000000002,0,0
34200333444,-376.452,0,0
32959356316,-40.271,0,0
32959356368,-11.461,0,0
32983659912,-26.931,0,0
33394994088,-32.111,0,0
33519679552,-76.369,0,0
33519679584,-9.05899999999997,0,0
33923713773,-382.12,0,0
34106450745,9.69899999999996,0,0
34106450796,20.924,0,0
34200333449,-20.498,0,0
37817259926,-17.5491,0,0
32959356317,-544.576,0,0
32959356369,33.3150000000001,0,0
32983659913,-62.345,0,0
33208409532,-27.424,0,0
33208409582,-67.756,0,0
33235481241,1.53800000000001,0,0
33394994089,12.6079999999999,0,0
33394994137,31.794,0,0
33815123738,-17.8150000000001,0,0
33815123768,-0.91700000000003,0,0
33815123794,41.367,0,0
34016350034,-23.817,0,0
34016350081,-74.592,0,0
34106450746,-55.785,0,0
34106450797,-78.626,0,0
37817259927,-54.302,0,0
37817259979,66.712,0,0
37973688468,-9.61699999999999,0,0
37973688504,-48.28,0,0
32959356318,-25.027,0,0
32983659891,-31.099,0,0
32983659914,-10.08,0,0
33208409533,-5.11099999999999,0,0
33302779681,39.109,0,0
33394994090,-41.9,0,0
33394994138,-496.157,0,0
33519679585,-18.817,0,0
33519679634,-56.954,0,0
33605702507,-21.75,0,0
33605702557,-20.097,0,0
33815123769,5.524,0,0
33923713798,-30.961,0,0
34016350004,-18.603,0,0
34016350082,-5.02499999999998,0,0
34106450747,-46.896,0,0
37817259928,-61.4164,0,0
32959356307,-35.376,0,0
32959356359,-108.818,0,0
32983659905,-11.321,0,0
33208409573,-2.16600000000005,0,0
33302779679,-43.097,0,0
33302779701,-52.859,0,0
33394994129,-23.711,0,0
33519679576,-16.4400000000001,0,0
33605702473,-29.056,0,0
33605702498,-429.937,0,0
33605702551,-10.3869999999999,0,0
33815123762,-39.407,0,0
33923713790,-87.977,0,0
33923713830,140.016,0,0
34016350073,-425.611,0,0
34106450735,-55.038,0,0
34106450786,-1.05900000000003,0,0
37973688434,-4.632,0,0
37973688445,-14.789,0,0
37973688450,-11.4344,0,0
32959356304,-29.135,0,0
32959356356,-19.135,0,0
33061959242,-307.385,0,0
33152329383,-3.86099999999999,0,0
33152329393,-12.188,0,0
33192457359,-54.173,0,0
33302779678,-79.527,0,0
33302779700,-16.234,0,0
33394994126,-22.75,0,0
33519679626,-2.34400000000005,0,0
33815123759,-7.48500000000001,0,0
34016350001,-30.473,0,0
34106450708,-9.46300000000002,0,0
34106450713,-25.798,0,0
32959356311,-14.724,0,0
32959356363,-22.6130000000001,0,0
32983659908,-20.647,0,0
33208409527,-19.629,0,0
33208409577,-9.74400000000003,0,0
33208409616,-24.861,0,0
33244585600,-3.73800000000006,0,0
33519679538,-9.55100000000004,0,0
33519679580,-2.41899999999998,0,0
33605702475,-176.172,0,0
33605702503,-49.245,0,0
33605702553,-26.252,0,0
33923713793,-17.707,0,0
34016350029,-24.485,0,0
34016350077,-36.723,0,0
34106450740,-25.696,0,0
34106450791,-15.945,0,0
34200333445,-23.63,0,0
37973688447,-1.76499999999999,0,0
37973688451,-18.613,0,0
32959356312,-27.764,0,0
32959356364,-29.643,0,0
32983659909,-29.207,0,0
33208409528,-24.4930000000001,0,0
33208409578,-16.338,0,0
33208409617,-18.087,0,0
33244585601,-22.245,0,0
33394994133,-21.274,0,0
33519679581,-27.229,0,0
33519679630,-19.968,0,0
33815123764,-10.122,0,0
33923713794,-78.334,0,0
34016350030,-104.084,0,0
34016350078,-11.777,0,0
34106450741,-8.33100000000002,0,0
34106450792,-27.2569999999999,0,0
34200333446,2.27800000000002,0,0
32959356313,-963.813,0,0
32959356365,-28.385,0,0
32983659910,-11.7190000000001,0,0
33208409529,-27.937,0,0
33208409579,-58.707,0,0
33208409618,-19.631,0,0
33394994085,-34.011,0,0
33394994134,-28.0410000000001,0,0
33519679582,-32.073,0,0
33519679631,-8.62699999999995,0,0
33605702504,-31.885,0,0
33605702554,-30.199,0,0
33815123765,-13.532,0,0
33923713795,-21.379,0,0
33923713834,-27.394,0,0
34016350031,-15.0839999999999,0,0
34016350079,-2.20899999999995,0,0
34106450742,-19.003,0,0
34106450793,-24.057,0,0
34200333447,-18.095,0,0
32959356319,-28.226,0,0
33208409507,-27.106,0,0
33208409534,-29.186,0,0
33302779659,-34.179,0,0
33394994058,-30.199,0,0
33394994091,-21.106,0,0
33519679553,-23.206,0,0
33519679586,-22.186,0,0
33519679635,-42.237,0,0
33605702508,-32.217,0,0
33815123739,-21.226,0,0
33815123770,-26.206,0,0
33923713799,-64.097,0,0
33923713838,-30.206,0,0
32959356303,-270.001,0,0
32959356370,-22.155,0,0
33208409583,-29.004,0,0
33208409622,55.775,0,0
33394994139,-18.259,0,0
33394994165,-21.659,0,0
33605702509,6.97500000000002,0,0
33605702558,-17.324,0,0
33923713774,-9.14699999999999,0,0
34016350005,-19.979,0,0
34016350035,-16.361,0,0
34016350083,-363.44,0,0
34106450748,-21.515,0,0
34106450798,-292.262,0,0
34200333450,-34.93,0,0
32959356320,-24.516,0,0
32959356371,27.857,0,0
32983659915,-42.935,0,0
33208409535,-8.21899999999999,0,0
33208409584,18.79,0,0
33302779660,-14.28,0,0
33302779682,-28.882,0,0
33302779703,-105.61,0,0
33394994140,-18.394,0,0
33519679587,-17.082,0,0
33519679636,-20.771,0,0
33923713765,-3.62700000000001,0,0
33923713800,-64.204,0,0
34016350036,-24.484,0,0
37973688448,-22.118,0,0
37973688470,43.436,0,0
39296720516,-24.892,0,0
39296720523,-5.82299999999998,0,0
39296720530,-16.594,0,0
39296720535,-5.13999999999999,0,0
39296720546,-21.857,0,0
39296720557,-21.714,0,0
39440602433,-15.377,0,0
39440602441,-32.37,0,0
39440602448,-12.581,0,0
39440602458,-26.897,0,0
39440602463,-31.097,0,0
39440602467,-25.857,0,0
39576929272,-12.9,0,0
39576929279,-20.241,0,0
32983659892,-55.574,0,0
33208409536,-67.416,0,0
33208409585,-39.851,0,0
33394994092,-30.615,0,0
33394994141,-52.376,0,0
33605702460,-351.238,0,0
33605702510,-25.016,0,0
33605702559,-95.421,0,0
33815123771,12.135,0,0
33923713839,-25.873,0,0
34016350037,0.807000000000016,0,0
34016350084,-71.004,0,0
34106450749,-17.861,0,0
34200333451,-22.337,0,0
32959356322,-26.143,0,0
32983659893,0.324000000000012,0,0
32983659916,-375.061,0,0
33208409586,-15.212,0,0
33302779661,-31.354,0,0
33235481242,-355.656,0,0
33519679588,-12.569,0,0
33519679637,-9.697,0,0
33605702511,-3.61900000000003,0,0
33815123772,-16.5,0,0
33923713801,-38.934,0,0
33923713840,-20.835,0,0
34016350038,-31.708,0,0
34016350085,-48.731,0,0
34106450750,-14.702,0,0
37817259929,66.5013,0,0
37817259980,8.5474,0,0
39296720514,-75.3655,0,0
39296720517,12.7921,0,0
39296720524,-59.023,0,0
39296720531,-36.937,0,0
39296720536,-33.044,0,0
39296720547,-31.481,0,0
39440602428,-85.592,0,0
39440602434,-21.455,0,0
39440602459,-22.297,0,0
39440602464,-16.847,0,0
39576929265,-43.65,0,0
39576929267,-13.787,0,0
39576929269,-20.787,0,0
39576929273,-21.03,0,0
39576929280,-23.703,0,0
39576929288,-9.04500000000002,0,0
39576929294,-47.786,0,0
39576929299,-349.025,0,0
39576929303,-56.274,0,0
39576929306,-24.374,0,0
39748979495,-18.017,0,0
39748979500,-20.9,0,0
39748979506,-72.967,0,0
39748979511,-42.493,0,0
39748979516,-52.471,0,0
39748979527,-25.45,0,0
32983659887,-34.776,0,0
33208409509,-19.815,0,0
33302779663,11.938,0,0
33302779684,-122.63,0,0
33394994095,-333.979,0,0
33394994145,-7.79899999999998,0,0
33519679591,-22.471,0,0
33519679640,-37.007,0,0
33605702514,-1.63799999999998,0,0
33605702560,-23.661,0,0
33923713775,-24.462,0,0
33923713804,-367.681,0,0
33923713842,24.416,0,0
34016350040,-25.601,0,0
34106450753,-10.476,0,0
37817259657,0.363999999999976,0,0
37817259932,-17.185,0,0
37817259982,-21.0973,0,0
37973688473,16.1382,0,0
37973688506,-2.22199999999999,0,0
40496303793,-26.048,0,0
40496304024,-29.572,0,0
39296720539,-25.995,0,0
39296720549,-24.744,0,0
39440602430,-321.513,0,0
39440602437,35.778,0,0
40496271184,-10.224,0,0
40496271185,3.27699999999999,0,0
39576929260,10.48,0,0
39576929263,9.243,0,0
39576929266,-1.137,0,0
39576929268,-16.763,0,0
39576929270,-7.51999999999998,0,0
39576929276,-9.51799999999997,0,0
39576929283,-25.723,0,0
39576929291,-18.528,0,0
39576929297,-22.583,0,0
39576929301,-27.923,0,0
39576929305,-59.308,0,0
39576929308,-22.948,0,0
32959356323,-32.509,0,0
32983659886,-18.033,0,0
32959356361,-23.9880000000001,0,0
32983659907,-31.84,0,0
33208409575,-8.26999999999998,0,0
33208409614,-19.84,0,0
33394994054,-15.841,0,0
33394994083,-10.154,0,0
33394994131,-21.543,0,0
33519679578,-18.784,0,0
33605702474,-7.18700000000001,0,0
33605702501,-57.73,0,0
33605702552,-33.5410000000001,0,0
33923713771,-10.067,0,0
33923713792,-14.98,0,0
33923713833,-4.27200000000005,0,0
34016350027,-24.1500000000001,0,0
34106450714,-911.351,0,0
34106450738,-12.4300000000001,0,0
34106450789,-20.1199999999999,0,0
37817259654,-29.0799999999999,0,0
37817259924,4.35374,0,0
37817259977,4.2149,0,0
37973688467,14.28657,0,0
37973688503,-40.68848,0,0
39296720521,-34.67,0,0
39296720534,0.25,0,0
39296720544,-913.047,0,0
39440602432,-31.78,0,0
39440602457,5.76999999999998,0,0
39440602462,-37.14,0,0
39440602466,-8.86000000000001,0,0
39576929271,-3.54999999999995,0,0
39576929278,-32.05,0,0
39576929287,-25.05,0,0
39576929293,4.44000000000005,0,0
39576929298,10.7,0,0
39576929302,-40.64,0,0
39748979492,-180.65,0,0
39748979494,74.82,0,0
39748979505,-166.47,0,0
39748979510,-123.13,0,0
39748979514,7.65999999999997,0,0
39748979525,5.57000000000005,0,0
32959356324,-27.499,0,0
32983659894,-24.12,0,0
32983659918,-33.04,0,0
33208409538,-343.78,0,0
33208409587,-28.581,0,0
33302779662,-25.111,0,0
33394994093,-17.674,0,0
33394994142,-30.34,0,0
33519679589,-2.14699999999999,0,0
33605702476,-20.849,0,0
33815123731,-45.385,0,0
33815123773,-24.862,0,0
33815123795,-30.521,0,0
34016350006,-34.418,0,0
34016350039,-27.562,0,0
34016350086,-34.173,0,0
34106450751,-26.015,0,0
37973688471,39.145,0,0
37973688505,84.266,0,0
39296720525,-313.381,0,0
39296720532,-10.855,0,0
39296720537,-19.3,0,0
39296720548,-98.581,0,0
39440602429,-22.235,0,0
39440602435,-27.987,0,0
39440602442,-11.624,0,0
39440602449,6.077,0,0
39576929259,-37.257,0,0
39576929262,-40.309,0,0
39576929274,-34.675,0,0
39576929281,-29.616,0,0
39576929289,-38.546,0,0
39576929295,-39.193,0,0
39576929300,-20.747,0,0
39576929304,-15.911,0,0
39576929307,-21.822,0,0
39748979496,-13.32,0,0
39748979501,-59.68,0,0
39748979507,-28.45,0,0
39748979512,-27.947,0,0
39748979517,-41.293,0,0
39748979528,-31.805,0,0
32959356325,-29.234,0,0
32983659895,-46.458,0,0
32983659919,-33.589,0,0
33208409539,-30.032,0,0
33208409588,2.12200000000001,0,0
33208409623,-4.87200000000001,0,0
33302779705,-37.721,0,0
33394994143,-311.387,0,0
33519679590,-23.19,0,0
33519679638,-13.596,0,0
33605702512,-60.898,0,0
33815123742,-37.533,0,0
33815123774,-22.957,0,0
33923713802,-10.555,0,0
33923713841,-37.375,0,0
34106450752,-278.419,0,0
37817259651,38.364,0,0
37817259930,-29.3072,0,0
37817259981,-89.0468,0,0
32959356326,-33.235,0,0
32959356373,-16.343,0,0
33235481221,-31.519,0,0
33235481235,-41.182,0,0
33302779683,-29.72,0,0
33394994094,-2.46199999999999,0,0
33394994144,-41.522,0,0
33394994166,-29.721,0,0
33519679639,-7.53800000000001,0,0
33605702513,-12.343,0,0
33923713766,-19.136,0,0
33923713803,-5.83699999999999,0,0
34106450715,-49.316,0,0
34106450799,104.689,0,0
37817259931,3.7007,0,0
37973688453,-5.293,0,0
37973688472,4.5967,0,0
39296720518,-17.3144,0,0
39296720526,-28.837,0,0
39296720538,-37.632,0,0
39440602436,-23.06,0,0
39440602443,-150.417,0,0
39440602465,-19.836,0,0
39440602468,-28.036,0,0
39576929275,-43.5,0,0
39576929282,-30.797,0,0
39576929290,7.70499999999998,0,0
39576929296,-43.343,0,0
39748979493,-31.245,0,0
39748979497,-30.419,0,0
39628908864,-26.105,0,0
39628908869,-58.661,0,0
39748979513,-31.936,0,0
39748979518,-36.236,0,0
32959356305,-35.6800000000001,0,0
32959356357,-25.893,0,0
32983659904,-47.252,0,0
33208409522,-28.89,0,0
33208409571,-27.302,0,0
33394994040,1.23699999999997,0,0
33394994079,-29.898,0,0
33394994127,-23.6600000000001,0,0
33519679574,7.38000000000011,0,0
33519679627,-856,0,0
33605702496,12.03,0,0
33605702549,13.54,0,0
33815123760,20.95,0,0
34016350002,-34.0999999999999,0,0
34016350023,-5.77999999999997,0,0
34016350071,-75.52,0,0
34106450784,2.1400000000001,0,0
32959356308,-15.913,0,0
32959356360,-24.694,0,0
32983659906,-28.367,0,0
33208409574,-16.093,0,0
33394994041,-20.045,0,0
33244585599,-40.044,0,0
33394994130,-17.804,0,0
33519679577,-41.309,0,0
33605702500,-15.7,0,0
33815123763,-20.32,0,0
33815123793,-26.45,0,0
33923713832,-26.01,0,0
34016350026,-31.57,0,0
34016350075,-23.73,0,0
34106450737,-20.32,0,0
34106450788,-18.02,0,0
33208409510,-16.669,0,0
33208409541,-16.569,0,0
33208409624,-24.5359999999999,0,0
33394994059,-22.5,0,0
33394994146,-43.421,0,0
33394994167,-13.409,0,0
33519679641,13.208,0,0
33605702515,-24.15,0,0
33815123775,-25.918,0,0
34016350007,-22.634,0,0
34016350041,67.3,0,0
34016350087,-31.342,0,0
34106450754,-24.022,0,0
34106450800,-10.79,0,0
34263216717,-46.33,0,0
37973688438,-1.11000000000001,0,0
37973688449,-9.63,0,0
39296720519,-0.305000000000007,0,0
39296720527,-28.711,0,0
39440602427,-289.717,0,0
39440602431,-85.831,0,0
39440602438,-25.724,0,0
39440602444,-58.207,0,0
39440602450,-52.222,0,0
39440602460,-43.158,0,0
39576929277,-32.898,0,0
39576929284,-14.035,0,0
39748979529,-33.4880000000001,0,0
39748979535,6.49699999999996,0,0
40093403747,-28.5,0,0
40093403751,-19.306,0,0
40093403793,-22.336,0,0
40093403804,-7.97799999999995,0,0
33244585598,-13.95,0,0
33394994096,-38.0599999999999,0,0
34016349990,-22.5799999999999,0,0
34016350042,-20.3,0,0
34016350088,-38.46,0,0
34106450755,-51.89,0,0
34200333434,-15.46,0,0
34263216718,-991.79,0,0
34263216725,-13.36,0,0
37817259933,-12.3939,0,0
37817259983,-16.338,0,0
33208409542,-15.531,0,0
33208409589,-10.798,0,0
33208409625,-20.602,0,0
33302779706,-18.795,0,0
33519679554,-31.513,0,0
33519679592,-40.997,0,0
33605702516,-22.334,0,0
33605702561,39.133,0,0
33923713776,-18.006,0,0
33815123796,-33.866,0,0
34016350043,-1.73200000000003,0,0
34016350089,-7.74599999999998,0,0
34752441036,-20.167,0,0
34752441050,-344.781,0,0
37973688474,-4.90600000000001,0,0
37973688507,-38.92,0,0
33208409590,-19.902,0,0
33302779685,60.164,0,0
33302779707,-5.733,0,0
33519679593,-103.956,0,0
33605702477,-92.713,0,0
33815123776,-7.08800000000002,0,0
33923713806,-29.428,0,0
34106450716,-84.848,0,0
34106450756,-45.093,0,0
34263216719,-6.29199999999997,0,0
34263216726,-66.358,0,0
34752441043,-27.287,0,0
34752441051,-23.978,0,0
37817259666,-4.63799999999998,0,0
37817259934,7.31999999999999,0,0
39296720513,-137.127,0,0
39296720515,-13.001,0,0
39296720520,4.78299999999999,0,0
39296720528,-25.246,0,0
39296720533,-37.892,0,0
39296720540,-31.006,0,0
39296720558,-0.988,0,0
39440602439,-40.51,0,0
39440602445,-22.108,0,0
39440602451,-13.126,0,0
39440602461,-37.275,0,0
39628908857,-24.094,0,0
39628908858,-19.307,0,0
39628908870,64.657,0,0
39748979530,-33.863,0,0
39748979536,-9.83500000000001,0,0
33208409543,-39.579,0,0
33208409591,-39.676,0,0
33302779664,-28.078,0,0
33302779686,-29.693,0,0
33302779708,-11.933,0,0
33519679594,-23.29,0,0
33605702517,-18.912,0,0
33605702562,-51.72,0,0
34016349995,-338.924,0,0
34016350044,-25.014,0,0
34106450717,23.436,0,0
34106450801,-4.66899999999998,0,0
34263216712,-72.081,0,0
34752441038,-78.499,0,0
34752441044,-367.515,0,0
34752441052,-37.893,0,0
37973688454,26.7515,0,0
37973688475,-28.2379,0,0
37973688508,-56.1996,0,0
40496304025,-53.641,0,0
40496271182,-20.334,0,0
40496271183,-39.489,0,0
39440602446,-23.021,0,0
39440602452,-5.89800000000002,0,0
39440602469,-18.43,0,0
39440602480,-25.556,0,0
39576929285,-38.269,0,0
39628908848,-4.197,0,0
39628908859,-286.91,0,0
33235481234,-24.678,0,0
33302779677,-20.231,0,0
33235481236,-37.241,0,0
33394994081,-37.931,0,0
33605702499,-17,0,0
33923713770,0.411999999999978,0,0
33923713791,-25.463,0,0
33923713831,-36.491,0,0
34016350025,-30.102,0,0
34016350074,-19.02,0,0
34106450736,-10.182,0,0
34106450787,-340.031,0,0
34263216724,-24.605,0,0
34752441042,-100.615,0,0
34752441049,-40.042,0,0
37973688440,-43.688,0,0
37973688446,-64.1338,0,0
37973688466,-12.476,0,0
39748979498,-32.953,0,0
39748979519,-26.383,0,0
39748979549,-17.89,0,0
40093403826,-26.323,0,0
40093403882,-24.243,0,0
40093403931,-25.675,0,0
39628908843,-28.013,0,0
40093403705,-18.661,0,0
39748979523,-34.749,0,0
40093403770,-17.572,0,0
40093403829,-24.835,0,0
40093403885,-34.353,0,0
40252170691,-5.86700000000002,0,0
40252170724,-41.835,0,0
40496240398,-18.69,0,0
40496240445,-36.999,0,0
40529443289,5.73599999999999,0,0
40935574517,-24.043,0,0
41432099534,-11.669,0,0
41432099547,-13.094,0,0
41568533947,-367.576,0,0
41627771464,-39.974,0,0
39748979499,-35.353,0,0
39748979526,-30.889,0,0
39748979550,-24.766,0,0
40093403936,-32.588,0,0
40496240368,-20.232,0,0
40496240401,-53.155,0,0
40496240446,-25.894,0,0
40584315877,-45.548,0,0
40584315889,-46.632,0,0
40935574509,-18.454,0,0
40935574536,-22.351,0,0
41432099548,-553.426,0,0
41432099576,-45.996,0,0
41568533985,-78.983,0,0
39628908846,-18.217,0,0
39628908867,-20.444,0,0
39748979532,-30.35,0,0
40093403774,-24.75,0,0
39628908847,-45.816,0,0
39628908868,-36.364,0,0
39748979533,-42.419,0,0
39628908860,-28.701,0,0
39748979520,9.39099999999996,0,0
40093403768,-26.03,0,0
40093403827,-574.826,0,0
40093403932,-23.554,0,0
40252170722,-45.837,0,0
39628908841,-26.3,0,0
39628908861,-29.765,0,0
39748979521,-31.923,0,0
40093403769,-49.492,0,0
40093403883,-26.273,0,0
40093403933,-3.93399999999997,0,0
40496240366,-34.213,0,0
40496240396,-20.004,0,0
40584315867,-25.104,0,0
40584315875,-22.04,0,0
40828445728,-36.22,0,0
40828445750,-21.224,0,0
40828445776,-15.091,0,0
40935574516,-42.371,0,0
41568533981,-651.229,0,0
39628908842,-26.938,0,0
39628908862,-38.621,0,0
39748979522,-32.509,0,0
40093403828,-48.023,0,0
40093403884,-27.704,0,0
40252170723,-9.95799999999997,0,0
40496240397,-22.664,0,0
40496240444,-680.301,0,0
40584315876,-32.856,0,0
40584315888,-699.069,0,0
40828445777,-29.386,0,0
41145599253,-26.1900000000001,0,0
41145599267,-17.236,0,0
41432099574,-5.08000000000004,0,0
41568533982,-41.272,0,0
41627771463,-19.88,0,0
39748979488,-847.781,0,0
40093403726,-17.783,0,0
40093403830,-28.102,0,0
40093403886,-46.04,0,0
40252170692,-796.755,0,0
40496240399,-39.206,0,0
40529443274,-701.441,0,0
40529443290,-35.904,0,0
40828445729,-54.303,0,0
41145599248,-20.904,0,0
40935574518,-21.074,0,0
40935574534,-182.169,0,0
41568533948,-39.833,0,0
41568533983,3.69000000000005,0,0
39628908844,-29.034,0,0
39748979524,-37.52,0,0
40093403771,-15.52,0,0
40093403831,-34.504,0,0
40093403887,-30.38,0,0
40093403935,-79.493,0,0
40496240367,-16.267,0,0
40496240400,-28.687,0,0
40529443275,-18.472,0,0
40529443291,-32.885,0,0
40828445752,-22.693,0,0
40881521448,-75.035,0,0
40881521461,-46.327,0,0
41145599269,-45.763,0,0
41568533984,-29.149,0,0
39628908845,-17.337,0,0
39628908866,-23.994,0,0
39748979531,-7.05700000000002,0,0
40093403773,-18.497,0,0
40093403833,-19.829,0,0
40093403889,24.836,0,0
40252170693,-73.447,0,0
40252170726,-22.057,0,0
40496240403,-30.707,0,0
40584315868,-47.944,0,0
40584315878,-35.512,0,0
40584315890,-428.263,0,0
40828445779,-14.814,0,0
40881521462,-43.103,0,0
40935574537,-39.101,0,0
41568533935,-43.383,0,0
41568533949,9.572,0,0
41568533986,-31.362,0,0
40093403712,-8.59900000000005,0,0
40093403756,-31.842,0,0
40093403814,-43.498,0,0
40093403871,-2.55799999999999,0,0
40093403921,-41.46,0,0
40252170714,-27.538,0,0
40496240433,-8.428,0,0
41432099531,-24.8390000000001,0,0
41432099544,-33.726,0,0
41432099563,-279.033,0,0
41568533970,-95.753,0,0
41627771474,-27.59,0,0
40093403755,-32.893,0,0
40093403813,-24.051,0,0
40093403711,-20.354,0,0
40093403753,-29.117,0,0
40093403811,27.465,0,0
40093403870,-39.704,0,0
40093403919,-22.279,0,0
40252170712,-471.139,0,0
40496240387,-40.94,0,0
40529443273,-12.036,0,0
41432099561,-468.523,0,0
41568533968,-429.612,0,0
40093403754,-471.074,0,0
40093403812,-36.992,0,0
40093403920,-51.145,0,0
40252170713,-21.638,0,0
40252170744,-21.888,0,0
40496240432,-4.702,0,0
40881521444,-37.714,0,0
40828445771,-19.513,0,0
41432099543,-29.202,0,0
41432099562,-21.51,0,0
41627771473,-36.794,0,0
40093403723,-81.241,0,0
40093403750,-38.847,0,0
40093403866,-21.354,0,0
40252170688,-77.646,0,0
40252170709,-53.283,0,0
40252170742,-38.294,0,0
40496240430,-9.08299999999997,0,0
40935574506,-68.373,0,0
41145599252,8.16699999999997,0,0
41145599258,-20.707,0,0
41432099559,-9.88599999999997,0,0
41432099592,-444.188,0,0
41568533967,-55.785,0,0
41568534003,-32.61,0,0
41675838187,-35.711,0,0
41782872129,14.5410000000001,0,0
40093403709,-34.217,0,0
40093403748,-452.585,0,0
40252170687,-513.131,0,0
40496240383,-27.249,0,0
40584315865,-33.881,0,0
40584315873,-23.1609999999999,0,0
40828445742,-51.116,0,0
41432099525,-37.028,0,0
41432099542,-9.96900000000005,0,0
40093403710,-7.93700000000001,0,0
40093403749,-102.796,0,0
40093403807,-60.931,0,0
40093403865,-11.705,0,0
40496240355,-44.373,0,0
40252170708,1.36000000000001,0,0
40496240384,4.03700000000003,0,0
40496240429,-29.897,0,0
40529443279,-21.317,0,0
40584315882,-59.226,0,0
40828445743,-19.466,0,0
40881521446,-35.239,0,0
40881521453,-44.4400000000001,0,0
40935574525,-493.424,0,0
41145599257,-31.897,0,0
41432099558,-491.05,0,0
41432099591,7.44200000000001,0,0
41568533966,-498.153,0,0
41568534002,-18.226,0,0
41675838186,-62.7,0,0
41782872128,-21.186,0,0
40093403714,-35.944,0,0
40093403757,-0.317000000000007,0,0
40093403816,-20.772,0,0
40093403873,-17.509,0,0
40093403923,-474.763,0,0
40496240388,-25.317,0,0
40496240435,-9.47000000000003,0,0
40529443282,-102.276,0,0
40584315883,7.41700000000003,0,0
40828445744,-27.452,0,0
40881521447,-9.77700000000004,0,0
40881521455,-44.5359999999999,0,0
40935574527,-3.625,0,0
41145599260,-27.6319999999999,0,0
41432099565,-433.367,0,0
41432099594,-16.946,0,0
41568533972,3.86400000000003,0,0
41568534004,-71.13,0,0
41675838188,-16.031,0,0
41782872130,-27.616,0,0
40093403716,-28.404,0,0
40093403759,-41.754,0,0
40093403818,8.01700000000005,0,0
40093403925,-25.625,0,0
40252170716,-23.398,0,0
40496240390,-7.88400000000001,0,0
40496240437,-12.787,0,0
40529443284,-87.603,0,0
40881521441,-21.675,0,0
40935574528,-31.51,0,0
41145599261,-26.532,0,0
41432099567,-197.945,0,0
41568533944,-117.501,0,0
41568533974,-468.741,0,0
41675838182,-19.264,0,0
41782872131,-490.455,0,0
40093403718,-30.771,0,0
40093403761,-10.9400000000001,0,0
40093403820,-61.476,0,0
40093403876,-50.2089999999999,0,0
40093403927,-19.707,0,0
40252170717,-16.16,0,0
40496240391,41.563,0,0
40496240439,-17.293,0,0
40529443285,-93.832,0,0
40828445727,-48.77,0,0
40828445772,-20.16,0,0
40881521458,-38.717,0,0
40935574530,-41.091,0,0
41145599262,-22.952,0,0
41432099569,29.227,0,0
41432099596,-18.888,0,0
41568533976,-4.99200000000002,0,0
41568534007,-28.577,0,0
41675838191,-30.281,0,0
41782872133,-25.584,0,0
40093403719,-32.756,0,0
40093403762,-21.431,0,0
40093403821,-13.294,0,0
40093403877,-12.686,0,0
40093403928,-29.922,0,0
40252170718,-81.331,0,0
40496240440,-9.16300000000001,0,0
40935574508,-26.639,0,0
40935574515,-41.257,0,0
41145599263,-17.9589999999999,0,0
41432099570,-646.85,0,0
41432099597,-616.55,0,0
41568533977,-568.807,0,0
41568534008,-8.90800000000002,0,0
41675838192,-30.576,0,0
41782872134,-33.116,0,0
40093403720,-8.83199999999999,0,0
40093403763,91.983,0,0
40093403822,-49.195,0,0
40093403929,-24.024,0,0
40252170719,-8.72299999999996,0,0
40496240392,-22.639,0,0
40496240441,-28.902,0,0
40529443286,-34.85,0,0
41432099533,-23.472,0,0
41432099546,-19.7619999999999,0,0
41568533934,-24.2859999999999,0,0
41568533945,-29.159,0,0
41627771476,-11.925,0,0
40093403721,-23.903,0,0
40093403764,11.1079999999999,0,0
40093403823,-27.813,0,0
40093403879,-24.85,0,0
40093403930,-31.075,0,0
40252170720,-38.983,0,0
40496240393,-37.9349999999999,0,0
40496240442,-1.02800000000002,0,0
40529443287,-27.874,0,0
40584315885,-43.835,0,0
40828445747,-24.835,0,0
40828445773,-17.923,0,0
40881521459,-32.667,0,0
40935574531,-28.687,0,0
41145599264,-15.452,0,0
41432099598,-37.401,0,0
41568533978,-457.663,0,0
41627771477,-164.079,0,0
40093403713,-26.234,0,0
40093403815,-36.555,0,0
40093403922,-58.634,0,0
40252170715,-20.062,0,0
40252170745,-54.394,0,0
40496240434,-15.462,0,0
40828445789,31.05,0,0
41432099532,-44.8869999999999,0,0
41432099545,-15.3630000000001,0,0
41432099564,-429.535,0,0
41568533942,-441.936,0,0
41568533971,-528.571,0,0
40093403717,-27.802,0,0
40093403760,-25.63,0,0
40093403819,-16.4589999999999,0,0
40093403875,-21.462,0,0
40093403926,-19.078,0,0
40496240364,-39.5,0,0
40496240438,-10.422,0,0
40935574507,36.767,0,0
40935574514,-51.518,0,0
41432099568,-178.605,0,0
41432099595,-41.91,0,0
41568533975,5.06299999999999,0,0
41568534006,-17.339,0,0
41675838190,-48.553,0,0
41782872132,-40.54,0,0
40093403715,-26.494,0,0
40093403758,-19.55,0,0
40093403817,-25.294,0,0
40252170682,-31.55,0,0
40093403924,-32.858,0,0
40496240363,-27.097,0,0
40496240389,-38.429,0,0
40496240436,-31.503,0,0
40529443283,-26.17,0,0
40584315884,-26.99,0,0
40828445745,-22.248,0,0
40881521456,-23.611,0,0
41432099566,-31.047,0,0
41568533943,-22.92,0,0
41568533973,-23.033,0,0
41627771475,-14.999,0,0
40093403722,-25.376,0,0
40093403765,-485.658,0,0
40093403824,-14.76,0,0
40496240365,-26.5410000000001,0,0
40529443288,17.061,0,0
40584315886,-33.359,0,0
40828445748,-24.884,0,0
40828445774,11.53,0,0
40881521460,-16.285,0,0
40935574532,-23.009,0,0
41145599265,-21.061,0,0
41432099572,12.456,0,0
41432099599,-519.194,0,0
41568533979,-485.414,0,0
41568534009,-15.224,0,0
41675838193,-39.64,0,0
41782872135,-20.548,0,0
40093403806,-126.924,0,0
40093403861,-34.074,0,0
40252170686,-87.92,0,0
40252170706,-21.564,0,0
40496240382,-40.456,0,0
40496240428,-49.377,0,0
40496240456,-18.212,0,0
40584315881,16.553,0,0
40828445740,-19.178,0,0
40828445768,-25.088,0,0
40828445788,-116.957,0,0
40935574524,-11.753,0,0
41432099557,-26.458,0,0
41432099590,-20.206,0,0
41568533965,-14.216,0,0
41568534001,46.858,0,0
41627771472,-107.826,0,0
41782872127,-5.56799999999998,0,0
14074649601,2.507,0.00344496478168409,0
14121570363,1008.229,0.999985633661991,1
14195546223,-6.089,0.00213468395557332,0
14212529098,948.653,0.999983006846785,1
14212529099,-11.19,0.00189391691277889,0
14243374230,366.62,0.999696771082036,1
18338059457,81.5,0.979616490340589,1
18311652257,1591.399,0.999996394312135,1
18338059508,5.8895,0.00446831818697202,0
18413433754,234.905,0.998906887593483,1
18724615636,12.494,0.0087439015681648,0
18296035960,1300.684,0.999993421890911,1
18089366218,99.18,0.987940313148011,1
18124433799,4.446,0.00391400032749342,0
18052008933,673.683,0.999951565516286,1
18217470844,7.49099999999999,0.00518997726134151,0
18240116557,0.580000000000013,0.00299756679812892,0
18145087162,2.14800000000002,0.00332332138987124,0
18052008921,136.003,0.994944370084752,1
18217470805,312.898,0.999515925053052,1
18593363643,-0.211000000000013,0.00287066915686171,0
18106065807,8.33300000000003,0.00556807837783277,0
18240116624,235.818,0.998921895175061,1
18124433757,6.23700000000002,0.00447945000397041,0
18009745834,770.465,0.999967651437551,1
18106065808,274.918,0.999300742389241,1
18169751766,5.8989,0.00454538159880992,0
18395863515,12.753,0.00851855353421188,0
18106065809,205.742,0.998413116966673,1
18196702208,46.273,0.894662935822578,1
18052008925,498.858,0.999878339285529,1
18652625264,-5.589,0.00219935415680997,0
18652625298,-86.73,0.0275601259478514,0
18652625346,182.417,0.997752876580632,1
18009745752,458.481,0.999841689034642,1
18279741041,363.744,0.999692590987286,1
18395863450,426.977,1,1
18089366195,170.895,0.997323281470623,1
31467046683,125.0083,0.993491577145246,1
31664904343,307.711,0.999495455786205,1
37973688566,292.3094,0.99940869409871,1
37973688581,76.025,0.975888062241549,1
16890710271,614.443,0.999935137887326,1
17015282893,96,1,1
17015282907,585.5304,0.999926888771694,1
17116905067,183,1,1
16940116352,201.7213,0.998290100536095,1
16954009378,139.5116,0.995310282238115,1
16758145519,7.30600000000001,0.00509518988187687,0
16758145554,-82.296,0.0241680993272206,0
17015282791,3.8973,0.00394658634320583,0
17135675511,-4.0891,0.00230144611756993,0
14212529123,-85.769,0.0269723155578117,0
14301614286,101.971,0.988881926643222,1
14309750624,13.076,0.00894313958897044,0
14331446287,107.29,0.990230527771089,1
14392731141,4.657,0.00392854858069663,0
14409659180,62.5314,0.960505633408464,1
14409659181,3.2139,0.00352532731120536,0
14585594748,1.344,0.00312408493546142,0
14620630185,5.259,0.00422038070561488,0
14150365623,230.387,0.998852270608842,1
14212529125,308.609,0.999506062180767,1
14301614289,92.297,0.985839285603805,1
14301614239,835.179,0.999974812331979,1
14331446274,3.01599999999996,0.00355265740013261,0
14331446275,-298.386,0.234368187554363,0
14456980303,531.71,0.999900004497631,1
14644000899,2.71,0.0034593207556885,0
18296035920,5.3692,0.00420961958049136,0
18311652259,54.385,1,1
18240116631,-1.10500000000002,0.00273128914198564,0
18196702210,0.460000000000001,0.00303412543894562,0
18279741044,389.318,0.999748978605898,1
18296035962,835.388,0.99997515360116,1
18089366217,157.898,0.996616680862816,1
18750320607,2.78,0.00359872263429223,0
18240116632,750.015,0.999965423844835,1
18296035901,230.143,0.998814543190673,1
18296035964,631.841,0.999941502278668,1
18395863520,83.364,0.981122844390106,1
18240116634,752.423,0.99996558198675,1
18395863360,181.319,0.997684243398639,1
18395863396,12.636,0.00896404205645668,0
24317200449,211.326,0.998512641660221,1
24556316820,264,1,1
24699947519,112.171,0.99119514611823,1
24699947545,591.34,0.999929556634604,1
24237726170,67.35,0.966998537977209,1
24305513767,121.0119,0.992916271139631,1
24317200448,419.1917,0.999797320653924,1
24363375456,232.1688,0.998853644821172,1
24363375446,187.364,0.9978652383412,1
24184523519,640.109,0.999943432918349,1
24204680074,-9.187,0.00209370311395924,0
24237726167,53.1672,0.934197109702085,1
24252430371,344.623,0.999644848614696,1
24438688141,539.131,0.999905018867471,1
24438688142,-28.204,0.00287088042784562,0
24438688152,910.14,0.999980570121579,1
30343576445,46.52,0.893441269594714,1
30343576453,-18,1,1
30345319747,-12,1,1
30311757195,208.321,0.998453757910401,1
30343576383,240.231,0.998969953073323,1
30343576421,63,1,1
30343576426,-20,1,1
30343576431,102,1,1
30311757193,177,1,1
36309742102,360.34217,0.999687174527168,1
36338056325,546,1,1
36338056426,589.698,0.999928286703426,1
36338056442,717.842,0.999960146681566,1
36355950679,39.335,0.763993765950485,1
36355950682,58.73,0.950817058805477,1
36642388180,181.382,0.99769222860497,1
36642388197,-26.302,0.00265562452653494,0
36642388215,563.287,0.999917345358689,1
36338056410,380.044,0.999729274317966,1
36338056428,192.987,0.99805508902159,1
36338056444,59.711,0.95343388945251,1
36338056462,-29.743,0.00310015617852833,0
36338056477,-18.641,0.00207290241617245,0
36355950689,-27.329,0.00270465750924735,0
36642388236,329.0473,0.999577998147,1
36642388254,-6.6449,0.00210040758272113,0
36642388270,89.155,0.983873039430887,1
36642388287,-20.573,0.00211354013384297,0
36748089461,139.4196,0.995215328975458,1
36187663515,103.726,0.989375370060552,1
36187663519,135.3887,0.994865805514273,1
36187663522,113.8543,0.99163116065642,1
36187663527,-12.3856,0.00189852368212893,0
36309742095,165.187,0.997003088745256,1
36338056323,-93.441,0.0321175613080822,0
36338056324,252.51,0.99909747595579,1
37160396085,237.1266,0.998946236249912,1
36338056404,143.342,0.995610148170193,1
37260946529,-24.471,0.00242840551786544,0
37260946545,138.033,0.995097441016301,1
36355950749,687.417,0.999954590539216,1
37095716107,226.645,0.998794927079441,1
37095716116,262.025,0.999206584646222,1
37160396043,72.75,1,1
36309742109,-4.848,0.00224164910794722,0
37160396107,57.871,0.948578218937236,1
37189685607,55,0.940526658292709,1
36338056328,285.1116,0.999369838575399,1
36338056334,122.61,0.993290496914853,1
36338056341,12,1,1
36933939317,-34,1,1
36933939328,342.3,0.999635998323003,1
36933939341,-21.6671,0.002168054994907,0
36309742111,406.78998,0.999778176290528,1
36309742122,93.385,0.986192125101943,1
36309742132,-11.9239,0.00185726162481523,0
36309742101,163.78,0.996929924486907,1
36309742103,219.911,0.998662078338032,1
36309742106,87.645,0.98306849049432,1
36748089482,319.654,0.999551308329111,1
36748089498,162.115,0.996816067395891,1
36748089502,196.6481,0.998166490352067,1
36748089518,523.716,0.999896753773397,1
36748089534,276.764,0.999305754735107,1
36933939216,213.69,0.998563461477767,1
36933939267,105.7796,0.989816683693904,1
36933939281,115.3097,0.992009350034993,1
37260946537,146.154,0.99573597210094,1
37260946554,-13.89642,0.0018853398009098,0
36338056330,433.293,0.999817531255486,1
36338056337,89.144,0.984472067875199,1
36338056344,189.868,0.997994109697476,1
36309742112,105.031,0.989956755953431,1
36309742123,146.179,0.995810452393296,1
36338056345,140.696,0.995401656387138,1
36642388261,162.723,0.996909634216344,1
36642388277,272.44,0.999271577918782,1
36642388294,201.7734,0.998306202328588,1
36309742114,-16.3093,0.00201948746005541,0
36309742125,149.06892,0.996026203975958,1
36309742133,132.1601,0.994428788493651,1
36338056365,815.96908,0.999972891869683,1
36338056403,348.083229,0.99965247324839,1
36380458457,259.53,0.999170849684296,1
36380458476,295.015,0.999434530124454,1
36380458493,-49.11,0.00741067978993384,0
36642388001,73.106,0.973092131561159,1
36642388158,-25.4,0.0025233771512742,0
36642388189,-25.5988,0.00259064217708293,0
36642388206,66.314,0.965593284501055,1
36642388224,68.083,0.967767320692152,1
36642388242,-43.94,0.00570296978795534,0
37160396071,213.196,0.998531542935206,1
37160396081,-24.245,0.00243907976829581,0
37160396092,-32.146,0.00344001918801508,0
37498773911,135.1243,0.994746778376209,1
36309742088,-13.076,0.00183971217810442,0
36355950752,756.18,0.99996582578896,1
36380458446,108.819,0.990656105429884,1
36380458465,139.364,0.995263334911797,1
36380458484,-36.096,0.00401989849971167,0
36380458500,358.7033,0.999681079861882,1
36595292303,-26.8141,0.00262659512812039,0
36595292308,46.3716,1,1
37160396075,-30.8151,0.00314636160540307,0
37260946538,-32.948087,0.00353379590505895,0
37260946555,-35.39158,0.003922212404197,0
36309742100,-18.898,0.00204424812098658,0
36309742105,1429,1,1
36338056353,89.2099,0.984263348614019,1
36338056409,-30.741,0.00323943007114281,0
36642388029,24.72006,0.056179390024396,0
20771299511,429.429,0.999810187048664,1
20771299552,187.77,0.997879195997634,1
20771299543,-4.44400000000002,0.00224710980850641,0
20888105814,-0.988,0.00279852093623082,0
21014168819,-1.32400000000001,0.00258249564009334,0
20953998360,105.806,0.989846043751129,1
21022618482,14.296,0.0107905945312907,0
20771299521,881.452,0.999978555333329,1
20931904800,901.22,0.999979648206629,1
20931904812,131.338,0.994353030174356,1
20931904822,2.632,0.00347380629601598,0
20953998355,335.642,0.999605701299799,1
21022618485,180.38,0.997640981931998,1
21022618492,1.8697,0.00321309366000528,0
21022618502,56.7359,0.945984825667091,1
21022618516,93.46559,0.986137495934519,1
20945564547,825.209,0.999974214420395,1
20920375448,239.6575,0.998965899748266,1
20953998345,171.105,0.997316575950784,1
20931904803,124.4744,0.993536372959502,1
21458082911,-8.974,0.00199806800832285,0
20387836192,165.478,0.99702341902722,1
20452986013,102.375,0.988902197841261,1
20425967979,514.993,0.99989074919783,1
20452986014,24.552,0.0535154901936534,0
20611751952,4.3092,0.00389517031628996,0
20611751959,0.691000000000031,0.00299947393490578,0
20597396876,1570.255,0.999996300116751,1
20945564543,378.722,0.999722564400366,1
20978990843,29.57584,0.173909396947551,0
24179012077,5.676,0.00430178566450465,0
24184523496,366.565,0.999706562782909,1
24237726148,-3.00109999999999,0.00245709225080399,0
24252430372,-1.4392,0.00264750485304376,0
24237726173,0.565999999999974,0.00296039171068095,0
24637177507,576.842,0.999923446830255,1
24637177514,4.0916,0.00387025467361229,0
24237726149,570.51,0.999919171173824,1
14074605833,334.157,0.99960453362249,1
14324581215,409.496,0.999784228474575,1
14324581216,15.801,0.0129892142597647,0
14378167069,156.53,0.996555360358371,1
14378167070,-0.907999999999987,0.00273291055921497,0
14526923090,-16.025,0.00195016599200206,0
14558553392,101.67107,1,1
14984400906,158.665,0.996663560387617,1
14309750598,186.652,0.997865580505752,1
14309750599,1.08900000000006,0.00310099966271524,0
14324581213,1.55499999999995,0.00322074922608866,0
14324581214,218.914,0.998655297446281,1
14409659162,159.69,0.996667864085143,1
14435161671,323.102,0.999557775449472,1
14496707065,0.61099999999999,0.00296272080919577,0
14526923087,24.515,0.0555375948404074,0
14558553386,148.195,0.995976564351662,1
14558553387,5.73599999999999,0.00445130791097356,0
14558553388,2.45799999999997,0.00351610576682192,0
14558553389,1.93200000000002,0.00328230457606095,0
14681045889,13.943,0.010166466303499,0
18052008932,-17.982,0.00204185516319161,0
18106065812,9.357,0.00618906187574016,0
18009745764,523.97,0.999896457882621,1
18009745841,1013.211,0.999985985829527,1
18052008989,161.50754,0.996795857158135,1
18089366263,339.828,0.999618159442013,1
18106065815,210.327,0.998477052203522,1
18256194224,437.2454,0.99982334398838,1
18395863336,224.8754,0.998742054970473,1
18395863337,4.80200000000001,0.0041670250364425,0
18395863335,2183.475,0.999998643256813,1
17135675444,56.99262,0.946505725993839,1
17116905071,-7.06200000000001,0.00207150046281141,0
17345585580,7.882,0.00535720099047922,0
18009745686,-2.36199999999999,0.00254130243964847,0
18169751749,-7.21000000000004,0.00205474638054616,0
17060579745,-5.44399999999996,0.00219890491351471,0
18009745687,222.91,0.998724788011028,1
18442778554,4.65599999999995,0.00390422320742495,0
17135675468,187.411,0.997894072786955,1
18296035952,10.69,0.0071835627314553,0
18256194257,-0.11099999999999,0.00285216338487715,0
18169751752,-5.81999999999999,0.00220752052719747,0
18395863426,100.957,0.988505010643695,1
18196702186,-4.4289,0.00228132947469972,0
18534034672,1397.547,0.999994781344369,1
18586315585,4.55000000000001,0.00386600431435133,0
20911386435,2.10300000000001,0.00326610199285544,0
18586315529,-3.32,0.00238948635533231,0
18973260537,84.845,0.981687733904208,1
20931904731,138.456,0.995097780610185,1
21526243637,773.284,0.99996807802359,1
21664120474,-29.439,0.00293644488643516,0
21787139388,57.13,0.947554850291771,1
21787139427,-180.7887,0.120769437923541,0
21890900365,-80.831,0.0229764980356503,0
22542227918,-12.877,0.00188181378258547,0
21632060587,-31.8558,0.0033435769739428,0
21787139370,-23.904,0.0023785255913248,0
21787139389,-24.1423,0.0023957941977193,0
22034920035,7.81400000000002,0.00540154274169233,0
16940116354,114.847,0.991997740293951,1
16890710293,-89.483,0.0290752838906188,0
17060579765,0.0269999999999868,0.00283656518997345,0
17092283370,8.38400000000001,0.00557373217546225,0
16890710308,364.7933,0.99969805040911,1
16890710319,1.01499999999999,0.00307579320034074,0
17060579753,222.6605,0.998710296480132,1
17060579764,5.348,0.00421460813289668,0
16954009417,241.306,0.998973477147749,1
17015282762,2.33499999999998,0.00331286246638833,0
17015282785,74.9829,0.974714610152178,1
17015282786,318.888,0.999539255210523,1
18052008895,15.4305,0.0122496900445972,0
16758145552,222.358,0.998697865101674,1
16785091431,147.1238,0.995925491847188,1
16683638079,216.283,0.998605199726023,1
16758145441,122.148515,0.993222712150756,1
16785091390,548.1267,0.999909675336607,1
16758145466,10.1489,0.00667579955965269,0
16758145553,522.498,0.999895921783319,1
17015282895,126.593,0.993802011277048,1
20953998341,133.161,0.994568300959336,1
20953998344,-4.81948,0.00224275673791527,0
21787139374,15.272,0.0116214306031556,0
20597396871,575.0041,0.99992034333435,1
20597396915,-1.46700000000001,0.00266785898329603,0
20989179530,739.12584,0.9999634321093,1
20911386392,0.839399999999998,0.00306965612807859,0
20911386404,1.15700000000001,0.0030841536467605,0
20911386419,0.0910000000000082,0.00298920397166792,0
20911386427,185.587,0.997851230110191,1
21004550123,148.34,0.99590734912778,1
20999738945,183.3583,0.997754510305984,1
20945564548,-136.763,0.073848096742383,0
20931904802,735.81,0.999962803443103,1
21458082898,793.1,0.99997092697982,1
21458082910,5.822,0.00447997677702707,0
21551806807,2.5945,0.00340042308957954,0
21859718325,103.95,0.989569381249639,1
24237726138,2.81099999999998,0.00347846775423381,0
24223102871,114.599,0.991788516807932,1
24297393591,121.08,0.992875520318109,1
24283328536,706.49095,0.999958196265852,1
24252430366,305.414,0.999488439712446,1
24699947516,133.613,0.994571472627972,1
24237726152,814.4532,0.999973170607061,1
26601063483,-21.464,0.00218885200892692,0
27299055444,-38.089,0.00436434330209837,0
27299055456,-25.477,0.00254957645937014,0
33061959246,210.417,0.998491109188321,1
33605702519,-27.752,0.0028011554018725,0
33519679600,11.173,1,1
41145599254,-35.227,0.00392846688159699,0
41432099583,-31.6913,0.00338047530909629,0
14074649790,3.1089,0,0
14074649791,-0.358699999999999,0,0
14074649792,-3.4085,0,0
14074649793,12.6294,0,0
14074648105,0.0493000000000023,0,0
14074648106,0.858199999999997,0,0
14074648107,7.7957,0,0
14074648108,-1.3706,0,0
14074648109,-33.2137,0,0
14074648110,-12.2043,0,0
14074607078,-1.2243,0,0
14074607079,-0.222700000000003,0,0
14074607080,-5.20099999999999,0,0
14074607081,-3.44499999999999,0,0
14514929469,-0.397999999999996,0,0
14514929470,0.0260000000000105,0,0
14121570358,13.489,0,0
14121570359,10.836,0,0
14121570360,-55.404,0,0
14121570361,-4.523,0,0
14138835827,3.696,0,0
14138835828,-163.92,0,0
14214397396,7.922,0,0
14214397397,-0.36099999999999,0,0
14212529094,-4.52799999999999,0,0
14212529095,-3.304,0,0
14195546220,34.392,0,0
14212529096,-27.929,0,0
14212529097,-1.118,0,0
14243374228,-2.15799999999999,0,0
14243374229,-13.707,0,0
14271288708,-11.158,0,0
14271288709,7.04400000000001,0,0
14271288710,-43.41,0,0
14271288711,-13.914,0,0
14301614200,0.0260000000000105,0,0
14301614201,-10.92,0,0
14309750577,1.80199999999999,0,0
14309750578,-1.99600000000001,0,0
14324581185,6.48400000000001,0,0
14324581186,2.98599999999999,0,0
14378167004,-6.94399999999999,0,0
14378167005,5.80199999999999,0,0
14384590855,2.80199999999999,0,0
14384590856,-13.861,0,0
14384590857,13.782,0,0
14384590858,4.596,0,0
14409659150,6.80199999999999,0,0
14409659151,4.61600000000001,0,0
14514930657,15.942,0,0
14514930658,1.62200000000001,0,0
14496707020,22.296,0,0
14496707021,-2.53200000000001,0,0
14573482557,6.61699999999999,0,0
14573482558,-1.53100000000001,0,0
14573482559,3.80199999999999,0,0
14726461100,0.695999999999998,0,0
14726461102,1.85499999999999,0,0
14867959658,1.488,0,0
14867959660,4.44900000000001,0,0
14921488241,-0.0430000000000064,0,0
15037271340,3.821,0,0
15467902314,4.69800000000001,0,0
14074649598,9.2091,0,0
14074649599,69.529,0,0
14074649600,-1.3612,0,0
14074649602,-14.7244,0,0
14074649603,-9.0846,0,0
14074647285,2.346,0,0
14074647286,8.376,0,0
14074648813,-2.22499999999999,0,0
14074647287,2.89599999999999,0,0
14074647288,3.76499999999999,0,0
14074647289,-2.35900000000001,0,0
14074606971,12.665,0,0
14074606972,8.01499999999999,0,0
14074606973,-8.303,0,0
14074606974,5.84299999999999,0,0
14074606975,7.84299999999999,0,0
14074606976,1.542,0,0
14073506374,0.524000000000001,0,0
14073506375,-2.30000000000001,0,0
14514929471,-2.946,0,0
14514929472,3.67500000000001,0,0
14100898009,-1.17099999999999,0,0
14111007172,-6.941,0,0
14111007173,4.077,0,0
14121570362,1.012,0,0
14138835829,7.017,0,0
14155524817,5.54399999999998,0,0
14155524818,-2.54000000000002,0,0
14155524819,-3.64400000000001,0,0
14155524820,-194.032,0,0
14195546222,-208.873,0,0
14243374231,-18.954,0,0
14280258474,5.64500000000001,0,0
14280258475,-112.76,0,0
14280258476,-86.144,0,0
14280258477,7.858,0,0
14324581187,-0.414999999999992,0,0
14324581188,13.05,0,0
14378167006,-15.379,0,0
14378167007,3.244,0,0
14392731095,5.244,0,0
14392731096,10.325,0,0
14435161636,4.64400000000001,0,0
14435161637,-35.01,0,0
14470354464,8.06700000000001,0,0
14470354465,3.15000000000001,0,0
14496707022,-11.311,0,0
14496707023,0.349999999999994,0,0
14526923085,12.286,0,0
14526923086,4.17099999999999,0,0
18009745594,-0.822699999999998,0,0
18009745613,5.9648,0,0
18009745668,12.6316,0,0
18052008898,-146.59,0,0
18052008928,-0.632999999999981,0,0
18089366211,7.58199999999999,0,0
18106065755,4.762,0,0
18124433758,3.30099999999999,0,0
18145087159,0.696000000000026,0,0
18240116568,3.60599999999999,0,0
18240116590,2.58499999999998,0,0
18240116627,4.096,0,0
18395863355,-11.493,0,0
18395863451,4.321,0,0
18442778564,-8.166,0,0
18483496109,1.02,0,0
18483496154,-2.321,0,0
18534034633,-11.996,0,0
18586315551,-7.67400000000001,0,0
18652625245,5.464,0,0
18724615609,-2.02500000000001,0,0
18652625349,13.219,0,0
18724615635,0.355000000000004,0,0
18750320567,1.67400000000001,0,0
18784646917,4.054,0,0
18784646966,0.834999999999994,0,0
18814703823,4.875,0,0
17869104830,6.6979,0,0
18009745614,-36.0348,0,0
18009745669,-19.826,0,0
18052008899,2.4299,0,0
18052008929,407.336,0,0
18089366212,12.776,0,0
18106065756,-5.22999999999999,0,0
18124433759,9.714,0,0
18145087160,6.62,0,0
18169751821,-5.34200000000001,0,0
18240116591,3.26799999999997,0,0
18240116628,-29.262,0,0
18311652235,-0.949999999999989,0,0
18296035917,-6.84100000000001,0,0
18395863452,21.0594,0,0
18483496110,23.531,0,0
18534034614,5.925,0,0
18534034634,20.379,0,0
18628342616,-56.422,0,0
18652625246,-40.173,0,0
18628342632,16.612,0,0
18652625299,-23.282,0,0
18690983740,33.687,0,0
18724615670,7.54899999999998,0,0
18750320605,-282.92,0,0
18784646967,16.338,0,0
18799202749,-17.359,0,0
18009745595,3.3742,0,0
17901259860,1.788,0,0
18009745753,-7.3611,0,0
18052008930,1.80599999999998,0,0
18089366213,6.38299999999998,0,0
18124433739,7.05599999999998,0,0
18145087143,17.443,0,0
18145087161,2.87200000000001,0,0
18196702257,-1.964,0,0
18279740984,9.01600000000002,0,0
18256194265,4.18299999999999,0,0
18279741042,-2.75,0,0
18338059509,-3.48099999999999,0,0
18395863453,-6.92599999999999,0,0
18395863518,7.66300000000001,0,0
18483496111,-5.12400000000002,0,0
18483496155,-0.764999999999986,0,0
18534034635,-243.374,0,0
18586315552,14.285,0,0
18586315595,-39.68,0,0
18652625300,6.267,0,0
18690983741,-6.03199999999998,0,0
18690983779,-2.03500000000003,0,0
18724615671,5.69600000000003,0,0
18750320606,2.08499999999998,0,0
18784646968,2.02499999999998,0,0
18799202750,1.43900000000002,0,0
18814703843,-0.204000000000008,0,0
18843090317,-1.73000000000002,0,0
18973260552,5.28199999999998,0,0
18973260564,-0.444999999999993,0,0
18973260581,-1.02699999999999,0,0
18973260603,-0.194000000000017,0,0
18973260614,5.36000000000001,0,0
19033909999,4.238,0,0
19033910012,2.02999999999997,0,0
17869104831,16.7984,0,0
18009745615,-1.9624,0,0
18009745671,-0.3262,0,0
18009745754,6.707,0,0
18052008931,11.142,0,0
18106065811,2.72300000000001,0,0
18169751822,13.003,0,0
18196702258,-65.739,0,0
18256194237,30.456,0,0
18256194266,22.064,0,0
18279741043,14.477,0,0
18296035961,2.68600000000001,0,0
18395863392,0.997000000000014,0,0
18395863454,16.45,0,0
18483496093,3.612,0,0
18483496112,2.62100000000001,0,0
18483496156,4.89500000000001,0,0
18507848818,-15.36,0,0
18586315553,3.05699999999999,0,0
18604664736,14.301,0,0
18843090260,7.404,0,0
18843090265,-27.912,0,0
18973260544,-26.764,0,0
18973260553,-160.612,0,0
18973260565,-3.31399999999999,0,0
18973260582,-151.937,0,0
18973260604,5.05500000000001,0,0
19033909970,-164.544,0,0
19033910000,3.84700000000001,0,0
19033910013,4.84700000000001,0,0
17901259826,1.7407,0,0
18009745617,1.3041,0,0
18009745673,3.6072,0,0
18089366215,-5.11099999999999,0,0
18106065758,-14.301,0,0
18124433760,-39.003,0,0
18169751767,-0.367000000000019,0,0
18169751824,2.51900000000001,0,0
18196702259,3.14600000000002,0,0
18296035919,-6.00799999999998,0,0
18395863356,1.98000000000002,0,0
18413433731,9.01299999999998,0,0
18395863456,-405.56,0,0
18413433755,-4.96300000000002,0,0
18442778576,47.262,0,0
18507848795,33.883,0,0
18534034636,6.04500000000002,0,0
17901259828,-5.7929,0,0
18009745618,-1.7211,0,0
18009745676,3.6439,0,0
18009745757,7.2686,0,0
18052008935,15.983,0,0
18089366216,9.51499999999999,0,0
18106065760,-5.167,0,0
18296035886,-237.732,0,0
17869104824,5.37611,0,0
18009745610,7.37611,0,0
18009745659,5.697,0,0
18009745749,5.845,0,0
18106065721,-0.459000000000003,0,0
18106065751,20.068,0,0
18124433764,11.79,0,0
18145087155,14.787,0,0
18217470818,1.465,0,0
18604664721,4.45400000000001,0,0
18604664723,-22.326,0,0
17869104825,0.78976,0,0
17901259857,9.72082,0,0
18009745660,3.87769,0,0
18009745768,12.93012,0,0
18052008922,-72.186,0,0
18089366206,6.14999999999998,0,0
18106065752,10.122,0,0
18124433756,4.62800000000004,0,0
18145087156,-17.05,0,0
18217470806,-1.73800000000006,0,0
18217470819,8.99800000000005,0,0
18593363641,4.29399999999998,0,0
18652625261,-0.401999999999987,0,0
18652625294,1.73599999999999,0,0
18690983736,2.05799999999999,0,0
18690983776,1.20699999999999,0,0
18750320563,-0.791999999999973,0,0
18784646911,1.20800000000003,0,0
18814703816,-0.132999999999981,0,0
18897319081,6.368,0,0
18897319088,1.368,0,0
18897319108,5.48000000000002,0,0
18897319119,4.88600000000002,0,0
18973260562,0.714999999999975,0,0
18973260577,-4.44,0,0
18973260599,-12.775,0,0
18973260613,-4.34300000000002,0,0
19033909996,4.98700000000002,0,0
19463274514,-1.09300000000002,0,0
17882472441,3.369,0,0
17882472458,4.977,0,0
18009745661,-38.735,0,0
18052008897,0.662000000000035,0,0
18009745832,15.339,0,0
18052008980,5.69200000000001,0,0
18089366255,7.374,0,0
18106065806,0.0519999999999925,0,0
18124433797,12.552,0,0
18169751816,3.37200000000001,0,0
18196702253,-0.576999999999998,0,0
18256194236,0.111999999999995,0,0
18256194261,1.96600000000001,0,0
18279741038,1.05000000000001,0,0
18395863351,4.63099999999997,0,0
18395863388,1.21699999999998,0,0
18395863445,-437.857,0,0
18395863514,-4.31899999999996,0,0
18413433797,3.54100000000005,0,0
18483496147,2.42999999999995,0,0
18507848815,1.14400000000001,0,0
18534034678,3.65999999999997,0,0
18586315589,11.468,0,0
18604664756,3.49199999999996,0,0
18628342658,-6.02800000000002,0,0
18652625344,5.28200000000004,0,0
18750320564,8.28099999999995,0,0
18750320603,-3.51900000000001,0,0
18784646961,-0.499000000000024,0,0
18799202748,7.30200000000002,0,0
17833286423,4.39599999999999,0,0
17882472459,5.953,0,0
17901259907,3.07300000000001,0,0
18009745769,6.989,0,0
18009745833,-52.632,0,0
18052008981,8.99199999999999,0,0
18089366256,-15.68,0,0
18145087157,1.95999999999998,0,0
18169751817,-1.26299999999998,0,0
18240116587,-0.240000000000009,0,0
18256194262,9.38699999999994,0,0
18296035915,6.45699999999999,0,0
18395863352,2.28599999999994,0,0
18395863389,8.52300000000002,0,0
18395863446,1.87800000000004,0,0
18413433753,3.80999999999995,0,0
18483496107,2.83699999999999,0,0
18483496148,6.34500000000003,0,0
18586315534,-0.44500000000005,0,0
18586315549,-3.98299999999995,0,0
18586315590,9.45500000000004,0,0
18628342631,5.01700000000005,0,0
18690983720,5.51599999999996,0,0
18690983737,12.385,0,0
18784646895,-112.639,0,0
18784646901,3.20500000000004,0,0
18784646912,7.20500000000004,0,0
18784646962,4.33500000000004,0,0
18814703821,7.16099999999994,0,0
17901259825,8.02500000000001,0,0
17882472460,0.613,0,0
18009745662,1.803,0,0
18052008923,2.51499999999999,0,0
18089366207,4.172,0,0
18124433737,3.868,0,0
18169751818,3,0,0
18240116588,5.113,0,0
18240116625,-2.202,0,0
18279741003,-42.415,0,0
18296035916,7.18000000000001,0,0
18311652256,4.798,0,0
18338059504,4.63799999999998,0,0
18442778557,7.92000000000002,0,0
18483496091,13.285,0,0
18586315530,3.5,0,0
18507848816,2.20999999999998,0,0
18586315591,3.34699999999998,0,0
18652625262,0.632999999999981,0,0
18652625295,5.11099999999999,0,0
18724615617,0.984000000000037,0,0
18724615631,-5.76499999999999,0,0
18750320565,5.993,0,0
18784646913,3.11699999999996,0,0
18784646963,1.69299999999998,0,0
17869104826,6.054,0,0
18009745611,1.571,0,0
18009745663,-8.602,0,0
18009745770,100.794,0,0
18052008924,8.06,0,0
18089366208,11.98,0,0
18106065753,-1.411,0,0
18169751731,4.60400000000001,0,0
18169751765,1.36800000000005,0,0
18217470807,0.976999999999975,0,0
18217470841,3.50800000000004,0,0
18338059456,11.331,0,0
18338059473,-2.99400000000003,0,0
18338059505,0.992999999999995,0,0
18395863447,-0.502999999999986,0,0
18442778563,4.15600000000001,0,0
18442778574,-39.52,0,0
18483496149,2.41399999999999,0,0
18534034630,7.24900000000002,0,0
18604664728,3.06999999999999,0,0
18586315592,-15.791,0,0
18604664757,0.021000000000015,0,0
18652625296,-1.54599999999999,0,0
18690983738,-2.56099999999998,0,0
18690983777,0.283999999999992,0,0
18784646914,-2.65300000000002,0,0
18843090280,-2.81799999999998,0,0
17869104827,8.232,0,0
17901259858,11.665,0,0
18009745664,-128.912,0,0
18106065722,-1.6592,0,0
18089366257,-36.4682,0,0
18217470808,-35.308,0,0
18196702254,17.6776,0,0
18217470842,44.5701,0,0
18256194263,1.32680000000001,0,0
18279741039,-63.402,0,0
18296035957,7.2582,0,0
18395863390,12.9792,0,0
18395863448,-5.61190000000001,0,0
18413433798,5.1927,0,0
18483496150,-19.4956,0,0
18586315535,8.745,0,0
18586315550,-10.2486,0,0
18586315593,14.205,0,0
18652625263,-56.8736,0,0
18652625297,9.1926,0,0
18690983739,-10.529,0,0
18724615632,-4.0967,0,0
18750320566,-0.177199999999999,0,0
18784646915,24.9927,0,0
18814703842,5.1927,0,0
18843090315,23.4871,0,0
18897319120,29.942,0,0
18897319145,16.755,0,0
18973260578,29.713,0,0
18973260600,13.656,0,0
19033909997,40.5554,0,0
17833286424,-163.806,0,0
17882472461,4.73400000000001,0,0
18009745665,0.799000000000007,0,0
18009745750,5.118,0,0
18009745835,2.36500000000001,0,0
18052008982,7.958,0,0
18089366258,4.85900000000001,0,0
18169751819,-18.864,0,0
18240116589,-40.447,0,0
18296035899,25.238,0,0
18279741040,20.676,0,0
18395863353,-14.429,0,0
18338059506,-5.42899999999997,0,0
18413433740,-15.311,0,0
18395863516,-33.491,0,0
18413433799,17.622,0,0
18483496151,31.309,0,0
18534034631,2.77100000000002,0,0
18534034679,24.885,0,0
18586315594,4.007,0,0
18604664758,7.97800000000001,0,0
18628342659,-4.50999999999999,0,0
18652625345,-4.35599999999999,0,0
18690983778,7.68400000000003,0,0
18724615667,82.071,0,0
18784646916,8.268,0,0
18814703822,3.16899999999998,0,0
18843090297,-1.69999999999999,0,0
18897319121,-5.64100000000002,0,0
18897319146,-2.63299999999998,0,0
18973260579,4.11500000000001,0,0
18973260601,-17.767,0,0
19033909968,5.50799999999998,0,0
19033909998,6.887,0,0
19107828736,2.22199999999998,0,0
17869104828,-135.119,0,0
17901259859,-23.04,0,0
18009745666,-23.374,0,0
18009745751,9.85300000000001,0,0
18089366209,-32.662,0,0
18124433738,0.281000000000006,0,0
18145087142,-6.87,0,0
18145087158,8.31900000000002,0,0
18169751820,12.182,0,0
18196702255,15.421,0,0
18240116626,9.685,0,0
18296035958,-1.74100000000001,0,0
18395863391,9.78299999999999,0,0
18395863517,17.503,0,0
18507848817,-233.933,0,0
18534034680,4.48500000000001,0,0
18652625244,-2.51300000000003,0,0
18724615633,-21.79,0,0
18724615668,-10.37,0,0
17869104829,8.642,0,0
18009745612,5.34,0,0
18009745667,-2.011,0,0
18052008926,-9.55399999999997,0,0
18089366210,26.723,0,0
18106065754,4.99300000000005,0,0
18240116563,38.34,0,0
18395863354,-3.18299999999999,0,0
18413433730,10.64,0,0
18395863449,-298.763,0,0
18483496152,-317.042,0,0
18534034681,-5.47800000000001,0,0
18604664734,-5.38299999999998,0,0
18604664759,-372.41,0,0
17882472442,4.90000000000001,0,0
17882472462,15.934,0,0
17901259908,-1.053,0,0
18052008902,17.494,0,0
18052008983,-2.18700000000001,0,0
18089366259,2.51900000000001,0,0
18106065810,7.584,0,0
18124433798,-0.592999999999989,0,0
18196702221,0.431999999999988,0,0
18196702256,0.346000000000004,0,0
18217470843,3.66399999999999,0,0
18256194264,0.217000000000013,0,0
18296035959,-8.751,0,0
18338059507,-3.77099999999999,0,0
18483496092,17.3,0,0
18483496108,-52.475,0,0
18483496153,-0.119000000000028,0,0
18534034632,-82.079,0,0
18534034682,1.863,0,0
18604664735,-31.19,0,0
18604664760,13.901,0,0
18690983721,14.932,0,0
18652625348,10.732,0,0
18724615634,14.326,0,0
18724615669,6.368,0,0
18750320604,10.346,0,0
18784646965,-1.09899999999999,0,0
18843090281,-5.37400000000002,0,0
18843090316,26.756,0,0
18897319122,26.2,0,0
18973260563,4.221,0,0
18973260580,38.748,0,0
18973260602,9.702,0,0
19033909969,12.521,0,0
18009745682,-1.77500000000001,0,0
18196702263,-152.599,0,0
18338059443,-5.773,0,0
18395863359,4.244,0,0
18338059519,-4.77600000000001,0,0
18483496085,-126.771,0,0
18483496166,-4.77600000000001,0,0
21619953966,-24.4046,0,0
21619953995,-23.1802,0,0
21619954004,-25.9002,0,0
21619954063,-23.4473,0,0
21619954079,-42.4246,0,0
21619954141,-26.4473,0,0
21619954156,-23.4589,0,0
21619954209,-59.1707,0,0
21619954225,-16.391,0,0
21619954285,-27.4159,0,0
21619954300,-28.4515,0,0
21619954352,-19.2196,0,0
21619954366,-16.957,0,0
21619954423,-25.3494,0,0
21619954438,-23.2534,0,0
21619954493,-17.4246,0,0
21619954507,-24.4115,0,0
21619954567,-26.0498,0,0
21619954620,-27.3508,0,0
21619954666,-39.959,0,0
21619954679,-23.979,0,0
21619953854,-18.4015,0,0
21619953858,-21.7874,0,0
21619953874,-11.4275,0,0
21619953878,-17.4275,0,0
21619953890,-21.285,0,0
21619953894,-27.2408,0,0
21619953906,-25.3829,0,0
21619953909,-27.2564,0,0
21619953921,-48.2979,0,0
21619953925,-24.2782,0,0
21619953929,-24.3201,0,0
21619953947,-25.3503,0,0
21619953955,-74.3869,0,0
21619953959,-6.2615,0,0
21619953967,-24.252,0,0
21619953996,-23.2821,0,0
21619954005,-25.3335,0,0
21619954050,-45.8671,0,0
21619954064,-27.5624,0,0
21619954080,-24.4877,0,0
21619954142,-25.3751,0,0
21619954157,-19.3351,0,0
21619954210,-30.3723,0,0
21619954226,7.6725,0,0
21619954301,-27.2699,0,0
21619954424,-23.3555,0,0
21619954439,-22.2764,0,0
21619954494,-18.2692,0,0
21619954508,-19.2821,0,0
21619954006,-19.1153,0,0
21619954051,-35.6166,0,0
21619954065,-23.2713,0,0
21619954081,-21.4271,0,0
21619954143,-23.4309,0,0
21619954158,-25.3909,0,0
21619954211,-17.1643,0,0
21619954227,-29.2608,0,0
21619954286,-16.4252,0,0
21619954302,-13.2652,0,0
21619954353,-29.3909,0,0
21619954367,-24.3768,0,0
21619954425,-22.4509,0,0
21619954440,-26.3864,0,0
21619954495,-30.4109,0,0
21619954509,-32.3909,0,0
21619954568,-25.365,0,0
21619954621,-20.4109,0,0
21619954667,-32.9711,0,0
21619954680,-26.9875,0,0
21619954728,-30.3909,0,0
21619954007,-27.8701,0,0
21619954066,-20.0671,0,0
21619954082,-16.8659,0,0
21619954144,22.2687,0,0
21619954212,-14.686,0,0
21619954228,-34.668,0,0
21619954287,-26.3393,0,0
21619954303,-20.3292,0,0
21619954354,-28.1477,0,0
21619954426,-26.0597,0,0
21619954441,-24.0957,0,0
21619954496,-17.7834,0,0
21619954510,-34.8094,0,0
21619954569,-26.1157,0,0
21619954622,54.573,0,0
21619954668,-14.3387,0,0
21619954681,-7.4256,0,0
21619954729,-26.5423,0,0
21619954739,-17.377,0,0
21619953968,-23.2139,0,0
21619953997,-19.5238,0,0
21619954008,-32.5474,0,0
21619954067,-43.5767,0,0
21619954083,-24.5952,0,0
21619954145,-6.6623,0,0
21619954159,-28.3339,0,0
21619954213,-8.2361,0,0
21619954229,-31.2361,0,0
21619954288,-8.2561,0,0
21619954304,-30.5864,0,0
21619954355,-24.5233,0,0
21619954368,-14.104,0,0
21619954427,-24.6096,0,0
21619954442,-20.1924,0,0
21619954497,-22.7813,0,0
21619954511,-36.6875,0,0
21619954570,-24.9458,0,0
21619954623,-13.7853,0,0
21619954669,-19.678,0,0
21619954682,-13.658,0,0
21619954730,-25.6038,0,0
21619954740,-27.3285,0,0
21619954009,-27.9621,0,0
21619954068,-28.4189,0,0
21619954084,-22.3981,0,0
21619954146,-9.4679,0,0
21619954160,-24.5423,0,0
21619954214,-29.6735,0,0
21619954230,-19.6534,0,0
21619954289,-24.3115,0,0
21619954305,-21.3039,0,0
21619954356,-25.1576,0,0
21619954369,-21.192,0,0
21619954428,-25.2372,0,0
21619954443,-22.5515,0,0
21619954498,-23.3239,0,0
21619954512,-33.0958,0,0
21619954562,-23.178,0,0
21619954571,-20.1831,0,0
21619954624,-24.3858,0,0
21619954670,-23.2201,0,0
21619954683,-24.2337,0,0
21619954731,-30.2189,0,0
21619954741,-22.2703,0,0
21619953859,-45.8262,0,0
21619953875,-25.1368,0,0
21619953879,-24.2528,0,0
21619953891,-12.1721,0,0
21619953895,-17.212,0,0
21619953907,-19.212,0,0
21619953910,-25.2885,0,0
21619953922,-34.4829,0,0
21619953930,-31.2729,0,0
21619953941,-32.7171,0,0
21619953944,-26.0557,0,0
21619953948,-23.1544,0,0
21619953960,-30.5472,0,0
21619953969,-12.1152,0,0
21619953998,-24.3214,0,0
21619954010,-32.3102,0,0
21619954069,-27.4364,0,0
21619954147,-16.9685,0,0
21619954215,89.901,0,0
21619954231,-45.1163,0,0
21619954290,-11.215,0,0
21619954306,-13.2854,0,0
21619953836,-34.9422,0,0
21619953838,-18.6177,0,0
21619953844,-26.0675,0,0
21619953846,-19.5743,0,0
21619953855,-27.6674,0,0
21619953860,-20.0226,0,0
21619953876,-20.484,0,0
21619953880,-17.3595,0,0
21619953892,-21.0284,0,0
21619953896,-23.0698,0,0
21619953911,-24.5731,0,0
21619953927,-26.4717,0,0
21619953931,-27.5481,0,0
21619953945,-32.509,0,0
21619953961,-32.455,0,0
21619953970,-25.7667,0,0
21619954011,-27.5014,0,0
21619954070,-26.5113,0,0
21619954086,-28.475,0,0
21619954148,-21.4115,0,0
21619954216,-32.7145,0,0
21619954232,-22.1626,0,0
21619954291,-5.1151,0,0
21619954307,9.9544,0,0
21619954357,-24.4913,0,0
21619954370,-32.5651,0,0
21619954429,-22.5313,0,0
21619954444,-22.4717,0,0
21619954499,-30.4717,0,0
21619954513,-27.5079,0,0
21619954012,-27.3981,0,0
21619954056,13.6319,0,0
21619954071,-19.3781,0,0
21619954087,-14.3758,0,0
21619954149,-24.4158,0,0
21619954162,-24.3113,0,0
21619954217,-24.0604,0,0
21619954233,-18.191,0,0
21619954292,-78.459,0,0
21619954308,-35.8414,0,0
21619954358,-23.4093,0,0
21619954371,-20.3893,0,0
21619954430,-24.2321,0,0
21619954445,-28.2321,0,0
21619954500,-24.3146,0,0
21619954514,-17.221,0,0
21619954617,-18.1992,0,0
21619954625,-28.366,0,0
21619954671,-20.526,0,0
21619953962,-14.9326,0,0
21619953971,-21.1141,0,0
21619953999,-33.0838,0,0
21619954013,-28.1219,0,0
21619954072,-34.1902,0,0
21619954088,-22.7763,0,0
21619954150,-20.8468,0,0
21619954163,-34.8175,0,0
21619954218,-30.7768,0,0
21619954234,-12.8639,0,0
21619954293,-24.9627,0,0
21619954309,-33.8881,0,0
21619954372,-13.3842,0,0
21619954431,-22.8775,0,0
21619954446,28.0032,0,0
21619954501,-28.809,0,0
21619954515,-20.9163,0,0
21619954572,-31.8975,0,0
21619954626,-26.8227,0,0
21619954672,-21.9925,0,0
21619954684,-40.849,0,0
21619954732,-25.9175,0,0
21619954742,-22.8815,0,0
21619954014,-21.8858,0,0
21619954058,-12.2747,0,0
21619954073,-22.5893,0,0
21619954089,-26.6796,0,0
21619954151,-41.6052,0,0
21619954164,-59.6684,0,0
21619954219,-39.553,0,0
21619954235,-24.6481,0,0
21619954294,-28.1022,0,0
21619954310,-25.1939,0,0
21619954360,-28.1939,0,0
21619954373,-20.1267,0,0
21619954432,-25.2833,0,0
21619954447,-11.2002,0,0
21619954502,-7.562,0,0
21619954516,-12.5338,0,0
21619954573,-29.1833,0,0
21619954618,-20.5729,0,0
21619954627,-45.593,0,0
21619954673,-17.1383,0,0
21619954685,-22.1183,0,0
21619954733,-25.1739,0,0
21619954743,-23.1739,0,0
21619954000,-39.2963,0,0
21619954015,-24.6447,0,0
21619954059,-27.7132,0,0
21619954074,-26.1558,0,0
21619954090,-4.2289,0,0
21619954152,75.2078,0,0
21619954165,-12.1026,0,0
21619954220,-14.5606,0,0
21619954236,-12.5317,0,0
21619954295,-4.3818,0,0
21619954311,-25.3729,0,0
21619954361,7.9607,0,0
21619954374,-29.9969,0,0
21619954433,4.8766,0,0
21619954448,-141.8578,0,0
21619954503,-50.662,0,0
21619954517,-10.5041,0,0
21619954563,-11.2034,0,0
21619954628,-2.9243,0,0
21619954674,-36.2858,0,0
21619954686,-25.7972,0,0
21619954734,-44.6599,0,0
21619954744,-52.9123,0,0
21619954001,-9.3039,0,0
21619954016,-24.4117,0,0
21619954060,-30.081,0,0
21619954075,-21.3803,0,0
21619954153,-28.8915,0,0
21619954166,-26.7937,0,0
21619954221,-25.505,0,0
21619954237,-9.6621,0,0
21619954296,0.439299999999999,0,0
21619954312,-3.7585,0,0
21619954362,-9.4658,0,0
21619954375,-66.5403,0,0
21619954434,71.4682,0,0
21619954504,-22.6027,0,0
21619954518,-51.5282,0,0
21619954564,-9.5793,0,0
21619954574,-15.5326,0,0
21619954629,-32.5527,0,0
21619954675,-9.8829,0,0
21619954687,-22.9339,0,0
21619954735,14.9822,0,0
21619954745,-45.0086,0,0
21619953964,-21.9125,0,0
21619953972,-25.782,0,0
21619954002,-23.631,0,0
21619954017,-23.149,0,0
21619954076,-26.692,0,0
21619954092,-27.843,0,0
21619954154,-29.273,0,0
21619954167,-72.916,0,0
21619954222,-29.466,0,0
21619954238,-50.58,0,0
21619954297,-25.677,0,0
21619954313,-37.619,0,0
21619954363,-38.988,0,0
21619954376,-23.587,0,0
21619954435,-30.237,0,0
21619954449,-27.156,0,0
21619954505,-17.166,0,0
21619954519,-20.285,0,0
21619954575,-25.581,0,0
21619954619,-26.659,0,0
21619954630,-30.941,0,0
21619954676,-27.61,0,0
21619954736,-27.748,0,0
21619954746,-27.308,0,0
21619953837,-19.9222,0,0
21619953839,-37.2985,0,0
21619953845,-25.678,0,0
21619953847,-20.8575,0,0
21619953857,-26.968,0,0
21619953861,-41.792,0,0
21619953877,-19.712,0,0
21619953881,-15.7398,0,0
21619953893,-18.9653,0,0
21619953897,-19.4476,0,0
21619953908,-23.7458,0,0
21619953912,-32.8253,0,0
21619953928,-26.6999,0,0
21619953932,-22.8375,0,0
21619953946,-11.6967,0,0
21619953965,-26.7853,0,0
21619953973,-23.9933,0,0
21619954003,-17.8307,0,0
21619954018,-62.15,0,0
21619954077,-28.7458,0,0
21619954093,-27.8858,0,0
21619954155,-22.8858,0,0
21619954168,-28.3304,0,0
21619954223,-27.8858,0,0
21619954239,-28.5458,0,0
21619954298,-26.5352,0,0
21619954314,-23.6333,0,0
21619954364,-15.058,0,0
21619954377,-21.1304,0,0
21619954436,-20.6573,0,0
21619954450,-20.1924,0,0
21619954576,-24.9458,0,0
21619954631,-13.7853,0,0
21619954677,-19.678,0,0
21619954688,-13.658,0,0
21619954019,-18.3972,0,0
21619954062,-19.242,0,0
21619954078,-21.9397,0,0
21619954094,-47.8372,0,0
21619954224,7.4748,0,0
21619954240,-21.5248,0,0
21619954299,-35.4645,0,0
21619954315,-9.4848,0,0
21619954365,-15.4645,0,0
21619954378,-52.4494,0,0
21619954437,-14.3405,0,0
21619954506,-32.7409,0,0
21619954520,-56.8109,0,0
21619954577,-1.7536,0,0
21619954632,-4.5972,0,0
21619954678,-15.2592,0,0
21619954689,-47.3587,0,0
21619954737,25.3646,0,0
21619954747,-42.573,0,0
25253921238,-24.8052,0,0
25253921247,-20.8906,0,0
25253921251,-28.8716,0,0
25253921261,-38.407,0,0
25253921265,-20.7319,0,0
25253921272,-18.5128,0,0
25358411548,-27.4232,0,0
25358411555,1.49809999999999,0,0
25358411558,-27.9535,0,0
25358411563,-20.2914,0,0
25358411565,-29.4365,0,0
25358411569,-17.718,0,0
25386445305,-29.1267,0,0
25386445312,-34.2326,0,0
25386445316,-26.2976,0,0
25386445322,-47.0615,0,0
25434268887,-34.3755,0,0
25434268900,18.6989,0,0
25434268906,16.3841,0,0
25434268908,-29.5102,0,0
25434268918,-18.6636,0,0
25434268923,-29.7601,0,0
25434268933,-20.0067,0,0
25434268937,-22.9293,0,0
25434268945,-32.0721,0,0
25501552310,-21.9832,0,0
25501552313,-21.8556,0,0
25253921239,-23.8086,0,0
25253921248,-28.2428,0,0
25253921252,-35.2428,0,0
25253921262,-36.2167,0,0
25253921266,-4.351,0,0
25253921273,36.3892,0,0
25253921275,4.3292,0,0
25358411546,85.6424,0,0
25358411549,-30.2214,0,0
25358411556,-24.0308,0,0
25358411559,-26.2414,0,0
25358411564,-19.871,0,0
25358411566,-26.1308,0,0
25386445315,-102.1887,0,0
25253921240,-18.148,0,0
25253921249,-15.5953,0,0
25253921253,-26.0309,0,0
25253921263,-21.4827,0,0
25253921274,-14.1155,0,0
25253921276,-38.0395,0,0
25253921280,-24.2533,0,0
25358411550,-24.0064,0,0
25358411557,-32.5553,0,0
25358411560,-10.6545,0,0
25434268910,-8.77,0,0
25434268925,-1.7594,0,0
25882162670,-9.5902,0,0
25253921237,-35.4131,0,0
25253921236,-35.2662,0,0
25253921277,14.3034,0,0
25253921235,-24.0563,0,0
25700295779,-9.8971,0,0
25989686428,-25.722,0,0
28738981606,1.05000000000001,0,0
25434268963,-16.8201,0,0
25989686431,-26.796,0,0
26489408421,-304.947,0,0
25358411567,-23.0185,0,0
25358411570,19.3687,0,0
25358411571,-22.6648,0,0
25649052142,19.5633,0,0
31665695612,-26.66,0,0
31297236725,-22.3623,0,0
31297236726,-20.3879,0,0
31297236744,-30.5961,0,0
31297236750,-22.8737,0,0
31297236773,-24.8704,0,0
31297236778,-25.0606,0,0
31297236797,-25.9353,0,0
31297236802,-24.1682,0,0
32021096768,-23.8553,0,0
32021096772,-27.0474,0,0
32021096788,-27.0127,0,0
32021096792,-23.8697,0,0
32021096809,-26.9348,0,0
32021096815,-25.5978,0,0
32021096887,-25.6658,0,0
32021096906,-16.1873,0,0
32021096969,-36.41,0,0
32021096986,-23.6295,0,0
32021097049,-26.94,0,0
32021097064,-28.5775,0,0
32021127631,-22.1086,0,0
32021127648,-24.1088,0,0
31467046483,-26.4236,0,0
31467046541,14.2852,0,0
31467046556,-25.8172,0,0
31467046609,-22.8408,0,0
31467046623,-22.0603,0,0
31467046675,-24.1691,0,0
31467046690,-25.0726,0,0
31467046745,-23.6521,0,0
31467046760,-22.5225,0,0
31467046818,-22.1754,0,0
31467046832,-21.9807,0,0
31467046881,-19.6646,0,0
31467046889,-22.7046,0,0
31609544326,-24.6419,0,0
31609544341,-25.7519,0,0
31609544397,-21.568,0,0
31609544409,-22.7119,0,0
31467046484,-14.4556,0,0
31467046542,-31.5477,0,0
31467046557,-23.5971,0,0
31467046610,-20.8657,0,0
31467046624,-19.7752,0,0
31467046676,-21.5025,0,0
31467046691,-27.5355,0,0
31467046746,-29.6191,0,0
31467046761,-31.5225,0,0
31609544327,-23.3072,0,0
31609544342,-14.2197,0,0
31609544463,-19.4513,0,0
31609544476,-18.2256,0,0
31609544528,-16.6719,0,0
31609544541,-18.9748,0,0
31609550542,-32.8605,0,0
31609550549,-47.2141,0,0
31609550609,-40.6879,0,0
31609550622,-15.9887,0,0
31609550673,-22.0803,0,0
31609550686,-19.0856,0,0
31609550733,-20.6555,0,0
31609550746,-22.8668,0,0
31609550800,-22.907,0,0
31627331025,-22.758,0,0
32021096890,-42.539,0,0
32021127591,-13.7305,0,0
32021127596,-8.7305,0,0
31297236721,-23.9839,0,0
31297236727,-20.9839,0,0
31297236745,-24.6925,0,0
31297236751,-24.3016,0,0
31297236774,-25.688,0,0
31297236779,-27.5964,0,0
31297236798,-27.7127,0,0
31297236803,-23.5711,0,0
32021096769,-22.7669,0,0
32021096773,-17.987,0,0
32021096789,-20.4528,0,0
32021096793,-16.8389,0,0
32021096810,-22.5053,0,0
32021096818,-20.506,0,0
32021096891,-24.5707,0,0
32021096909,-30.5575,0,0
32021096972,-30.862,0,0
32021096988,-27.6732,0,0
32021097051,-23.6667,0,0
32021097065,-23.8874,0,0
32021127633,-19.002,0,0
32021127650,-21.022,0,0
31297236722,-22.9502,0,0
31297236746,-25.2643,0,0
31297236752,-24.1594,0,0
31297236775,-28.172,0,0
31297236780,-30.2404,0,0
31297236799,-31.1691,0,0
31297236804,-23.082,0,0
32021096770,-21.2308,0,0
32021096774,-23.2025,0,0
32021096790,-24.2847,0,0
32021096794,-28.1769,0,0
32021096811,-23.2287,0,0
32021096819,-32.3151,0,0
32021096892,-24.2213,0,0
32021096910,-28.215,0,0
32021096973,-23.2025,0,0
32021096989,-27.2283,0,0
32021097052,-24.2683,0,0
32021097066,-21.2193,0,0
32021127634,-23.2662,0,0
32021127651,-25.2838,0,0
32021127714,-49.996,0,0
31467046543,-23.3361,0,0
31467046558,-26.3385,0,0
31467046611,-25.337,0,0
31467046625,-24.3894,0,0
31467046677,-22.3272,0,0
31467046692,-23.3322,0,0
31467046747,-23.3006,0,0
31467046762,-26.3006,0,0
31467046819,-27.3938,0,0
31467046833,-24.2804,0,0
31467046882,-20.337,0,0
31467046890,-17.3688,0,0
31609544328,-19.3444,0,0
31609544343,-22.1775,0,0
31609544464,-23.3985,0,0
31609544477,-27.0594,0,0
31609544529,-21.9872,0,0
31609544542,-21.25,0,0
31227979351,-25.2745,0,0
31227979353,-30.3945,0,0
31227979361,-35.635,0,0
31227979363,-30.5968,0,0
31261648913,-20.4852,0,0
31261648915,-25.5053,0,0
31261648924,-26.4452,0,0
31261648926,-29.5909,0,0
31261648934,3.2029,0,0
31261648936,-26.7636,0,0
31261648944,-22.5356,0,0
31261648946,-24.5164,0,0
31261648954,-15.9224,0,0
31261648956,-23.9215,0,0
31261648963,-27.9567,0,0
31261648965,-15.091,0,0
31261648972,-25.1388,0,0
31261648976,-29.1491,0,0
31261648977,-24.2041,0,0
31261648981,-29.2042,0,0
31261648982,-18.2175,0,0
31261648986,-26.1477,0,0
31261648987,-17.1338,0,0
31261648991,-9.2225,0,0
31261648993,-25.1678,0,0
31261648994,-24.4787,0,0
31270573891,-25.1678,0,0
31270573892,-24.2155,0,0
31270573897,-26.2781,0,0
31270573898,-35.258,0,0
31297236747,-21.3908,0,0
31297236753,-23.4329,0,0
31297236776,-22.6576,0,0
31297236800,-29.0775,0,0
31467046473,-15.614,0,0
31467046485,-21.614,0,0
31467046544,-31.9864,0,0
31467046559,-32.4949,0,0
31467046612,-25.1219,0,0
31467046626,-28.0718,0,0
31467046678,-22.3471,0,0
31467046693,-11.3471,0,0
31467046748,-27.2871,0,0
31467046763,-24.3798,0,0
31467046820,-16.1861,0,0
31467046834,-50.2261,0,0
31467046883,-28.1388,0,0
31467046891,-25.3212,0,0
31609544329,-21.0582,0,0
31609544344,-31.267,0,0
31609544398,-22.9611,0,0
31609544410,-29.5307,0,0
31609544465,-34.7129,0,0
31609544478,-20.7042,0,0
31609544530,-22.2921,0,0
31609544543,-25.3436,0,0
31609550543,-31.7129,0,0
31609550550,-38.7788,0,0
31609550610,-27.071,0,0
31609550623,-23.0349,0,0
31609550674,-25.6946,0,0
31609550687,-12.7473,0,0
31609550734,-22.5685,0,0
31609550747,-22.5416,0,0
31609550801,-22.6978,0,0
31609550810,-23.7281,0,0
31467046474,-19.389,0,0
31467046486,-49.5268,0,0
31467046545,-3.0521,0,0
31467046560,-35.4517,0,0
31467046627,-6.3589,0,0
31467046679,-39.3213,0,0
31467046694,-22.3136,0,0
31467046749,-23.3954,0,0
31467046764,-24.3185,0,0
31467046821,-28.2372,0,0
31467046884,-25.3007,0,0
31467046892,-23.3853,0,0
31609544330,-23.2693,0,0
31609544345,-24.2651,0,0
31609544399,-23.3389,0,0
31609544411,-24.0052,0,0
31609544466,-22.9172,0,0
31609544479,-23.9416,0,0
31609544531,-23.0111,0,0
31609544544,-20.2082,0,0
31609550544,-29.3221,0,0
31609550551,-24.2858,0,0
31609550611,-28.3942,0,0
31609550624,-12.9448,0,0
31609550675,0.1618,0,0
31609550688,-25.5565,0,0
31609550735,-22.7562,0,0
31609550748,-22.8769,0,0
31609550802,-24.4009,0,0
31609550811,-24.4764,0,0
31627331052,-19.9883,0,0
31627331061,-22.7448,0,0
32021096822,-22.8394,0,0
32021096895,-19.3186,0,0
32021096913,-24.2225,0,0
32021096976,-22.2797,0,0
32021096992,-17.2238,0,0
32021097055,-24.2681,0,0
32021097069,-28.3653,0,0
32021127637,-34.4729,0,0
32021127654,-11.3333,0,0
32021127716,-19.3653,0,0
32021127724,1.6144,0,0
31467046475,-28.7113,0,0
31467046487,3.2813,0,0
31467046546,-13.5951,0,0
31467046561,-24.806,0,0
31467046613,-24.6827,0,0
31467046628,-24.8038,0,0
31467046680,-21.6367,0,0
31467046695,-22.6234,0,0
31467046750,-20.4871,0,0
31467046765,72.4698,0,0
31467046822,-22.491,0,0
31467046836,-32.4949,0,0
31467046885,-64.6939,0,0
31467046893,-27.7861,0,0
31609544331,-23.7955,0,0
31609544346,-58.147,0,0
31609544400,-27.162,0,0
31609544412,-10.3588,0,0
31609544467,-24.4893,0,0
31609544480,25.4956,0,0
31609544532,-28.3156,0,0
31609550545,-21.354,0,0
31609544590,-48.9915,0,0
31609550612,-24.9682,0,0
31609550625,-19.9019,0,0
31609550676,-15.5951,0,0
31609550689,134.7956,0,0
31609550736,-37.3435,0,0
31609550749,-23.0569,0,0
31609550803,-20.698,0,0
31467046476,-24.9633,0,0
31467046488,-22.5377,0,0
31467046547,-26.9659,0,0
31467046562,-22.8498,0,0
31467046614,-22.2948,0,0
31467046629,-29.8411,0,0
31467046681,-24.5581,0,0
31467046696,-23.2906,0,0
31467046751,-23.9889,0,0
31467046766,-28.8105,0,0
31467046823,-22.8505,0,0
31467046837,-25.881,0,0
31467046886,-22.9187,0,0
31467046894,-23.8353,0,0
31609544332,-23.8954,0,0
31609544347,-24.8354,0,0
31609544401,-23.1955,0,0
31609544413,-22.2305,0,0
31609544468,-26.2713,0,0
31609544481,-24.2713,0,0
31609544533,-26.2985,0,0
31609544545,-24.3679,0,0
31609544587,-14.4329,0,0
31609550552,-22.2844,0,0
31609550613,-23.4383,0,0
31609550626,-21.1922,0,0
31609550677,-22.257,0,0
31609550690,-24.257,0,0
31609550737,-17.4779,0,0
31609550750,-23.2801,0,0
31609550804,-28.2741,0,0
31609550812,-42.2649,0,0
31627331053,-23.521,0,0
31627331062,-14.5822,0,0
31627331087,-23.3854,0,0
31664904278,-20.4098,0,0
31664904302,-22.3003,0,0
31664904309,-23.3306,0,0
31664904333,-21.4462,0,0
31664904340,-24.1955,0,0
31665695569,-22.2098,0,0
31665695574,-22.2401,0,0
31665695601,-23.2993,0,0
31665695603,-19.5572,0,0
31467046489,-23.8085,0,0
31467046548,-23.8681,0,0
31467046563,-24.8281,0,0
31467046615,-17.6122,0,0
31467046630,-21.1713,0,0
31467046682,-21.3196,0,0
31467046697,-26.7276,0,0
31467046752,-22.715,0,0
31467046767,-25.4754,0,0
31467046824,-32.4714,0,0
31467046838,-25.9415,0,0
31609544333,-22.2292,0,0
31609544348,-6.6076,0,0
31609544402,-22.3091,0,0
31609544414,-27.7184,0,0
31609544469,-23.1503,0,0
31609544482,-22.3625,0,0
31609544534,-22.3103,0,0
31609544546,-22.5997,0,0
31609550546,-22.2425,0,0
31609550553,-23.7091,0,0
31609550614,-22.4714,0,0
31609550627,-23.571,0,0
31609550678,-27.2454,0,0
31609550691,-21.0996,0,0
31609550738,-27.9891,0,0
31609550751,-23.0913,0,0
31627331023,-23.0094,0,0
31627331026,-26.9702,0,0
31627331054,-22.2596,0,0
31627331063,-22.6579,0,0
31664904277,-22.2825,0,0
31664904279,-23.4635,0,0
31664904303,-20.231,0,0
31664904310,-22.3809,0,0
31664904334,-18.1281,0,0
31664904341,-22.2357,0,0
31665695570,-20.3641,0,0
31665695575,-24.5079,0,0
31467046477,-17.1408,0,0
31467046490,-41.1608,0,0
31467046549,-24.2682,0,0
31467046564,-4.752,0,0
31467046616,-18.1153,0,0
31467046631,-22.1264,0,0
31467046698,-26.9424,0,0
31467046753,-26.8732,0,0
31467046768,-31.8879,0,0
31467046825,-21.9069,0,0
31467046839,-38.929,0,0
31609544334,-7.6785,0,0
31609544415,-14.6149,0,0
31609544470,12.3738,0,0
31609544483,28.4496,0,0
31609544535,-16.5942,0,0
31609550554,21.4661,0,0
31609550615,-13.6126,0,0
31609550628,-47.6206,0,0
31609550679,-20.6185,0,0
31609550692,32.3584,0,0
31609550739,-29.5985,0,0
31627331024,-27.6185,0,0
31627331055,-31.4582,0,0
31297236723,-25.318,0,0
31297236728,-24.318,0,0
31297236748,-29.2512,0,0
31297236754,-24.3752,0,0
31297236777,-22.7607,0,0
31297236781,-25.0511,0,0
31227979352,-30.142,0,0
31227979354,-24.3672,0,0
31227979362,-24.7212,0,0
31261648907,-10.537,0,0
31261648914,-52.1754,0,0
31261648916,-17.1754,0,0
31261648925,-22.0888,0,0
31261648927,-25.3506,0,0
31261648935,-23.2475,0,0
31261648937,-25.2034,0,0
31261648945,-21.283,0,0
31261648947,-24.6725,0,0
31261648955,-26.6035,0,0
31261648957,-26.6185,0,0
31261648964,-33.9742,0,0
31261648966,-30.0645,0,0
31467046491,-40.1799,0,0
31467046550,-31.5866,0,0
31467046565,-19.1089,0,0
31467046617,-31.7483,0,0
31467046632,-30.5296,0,0
31467046684,-4.6449,0,0
31467046699,-5.4089,0,0
31467046754,-16.1399,0,0
31467046769,-19.1089,0,0
31467046826,-35.833,0,0
31467046840,-19.1089,0,0
31609544335,-24.7539,0,0
31609544350,-25.0531,0,0
31609544403,-24.7871,0,0
31609544416,-20.9364,0,0
31609544471,-31.8679,0,0
31609544484,-38.03,0,0
31609544536,-27.7857,0,0
31609544547,-3.7483,0,0
31609550547,-17.6119,0,0
31609550555,-31.6539,0,0
31609550616,-33.5643,0,0
31609550629,-28.6545,0,0
31609550680,-25.7057,0,0
31609550693,-28.5696,0,0
31609550740,-23.0467,0,0
31609550752,-23.9677,0,0
31609550805,-26.5584,0,0
31609550813,-24.5062,0,0
31627331056,-26.2996,0,0
31627331064,-19.5633,0,0
31627331088,-28.4268,0,0
31627331093,-31.7464,0,0
31664904304,-26.6365,0,0
31664904311,-24.7057,0,0
31664904335,-20.3863,0,0
31664904342,-22.4451,0,0
31665695571,-22.0892,0,0
31665695576,-22.8752,0,0
31297236724,-25.0318,0,0
31297236729,-24.8735,0,0
31297236749,-25.053,0,0
31297236755,-32.535,0,0
31297236801,-24.3701,0,0
32021096771,-23.7568,0,0
32021096775,-24.0571,0,0
32021096791,-23.2883,0,0
32021096795,-26.2449,0,0
32021096814,-25.2344,0,0
32021096828,-20.3552,0,0
32021096901,-25.694,0,0
32021096919,-26.9013,0,0
32021096981,-18.0154,0,0
32021096996,-26.033,0,0
32021097060,-24.1478,0,0
32021097074,-23.4836,0,0
32021127643,-23.7948,0,0
32021127660,-28.6696,0,0
32021127720,-33.1192,0,0
32021127727,-24.8132,0,0
31467046478,-47.6106,0,0
31467046492,-29.8059,0,0
31467046551,-19.0202,0,0
31467046566,-5.2625,0,0
31467046618,1.268,0,0
31467046633,-37.4261,0,0
31467046685,-19.6154,0,0
31467046700,-14.9975,0,0
31467046755,-24.3882,0,0
31467046770,-24.862,0,0
31467046827,-21.802,0,0
31467046841,-23.4125,0,0
31467046887,-24.4068,0,0
31609544336,-24.457,0,0
31609544351,-25.9657,0,0
31609544404,-22.0282,0,0
31609544417,-28.5367,0,0
31609544472,-16.157,0,0
31609544485,-23.8042,0,0
31609544537,-25.3121,0,0
31609544548,-25.4836,0,0
31609550617,-12.3482,0,0
31609550630,-22.3086,0,0
31609550681,-24.6535,0,0
31609550694,-27.5325,0,0
31609550741,-22.2861,0,0
31609550753,-25.2666,0,0
31467046479,-23.9603,0,0
31467046493,-25.8942,0,0
31467046552,-24.0079,0,0
31467046567,-23.9793,0,0
31467046619,-25.3123,0,0
31467046634,-29.3213,0,0
31467046686,-20.7193,0,0
31467046701,-29.4428,0,0
31467046756,-30.8685,0,0
31467046771,-26.8542,0,0
31467046828,-18.7993,0,0
31467046842,-27.8993,0,0
31609544337,-23.0006,0,0
31609544352,-46.9442,0,0
31609544405,-23.172,0,0
31609544418,-22.3122,0,0
31609544549,-22.8542,0,0
31609544588,-24.0509,0,0
31609544591,-22.9638,0,0
31609550618,-2.0509,0,0
31609550631,-23.2923,0,0
31609550682,-29.9901,0,0
31609550695,-25.8951,0,0
31609550742,-22.185,0,0
31609550754,-22.2639,0,0
31609550806,-20.858,0,0
31627331027,-27.0206,0,0
31627331057,-23.9013,0,0
31627331065,-22.0514,0,0
31627331089,-30.2559,0,0
31627331094,-24.0649,0,0
31664904305,-17.3841,0,0
31664904312,-31.3386,0,0
31664904336,-34.0068,0,0
32021127721,-25.4997,0,0
32021127728,-44.1197,0,0
31467046480,-22.1726,0,0
31467046553,-20.4738,0,0
31467046568,20.9309,0,0
31467046620,-20.8396,0,0
31467046635,-23.9121,0,0
31467046687,-20.2133,0,0
31467046702,-24.2508,0,0
31467046757,-15.1585,0,0
31467046772,-10.8463,0,0
31467046829,-30.4969,0,0
31467046843,-23.4926,0,0
31609544338,31.7305,0,0
31609544353,-26.1617,0,0
31609544406,-22.5246,0,0
31609544419,-23.0824,0,0
31609544473,-22.1498,0,0
31609544487,-25.9488,0,0
31609544538,-21.0622,0,0
31609544550,-23.0446,0,0
31609544589,-28.1199,0,0
31609544592,-23.9975,0,0
31609550619,-21.947,0,0
31609550632,-22.8817,0,0
31609550683,-22.1495,0,0
31609550696,-24.7859,0,0
31609550743,-22.77,0,0
31609550755,-19.9745,0,0
31609550807,-21.2126,0,0
31609550814,-22.1004,0,0
31627331058,-27.1874,0,0
31627331066,-24.7685,0,0
31627331090,-19.7396,0,0
31664904280,-15.8635,0,0
31664904306,-20.868,0,0
31664904313,-24.4904,0,0
31664904337,-19.2345,0,0
31664904344,-19.8417,0,0
31665695572,-18.8617,0,0
31665695577,-23.5246,0,0
31665695602,-22.0136,0,0
31665695604,-25.0136,0,0
31467046481,-40.056,0,0
31467046495,-13.0169,0,0
31467046554,9.944,0,0
31467046569,-97.7772,0,0
31467046621,-24.0136,0,0
31467046636,-30.138,0,0
31467046688,-27.152,0,0
31467046703,-26.2225,0,0
31467046758,-8.8362,0,0
31467046773,43.0712,0,0
31467046888,-23.1271,0,0
31609544339,-23.4162,0,0
31609544354,-25.9727,0,0
31609544407,-24.1364,0,0
31609544420,-23.0831,0,0
31609544474,-24.1167,0,0
31609544488,-23.0974,0,0
31609544539,-22.0567,0,0
31609544551,-25.1287,0,0
31609550556,-123.8017,0,0
31609550620,-30.1741,0,0
31609550633,-26.0897,0,0
31609550684,-22.1502,0,0
31609550697,-24.9975,0,0
31609550744,-35.0084,0,0
31609550756,-24.09,0,0
31609550808,-21.05,0,0
31609550815,-21.0524,0,0
31627331059,-20.0948,0,0
31627331067,-25.0185,0,0
31627331091,-22.0208,0,0
31627331095,-22.066,0,0
31664904307,-24.1431,0,0
31664904314,-22.1266,0,0
31664904338,-19.2292,0,0
31664904345,-25.1213,0,0
32021127722,-19.71,0,0
32021127729,-40.4817,0,0
31467046482,-19.71,0,0
31467046496,-8.6459,0,0
31467046555,-26.5083,0,0
31467046570,6.4705,0,0
31467046622,-24.0358,0,0
31467046637,-24.7616,0,0
31467046689,-25.7605,0,0
31467046704,-24.9308,0,0
31467046759,-17.71,0,0
31467046774,-47.4966,0,0
31467046831,-56.5096,0,0
31467046844,-35.5424,0,0
31609544340,-18.768,0,0
31609544355,-23.6094,0,0
31609544408,-17.827,0,0
31609544421,-21.5111,0,0
31609544475,-23.6218,0,0
31609544489,-24.7312,0,0
31609544540,-23.406,0,0
31609544552,-23.406,0,0
31609550548,-23.3321,0,0
31609550557,-23.3597,0,0
31609550621,-24.5818,0,0
31609550634,-21.5995,0,0
31609550685,-26.5121,0,0
31609550698,-22.4132,0,0
31609550745,-25.5216,0,0
31609550757,-23.7066,0,0
31609550809,-21.566,0,0
31609550816,-23.5482,0,0
31627331060,-22.5667,0,0
31627331068,-23.5964,0,0
31627331092,-20.3482,0,0
31627331096,-23.8161,0,0
31664904308,-23.8311,0,0
31664904315,-22.9278,0,0
31664904339,-15.6175,0,0
31664904346,-22.8298,0,0
31665695573,-20.7761,0,0
31665695578,-23.9378,0,0
37449098938,-28.2482,0,0
37449098982,-19.8646,0,0
37449098991,-10.0046,0,0
37449099031,-9.245,0,0
37449099046,-5.2278,0,0
37449099101,-26.5566,0,0
37449099114,-22.3333,0,0
37498773923,-21.1724,0,0
37498773938,-25.1385,0,0
37498774000,-20.3766,0,0
37498774015,-26.1677,0,0
37498774075,-31.5892,0,0
37533441186,-38.5047,0,0
37533441220,-26.3897,0,0
37533441233,-23.5587,0,0
37533441284,-22.3792,0,0
37533441297,-26.3297,0,0
37533441347,-24.4937,0,0
37533441356,-31.5337,0,0
37575912487,-43.5276,0,0
37575912550,-9.1143,0,0
37575912562,-21.1832,0,0
37575912609,-25.3288,0,0
37575912622,-26.5597,0,0
37635720462,23.4816,0,0
37635720479,39.2122,0,0
37635720554,-22.4619,0,0
37635720570,-23.1108,0,0
37635720696,-42.727,0,0
37635720710,-25.9554,0,0
37720581081,-26.4958,0,0
37635720784,-24.1011,0,0
37720581136,-28.8647,0,0
37720581153,-30.5169,0,0
37720581220,-18.0014,0,0
37720581237,-23.1839,0,0
37720581304,-11.7001,0,0
37720581321,-22.8554,0,0
37720581387,-4.7001,0,0
37720581404,4.9534,0,0
37720581473,-21.526,0,0
37720581490,-23.5162,0,0
37720581550,-19.5093,0,0
37720581566,-25.4551,0,0
37720581630,-21.3766,0,0
37720581645,-25.1346,0,0
37817259716,-24.3992,0,0
37817259728,-24.5106,0,0
37817259774,-21.4351,0,0
37817259787,-24.4153,0,0
37817259891,-37.635,0,0
37817259903,-22.4425,0,0
37449098939,-25.5536,0,0
37449098983,-5.4775,0,0
37449098992,1.5639,0,0
37449099032,-16.8237,0,0
37449099047,-23.0887,0,0
37449099102,-3.0916,0,0
37449099115,56.4872,0,0
37498773924,-13.0628,0,0
37498773939,-23.5414,0,0
37498774001,-29.5175,0,0
37498774016,46.328,0,0
37498774076,-38.7086,0,0
37498774087,-119.1626,0,0
37533441221,-22.5576,0,0
37533441234,-24.5527,0,0
37533441285,-23.5419,0,0
37533441298,-23.5401,0,0
37533441348,-20.4141,0,0
37575912439,-17.7183,0,0
37575912488,-30.5527,0,0
37575912500,-24.5459,0,0
37575912610,-36.295,0,0
37575912623,-36.6324,0,0
37635720463,25.4496,0,0
37635720480,-67.1419,0,0
37635720555,-24.5507,0,0
37635720571,-23.6393,0,0
37635720636,-29.6142,0,0
37635720697,-12.4282,0,0
37635720711,-34.6184,0,0
37635720769,3.9924,0,0
37635720785,-89.5521,0,0
37720581137,-45.9861,0,0
37720581154,22.6229,0,0
37720581221,2.384,0,0
37720581238,-4.8522,0,0
37720581305,1.6953,0,0
37720581322,6.5103,0,0
37720581388,12.4906,0,0
37720581405,-35.736,0,0
37720581474,-0.292400000000001,0,0
37720581491,-37.4253,0,0
37720581551,-19.5617,0,0
37720581567,-23.567,0,0
37720581631,-19.5728,0,0
37720581646,-50.5688,0,0
37817259717,-15.5219,0,0
37817259729,-24.5419,0,0
37817259775,-22.5577,0,0
37817259788,-23.5746,0,0
37817259831,-22.5899,0,0
37817259843,-27.5952,0,0
37449098940,-26.4006,0,0
37449098984,-22.5734,0,0
37449098993,-22.4608,0,0
37449099033,-24.1436,0,0
37449099048,-24.1236,0,0
37449099106,-47.6751,0,0
37449099119,-29.4902,0,0
37498773929,-28.639,0,0
37498773944,-23.3534,0,0
37498774006,-23.788,0,0
37498774021,-22.5816,0,0
37498774080,-24.8393,0,0
37498774091,-27.2115,0,0
37498774134,-24.0916,0,0
37498774138,-24.1842,0,0
37533441225,-16.1436,0,0
37533441238,-26.3312,0,0
37533441289,-24.1642,0,0
37533441302,-21.4123,0,0
37533441352,-21.8017,0,0
37533441360,-21.002,0,0
37575912492,-22.285,0,0
37575912503,-24.1235,0,0
37575912554,-27.039,0,0
37575912566,-27.3179,0,0
37575912614,-25.1331,0,0
37575912627,-23.9843,0,0
37635720467,-24.8794,0,0
37635720484,-25.2144,0,0
37635720558,-11.1229,0,0
37635720574,-24.0563,0,0
37635720701,-23.9512,0,0
37635720715,-23.002,0,0
37635720773,-19.5961,0,0
37635720788,-23.6344,0,0
37720581141,-13.8866,0,0
37720581158,-18.4369,0,0
37720581225,-21.1637,0,0
37720581242,-25.1637,0,0
37720581309,-60.9987,0,0
37720581326,-41.116,0,0
37720581392,9.1744,0,0
37720581409,-27.8441,0,0
37720581478,-21.8617,0,0
37720581495,-23.8217,0,0
37720581571,-24.8201,0,0
37720581635,-26.0064,0,0
37720581650,-25.0064,0,0
37817259721,-24.0682,0,0
37817259733,-24.0538,0,0
37817259779,-21.8724,0,0
37817259792,-12.8745,0,0
37817259835,-20.8493,0,0
37817259847,-27.9187,0,0
37817259896,-20.8524,0,0
37817259907,-26.7724,0,0
37817259957,-19.9486,0,0
37817259965,-22.933,0,0
37817259998,-20.9767,0,0
37449099034,-25.8775,0,0
37449099095,-21.0514,0,0
37449099107,20.8254,0,0
37498773915,14.6169,0,0
37498773930,-4.3447,0,0
37498773992,-24.3136,0,0
37498774007,-23.2585,0,0
37498774068,-29.2585,0,0
37498774081,-22.2585,0,0
37498774127,-23.2785,0,0
37533441182,-26.269,0,0
37533441213,-26.19,0,0
37533441226,-24.1014,0,0
37533441277,-132.1632,0,0
37533441290,-27.3691,0,0
37533441340,7.8616,0,0
37575912435,-27.0943,0,0
37575912480,-22.1476,0,0
37575912493,-25.1137,0,0
37575912543,21.0854,0,0
37575912555,-26.5404,0,0
37575912602,-20.0933,0,0
37575912615,-26.0252,0,0
37635720456,-25.12,0,0
37635720473,-25.7562,0,0
37635720548,-23.1785,0,0
37635720565,-28.1555,0,0
37635720644,-24.4265,0,0
37635720764,-33.4078,0,0
37635720779,-28.7072,0,0
37720581130,-23.4196,0,0
37720581147,-20.4878,0,0
37720581214,-14.5462,0,0
37720581231,-28.2976,0,0
37720581298,-10.7259,0,0
37720581315,-16.1848,0,0
37720581381,-20.2475,0,0
37720581398,-24.3115,0,0
37720581467,-21.5201,0,0
37720581484,-25.5001,0,0
37720581544,-26.6415,0,0
37720581560,-23.6856,0,0
37720581624,-19.1528,0,0
37720581640,-24.0246,0,0
37817259713,-22.0338,0,0
37817259725,-33.9989,0,0
37817259772,-20.0474,0,0
37817259785,-14.0355,0,0
37817259829,-21.8485,0,0
37817259841,-28.5652,0,0
37449099035,-23.241,0,0
37498773921,-23.1527,0,0
37498773936,-26.0327,0,0
37498773998,-25.2298,0,0
37498774013,-25.259,0,0
37498774073,-25.1318,0,0
37498774085,-6.8818,0,0
37498774129,-26.1388,0,0
37498774136,-24.1181,0,0
37533441218,-26.1222,0,0
37533441231,-23.1202,0,0
37533441282,-26.1027,0,0
37533441295,-34.1027,0,0
37533441345,-28.0602,0,0
37533441354,-31.1412,0,0
37575912485,-27.1207,0,0
37575912498,-24.1661,0,0
37575912548,-19.1423,0,0
37575912560,-24.1002,0,0
37575912607,-14.2947,0,0
37575912620,-23.2337,0,0
37449099036,-24.4417,0,0
37449099103,-4.892,0,0
37498773925,-23.033,0,0
37498773940,-24.033,0,0
37498774002,-32.0717,0,0
37498774017,-23.2181,0,0
37498774077,-32.2849,0,0
37498774088,-24.242,0,0
37533441181,-23.635,0,0
37533441187,-23.1527,0,0
37533441222,-23.2392,0,0
37533441235,-25.1598,0,0
37533441286,-23.2738,0,0
37533441299,-31.2971,0,0
37533441349,-22.9908,0,0
37533441357,21.134,0,0
37575912551,-17.8128,0,0
37575912563,-29.9398,0,0
37575912611,44.4672,0,0
37575912624,14.0268,0,0
37635720464,-23.4793,0,0
37635720481,3.5926,0,0
37635720556,-21.7725,0,0
37635720572,-24.6316,0,0
37635720637,-20.3272,0,0
37635720647,-23.8334,0,0
37635720698,-51.4374,0,0
37635720712,-38.2978,0,0
37635720770,-35.3227,0,0
37635720786,-6.3427,0,0
37720581138,-52.6128,0,0
37720581155,-67.0607,0,0
37720581222,-47.3356,0,0
37720581239,-35.5985,0,0
37720581306,-124.4418,0,0
37720581323,-35.4407,0,0
37720581389,-8.3845,0,0
37720581406,-38.6227,0,0
37720581475,-43.4027,0,0
37720581492,3.6026,0,0
37720581552,-28.033,0,0
37720581568,-24.9334,0,0
37720581632,-29.8008,0,0
37720581647,-25.3921,0,0
37817259718,-21.133,0,0
37817259730,-28.1458,0,0
37817259776,-23.984,0,0
37817259789,-24.033,0,0
37817259832,-23.8008,0,0
37817259844,-22.9647,0,0
37817259893,-19.3104,0,0
37817259904,-23.3055,0,0
37449099037,-23.1946,0,0
37498773871,-18.6126,0,0
37498773873,-47.6526,0,0
37498773926,-16.2409,0,0
37498773941,-22.2409,0,0
37498774003,-26.1564,0,0
37498774018,-27.1241,0,0
37449099038,-23.3899,0,0
37449099104,-23.1227,0,0
37449099117,-14.9626,0,0
37498773927,-23.4182,0,0
37498773942,-25.3627,0,0
37498774004,-25.1164,0,0
37498774019,-22.12,0,0
37498774078,-25.0738,0,0
37498774089,-24.6911,0,0
37498774132,-58.9962,0,0
37498774137,-46.5676,0,0
37533441223,-22.4096,0,0
37533441236,-22.2303,0,0
37533441287,-26.0411,0,0
37533441300,-23.1483,0,0
37533441350,-22.8275,0,0
37533441358,-28.9732,0,0
37575912490,-22.0592,0,0
37575912501,-24.997,0,0
37575912552,-25.1667,0,0
37575912564,-20.1067,0,0
37575912612,-21.0568,0,0
37575912625,-25.0456,0,0
37635720465,-22.6991,0,0
37635720482,-11.7035,0,0
37635720638,-23.3038,0,0
37635720648,-23.2326,0,0
37635720699,-22.1137,0,0
37635720713,-24.0568,0,0
37635720771,24.8032,0,0
37635720787,-81.9913,0,0
37720581139,-20.9728,0,0
37720581156,-0.0162000000000013,0,0
37720581223,-36.0465,0,0
37720581307,-15.962,0,0
37720581324,-48.102,0,0
37720581390,-21.0277,0,0
37720581407,-37.4518,0,0
37720581476,-23.0798,0,0
37720581493,-25.0096,0,0
37720581553,-33.4954,0,0
37720581569,-23.4853,0,0
37720581633,-16.2193,0,0
37720581648,-25.1667,0,0
37817259719,-22.1667,0,0
37817259731,-22.1129,0,0
37817259777,-24.1286,0,0
37817259790,-22.1286,0,0
37817259833,-22.4607,0,0
37817259845,-23.5577,0,0
37817259894,-18.0996,0,0
37817259905,-22.0485,0,0
37817259955,-31.0915,0,0
37817259963,-23.0691,0,0
37817259997,-18.1667,0,0
37973688455,-18.1226,0,0
37449099039,-25.7077,0,0
37449099105,-4.0602,0,0
37449099118,-30.1359,0,0
37498773928,-12.0902,0,0
37498773943,-12.0632,0,0
37498774005,40.9306,0,0
37498774020,-22.1794,0,0
37498774079,-23.9847,0,0
37498774090,-23.2449,0,0
37498774133,-28.9013,0,0
37533441188,-23.4721,0,0
37533441224,-21.133,0,0
37533441237,-27.3129,0,0
37533441301,-25.8351,0,0
37533441351,-24.9013,0,0
37533441359,-22.0325,0,0
37575912491,-23.013,0,0
37575912502,-21.7976,0,0
37575912553,-26.0603,0,0
37575912565,-50.3919,0,0
37575912613,-23.4772,0,0
37575912626,-22.6296,0,0
37635720466,-19.0296,0,0
37635720483,-23.3234,0,0
37635720557,-20.8725,0,0
37635720573,-22.9601,0,0
37635720700,-44.9396,0,0
37635720714,-87.4209,0,0
37635720772,-14.9502,0,0
37720581083,-4.9764,0,0
37720581140,-12.1487,0,0
37720581157,-24.9876,0,0
37720581224,-31.0465,0,0
37720581241,-36.2284,0,0
37720581308,-18.0792,0,0
37720581325,-23.5353,0,0
37720581391,-13.8261,0,0
37720581408,-17.9114,0,0
37720581477,-33.0978,0,0
37720581494,-3.5102,0,0
37720581554,-23.0151,0,0
37720581570,-26.9609,0,0
37720581634,-14.9452,0,0
37720581649,-23.8388,0,0
37817259720,-21.694,0,0
37817259732,-10.0346,0,0
37817259778,-31.658,0,0
37817259791,-23.8213,0,0
37817259834,-23.6907,0,0
37817259846,-25.723,0,0
37817259895,-22.9413,0,0
37817259906,-23.8351,0,0
37817259956,-21.0334,0,0
37817259964,-23.0401,0,0
37635720390,-20.0141,0,0
37635720403,-26.8377,0,0
37635720449,-16.2516,0,0
37635720472,-29.3316,0,0
37635720541,-23.4819,0,0
37635720564,-25.4819,0,0
37635720626,-23.5605,0,0
37635720401,-24.3176,0,0
37635720470,-17.4424,0,0
37635720487,-31.7606,0,0
37635720561,-22.8734,0,0
37635720576,-23.8734,0,0
37635720642,-23.191,0,0
37635720651,-24.2518,0,0
37635720716,-27.1846,0,0
37635720776,-23.325,0,0
37635720791,-16.345,0,0
37720581144,-23.2775,0,0
37720581161,-20.3779,0,0
37720581228,-29.428,0,0
37720581245,-17.6406,0,0
37720581312,-22.3072,0,0
37720581329,-21.4346,0,0
37720581395,-20.3672,0,0
37720581412,-28.345,0,0
37720581481,-21.365,0,0
37720581498,-24.4154,0,0
37720581557,-21.2771,0,0
37720581573,-24.3244,0,0
37720581637,-18.2815,0,0
37817259670,-24.2931,0,0
37817259723,-18.2974,0,0
37817259735,-33.3482,0,0
37817259782,-24.4709,0,0
37817259795,-26.2389,0,0
37817259838,-23.1559,0,0
37817259850,-26.0962,0,0
37817259899,-24.2234,0,0
37817259910,-25.2015,0,0
37817259960,-27.2256,0,0
37817259968,-23.9634,0,0
37817260001,-18.1764,0,0
37817260004,-25.0803,0,0
37973688490,-22.0992,0,0
37973688495,-24.9976,0,0
37973688521,-26.1278,0,0
37973688526,-27.0606,0,0
37973688546,-22.1278,0,0
37973688551,-27.9161,0,0
37973688567,-21.9986,0,0
37973688570,-23.9976,0,0
37973688582,-22.1928,0,0
37973688585,-23.1928,0,0
37973688599,-22.2173,0,0
37973688603,-25.0872,0,0
37973688615,-23.1107,0,0
37973688618,-80.2021,0,0
38053448970,-22.2712,0,0
38053448973,-22.2912,0,0
38053448983,-26.9923,0,0
38053448986,-21.9869,0,0
38053448998,-22.9773,0,0
38053449001,-26.9436,0,0
37635720400,-21.7397,0,0
37635720469,-2.6055,0,0
37635720486,-23.728,0,0
37635720560,-31.7804,0,0
37635720575,-95.8379,0,0
37635720641,-24.8426,0,0
37635720702,-18.0484,0,0
37635720775,-24.0634,0,0
37635720790,-14.1518,0,0
37720581143,-22.0532,0,0
37720581160,-24.8251,0,0
37720581227,-11.4566,0,0
37720581244,13.8724,0,0
37720581311,-62.7955,0,0
37720581328,-15.7643,0,0
37720581394,29.4157,0,0
37720581411,-14.8243,0,0
37720581480,-30.7949,0,0
37720581497,-35.5093,0,0
37720581556,-21.3014,0,0
37817259669,-26.2152,0,0
37817259722,-18.2117,0,0
37817259734,-24.1664,0,0
37817259781,-24.2152,0,0
37817259794,-25.1317,0,0
37817259837,-22.1618,0,0
37817259849,-25.143,0,0
37817259898,-23.1788,0,0
37817259909,-26.1003,0,0
37817259959,-21.391,0,0
37817259967,-26.3378,0,0
37817260000,-24.6778,0,0
37973688457,-22.6761,0,0
37973688489,-22.6676,0,0
37973688494,-24.7394,0,0
37973688520,-22.688,0,0
37973688525,-23.6743,0,0
37973688545,-30.9069,0,0
37973688550,-27.559,0,0
37973688569,-23.581,0,0
37635720402,-23.9096,0,0
37635720471,-43.9089,0,0
37635720489,-23.0408,0,0
37635720563,-36.6287,0,0
37635720578,38.1581,0,0
37635720643,-25.0164,0,0
37635720704,-15.1812,0,0
37635720718,-7.2764,0,0
37635720778,42.1974,0,0
37635720793,-22.4368,0,0
37720581146,9.0069,0,0
37720581163,-32.3246,0,0
37720581230,-40.5286,0,0
37720581247,-21.2014,0,0
37720581314,-5.3237,0,0
37720581331,-36.2304,0,0
37720581397,-12.9914,0,0
37720581414,-25.2547,0,0
37720581483,-24.5083,0,0
37720581500,-18.9311,0,0
37720581559,-22.4905,0,0
37720581575,-26.5929,0,0
37720581639,-23.4546,0,0
37720581652,-26.4839,0,0
37817259724,-19.4552,0,0
37817259737,-35.4889,0,0
37817259784,-15.3244,0,0
37817259797,-22.4915,0,0
37817259840,-28.4419,0,0
37817259852,52.635,0,0
37817259901,-20.421,0,0
37817259912,-24.5322,0,0
37817259962,-18.4512,0,0
37817259970,-25.4437,0,0
37817260003,-19.4195,0,0
37973688459,-26.6525,0,0
37973688492,-24.3337,0,0
37973688497,-30.4708,0,0
37973688523,-21.4212,0,0
37973688528,-32.4083,0,0
37973688548,-22.5055,0,0
37973688553,-25.5601,0,0
37973688583,-23.9885,0,0
37973688586,-28.2035,0,0
37973688601,-19.376,0,0
37973688605,-23.5258,0,0
37973688617,-17.2741,0,0
37973688620,-25.3587,0,0
38053448972,-19.3489,0,0
38053448974,-25.4755,0,0
38053448985,-12.4629,0,0
38053448988,-24.2352,0,0
38053449000,-21.7906,0,0
38053449002,-25.7841,0,0
38053449008,-22.3581,0,0
38053449009,-24.2709,0,0
37635720399,-23.8863,0,0
37635720468,-24.9656,0,0
37635720485,-24.8961,0,0
37635720559,-24.9179,0,0
37635720640,-23.6344,0,0
37635720649,-20.6553,0,0
37635720774,-22.5615,0,0
37635720789,-24.5615,0,0
37720581142,-12.7669,0,0
37720581159,-19.921,0,0
37720581226,9.978,0,0
37720581243,-24.8977,0,0
37720581310,-18.4539,0,0
37720581327,-25.3942,0,0
37720581393,-22.8919,0,0
37720581410,-24.9319,0,0
37720581479,-24.1837,0,0
37720581496,-27.1491,0,0
37720581555,-23.0016,0,0
37720581572,-23.0899,0,0
37720581636,-19.1842,0,0
37817259668,-26.0662,0,0
37817259780,-29.0874,0,0
37817259793,-21.068,0,0
37817259836,-26.6178,0,0
37817259848,-26.1659,0,0
37817259897,-22.1642,0,0
37817259908,-27.0842,0,0
37817259958,-22.179,0,0
37817259966,-28.179,0,0
37817259999,-21.1074,0,0
37973688456,-23.0901,0,0
37973688488,-22.9388,0,0
37973688493,-22.8779,0,0
37973688519,-23.9438,0,0
37973688524,-24.8503,0,0
37973688544,-22.8409,0,0
37973688549,-22.9078,0,0
37973688568,-25.4,0,0
37973688584,-153.24,0,0
37973688598,-16.569,0,0
37973688602,-26.84,0,0
37635720446,-26.179,0,0
37635720488,-23.4795,0,0
37635720562,-37.986,0,0
37635720577,-33.9834,0,0
37635720703,-24.1982,0,0
37635720717,-22.3445,0,0
37635720777,-12.859,0,0
37635720792,-100.4508,0,0
37720581145,-34.6965,0,0
37720581162,-50.4242,0,0
37720581229,-1.4109,0,0
37720581246,-28.9111,0,0
37720581313,-22.8153,0,0
37720581330,-31.8075,0,0
37720581396,-91.5226,0,0
37720581413,-136.6247,0,0
37720581482,-15.9167,0,0
37720581499,-30.8119,0,0
37720581558,-24.2379,0,0
37720581574,-25.1979,0,0
37720581638,-19.1725,0,0
37720581651,-25.1849,0,0
37817259736,-22.037,0,0
37817259783,-24.1849,0,0
37817259796,-20.2127,0,0
37817259839,-16.2853,0,0
37817259851,-25.2967,0,0
37817259900,-24.2653,0,0
37817259911,-24.2324,0,0
37817259961,-21.2663,0,0
37817259969,-26.3581,0,0
37817260002,-26.2125,0,0
37973688458,-24.2481,0,0
37973688491,-22.1669,0,0
37973688496,-24.1849,0,0
37973688522,-25.1825,0,0
37973688527,-26.1838,0,0
37973688547,-23.1785,0,0
37973688552,-25.1785,0,0
37973688600,-27.1785,0,0
37973688604,-25.2152,0,0
37973688616,-19.3341,0,0
37973688619,24.8011,0,0
38053448971,-22.1785,0,0
38053448984,-23.2634,0,0
38053448987,-24.0938,0,0
38053448999,-24.1657,0,0
37449098934,-26.5162,0,0
37449098977,-3.1509,0,0
37449098985,-16.4249,0,0
37449099025,-20.5065,0,0
37449099040,-20.5755,0,0
37498773870,43.1627,0,0
37498773872,-13.5781,0,0
37498773916,32.689,0,0
37498773931,-41.1704,0,0
37498773993,-29.5111,0,0
37498774008,-34.5869,0,0
37449098922,-20.7338,0,0
37449098941,-22.6961,0,0
37449098986,28.7532,0,0
37449099026,-8.653,0,0
37449099041,-29.9307,0,0
37449099096,-34.3916,0,0
37449099108,-47.3435,0,0
37498773917,-21.8258,0,0
37498773932,-25.9348,0,0
37498773994,-35.8849,0,0
37498774009,-21.7904,0,0
37498774069,-36.849,0,0
37498774128,-23.8904,0,0
37533441214,-21.9442,0,0
37533441227,-23.7904,0,0
37533441278,-24.7704,0,0
37533441291,-18.6769,0,0
37533441341,-19.9701,0,0
37575912436,-24.497,0,0
37575912481,-18.6505,0,0
37575912494,-33.6914,0,0
37575912544,-25.5699,0,0
37575912556,-28.5776,0,0
37575912603,-12.5882,0,0
37575912616,-24.4816,0,0
37635720457,-24.5444,0,0
37635720474,-24.5346,0,0
37635720549,-22.6507,0,0
37635720566,-25.6424,0,0
37635720691,-22.5773,0,0
37635720705,-24.5773,0,0
37635720765,-25.1577,0,0
37635720780,-26.0577,0,0
37720581131,-12.5341,0,0
37720581148,-8.533,0,0
37720581215,-21.5367,0,0
37720581232,-27.5141,0,0
37720581299,-20.1686,0,0
37720581316,-22.2086,0,0
37720581382,-30.2086,0,0
37720581399,-22.1568,0,0
37720581468,3.6696,0,0
37720581485,-31.1568,0,0
37720581545,-13.2661,0,0
37720581561,-24.9695,0,0
37720581625,-25.1544,0,0
37720581641,-24.0581,0,0
37449098923,-21.0865,0,0
37449098942,-25.0865,0,0
37449098978,-17.891,0,0
37449098987,-22.8006,0,0
37449099027,-17.2,0,0
37449099042,-25.0723,0,0
37449099097,-24.0055,0,0
37449099109,-22.9634,0,0
37498773918,-30.8663,0,0
37498773933,-27.0391,0,0
37498773995,-23.6655,0,0
37498774010,-25.6855,0,0
37498774070,-25.671,0,0
37498774082,-23.6434,0,0
37498774135,-29.8953,0,0
37533441215,-23.8353,0,0
37533441228,-28.7928,0,0
37533441279,-21.5923,0,0
37533441292,-24.5101,0,0
37533441342,-24.5397,0,0
37575912437,-23.5409,0,0
37575912482,-22.6167,0,0
37575912495,-26.5969,0,0
37575912545,-32.1599,0,0
37575912557,-25.5369,0,0
37575912604,-24.6434,0,0
37575912617,-17.5431,0,0
37635720458,-25.6145,0,0
37635720475,-28.798,0,0
37635720550,-20.7124,0,0
37635720567,-22.6173,0,0
37635720632,-25.9405,0,0
37635720692,-3.8358,0,0
37635720706,-30.9158,0,0
37635720766,-5.7341,0,0
37635720781,-41.8875,0,0
37720581132,-28.5757,0,0
37720581216,-24.8328,0,0
37720581233,-21.8619,0,0
37720581300,-17.1419,0,0
37720581317,-26.8328,0,0
37720581383,-9.9619,0,0
37720581400,-29.9619,0,0
37720581469,-22.8542,0,0
37720581486,-26.7819,0,0
37720581546,-47.1182,0,0
37720581562,-25.5187,0,0
37720581626,-20.7766,0,0
37720581642,-27.7766,0,0
37449098935,-25.7925,0,0
37449098979,-23.18,0,0
37449098988,-40.0089,0,0
37449099028,-22.8553,0,0
37449099043,-26.7553,0,0
37449099098,-21.6026,0,0
37449099110,-17.6007,0,0
37498773919,-22.424,0,0
37498773934,-26.3516,0,0
37498773996,-27.527,0,0
37498774011,-26.4783,0,0
37498774071,-26.7964,0,0
37498774083,-23.9911,0,0
37533441179,-24.2344,0,0
37533441183,-21.406,0,0
37533441216,-21.5704,0,0
37533441229,-25.4607,0,0
37533441280,-23.3314,0,0
37533441293,-12.5972,0,0
37533441343,-20.8964,0,0
37533441353,-26.5399,0,0
37575912483,-26.3807,0,0
37575912496,-25.4097,0,0
37575912546,-22.0683,0,0
37575912558,-22.308,0,0
37575912605,-22.2059,0,0
37575912618,-28.7897,0,0
37635720459,-21.9528,0,0
37635720476,-23.1736,0,0
37635720551,-18.9026,0,0
37635720568,-19.4908,0,0
37635720633,-21.8532,0,0
37635720645,-25.0202,0,0
37635720693,-23.0794,0,0
37635720707,-23.0197,0,0
37635720767,-26.8917,0,0
37635720782,-19.9227,0,0
37720581133,6.1434,0,0
37720581150,-20.9709,0,0
37720581217,-47.0109,0,0
37720581234,-26.921,0,0
37720581301,-21.9912,0,0
37720581318,-18.9207,0,0
37720581384,-15.9145,0,0
37720581401,-64.2561,0,0
37720581470,-11.0309,0,0
37720581487,-16.1309,0,0
37720581547,-20.9862,0,0
37720581563,-24.1966,0,0
37720581627,-13.8793,0,0
37817259667,-41.7917,0,0
37817259714,-15.84,0,0
37817259726,-37.6853,0,0
37449098936,-28.4043,0,0
37449098980,-22.7499,0,0
37449098989,-22.7004,0,0
37449099029,-20.7856,0,0
37449099044,-2.6184,0,0
37449099099,-37.7967,0,0
37449099111,-32.7348,0,0
37498773920,-23.5505,0,0
37498773935,-24.8567,0,0
37498773997,-23.6665,0,0
37498774012,-24.4462,0,0
37498774072,-16.9335,0,0
37498774084,-29.0978,0,0
37533441180,-28.1356,0,0
37533441184,-31.071,0,0
37533441217,-23.0422,0,0
37533441230,-20.3272,0,0
37533441281,-26.5246,0,0
37533441294,-25.0978,0,0
37533441344,-25.3003,0,0
37575912438,-23.3147,0,0
37575912484,-24.48,0,0
37575912497,-20.4717,0,0
37575912547,-24.223,0,0
37575912559,-26.0295,0,0
37575912606,-24.1199,0,0
37575912619,-24.2398,0,0
37635720460,-22.8294,0,0
37635720477,-23.1707,0,0
37635720552,-23.2429,0,0
37635720569,-24.1924,0,0
37635720634,-23.5523,0,0
37635720694,-30.0392,0,0
37635720708,-31.1098,0,0
37720581080,-23.8838,0,0
37720581082,-23.9438,0,0
37720581134,-21.1977,0,0
37720581151,-28.2177,0,0
37720581218,-23.3692,0,0
37720581235,-25.3492,0,0
37720581302,-20.8094,0,0
37720581319,-28.8388,0,0
37720581385,-22.8791,0,0
37720581402,-24.7991,0,0
37720581471,-23.4667,0,0
37720581488,-27.4238,0,0
37720581548,-23.4644,0,0
37720581564,-25.6575,0,0
37720581628,-21.5157,0,0
37720581643,-27.653,0,0
37449098937,-25.1336,0,0
37449098981,-22.4367,0,0
37449098990,-26.4085,0,0
37449099030,-20.3685,0,0
37449099045,-38.2593,0,0
37449099100,-30.0255,0,0
37449099113,-25.1408,0,0
37498773922,-24.5701,0,0
37498773937,-24.5196,0,0
37498773999,-24.6205,0,0
37498774014,-24.7166,0,0
37498774074,-26.5496,0,0
37498774086,-22.4771,0,0
37498774130,-23.5756,0,0
37533441185,-26.6367,0,0
37533441219,-23.604,0,0
37533441232,-27.6103,0,0
37533441283,-20.6366,0,0
37533441296,-22.6475,0,0
37533441346,-25.6726,0,0
37533441355,-30.6496,0,0
37575912486,-21.6703,0,0
37575912499,-23.6299,0,0
37575912549,-24.5605,0,0
37575912561,-26.5636,0,0
37575912608,-24.6214,0,0
37575912621,-27.5546,0,0
37635720461,-24.5496,0,0
37635720478,-26.5123,0,0
37635720553,-24.6001,0,0
37635720635,-24.1073,0,0
37635720646,-28.071,0,0
37635720695,-22.5392,0,0
37635720709,-23.5006,0,0
37635720768,-61.4573,0,0
37635720783,-24.4022,0,0
37720581135,-22.7747,0,0
37720581152,-25.6865,0,0
37720581219,-21.6627,0,0
37720581236,-24.7166,0,0
37720581303,-25.6152,0,0
37720581320,-22.5815,0,0
37720581386,-25.6627,0,0
37720581403,-25.5595,0,0
37720581472,-29.4381,0,0
37720581489,-27.6703,0,0
37720581549,-24.5286,0,0
37720581565,-32.5228,0,0
37720581629,-18.4527,0,0
37720581644,-26.4527,0,0
37817259715,-16.5006,0,0
37817259727,-24.5206,0,0
37817259773,-20.37,0,0
37817259786,-25.372,0,0
37817259830,-18.5546,0,0
37817259842,-28.5772,0,0
37817259890,-26.1028,0,0
37817259902,-29.0966,0,0
16539016952,0.815999999999974,0,0
16607535123,8.428,0,0
16607535141,3.048,0,0
16607535153,5.39600000000002,0,0
16607535170,1.67200000000003,0,0
16662561046,3.58199999999999,0,0
16662561103,11.412,0,0
16662561126,-6.40800000000002,0,0
16758145412,6.68700000000001,0,0
16758145416,-22.463,0,0
16758145427,14.943,0,0
16758145440,78.895,0,0
16758145464,12.796,0,0
16758145492,3.26999999999998,0,0
16758145517,-19.944,0,0
16758145535,1.76799999999997,0,0
16785091408,1.8568,0,0
16785091428,-2.7246,0,0
16824935221,46.0453,0,0
16824935240,-10.2338,0,0
16824935263,12.871,0,0
16836748953,4.6906,0,0
16836748964,-14.0133,0,0
16836748983,-79.4454,0,0
16836748999,-15.3532,0,0
16890710222,10.9597,0,0
16890710244,28.4812,0,0
16890710295,-17.394,0,0
16890710310,-8.37100000000001,0,0
16890710321,-7.191,0,0
16916874396,8.58799999999999,0,0
16916874413,-14.077,0,0
16940116377,1.88300000000001,0,0
16940116392,-2.566,0,0
16954009395,0.909999999999997,0,0
16954009418,2.80099999999999,0,0
17015282763,6.71600000000001,0,0
17015282787,-9.93899999999999,0,0
17015282820,-15.728,0,0
17015282849,12.137,0,0
17116905047,16.6884,0,0
17116905054,-1.95502,0,0
17116905080,87.50718,0,0
17116905097,45.68818,0,0
17116905110,22.28616,0,0
17135675496,15.21515,0,0
17168889493,38.40914,0,0
17168889520,4.18616,0,0
17168889545,13.00236,0,0
17168889594,20.24385,0,0
16662561000,19.574,0,0
16662561051,-9.05599999999998,0,0
16662561106,5.83300000000003,0,0
16662561144,16.046,0,0
16683638080,16.621,0,0
16758145467,5.529,0,0
16758145518,-29.5545,0,0
16785091391,15.1718,0,0
16785091432,-23.7942,0,0
16785091479,22.7624,0,0
16824935265,7.0938,0,0
16836748965,-2.5154,0,0
16890710206,-31.9996,0,0
16890710247,5.4007,0,0
16940116305,-44.7678,0,0
16940116323,11.8372,0,0
16954009419,2.12046,0,0
17015282852,-7.6301,0,0
17015282896,-1.0072,0,0
17060579769,-9.663,0,0
17060579789,-2.5726,0,0
17116905076,-0.572600000000001,0,0
17116905111,2.4472,0,0
17135675510,1.4331,0,0
17168889523,21.6164,0,0
17168889576,5.9034,0,0
17168889608,2.9964,0,0
17233846431,-1.8943,0,0
17233846477,-1.5641,0,0
17246297108,-4.886,0,0
17295188433,-1.9,0,0
17295188475,3.0058,0,0
17295188511,-4.4636,0,0
17295188538,-1.9011,0,0
17345585646,-10.9501,0,0
16607535081,5.78100000000001,0,0
16607535156,11.476,0,0
16662561052,3.64600000000002,0,0
16662561107,5.71800000000002,0,0
16683638036,4.01900000000001,0,0
16683638081,7.608,0,0
16758145468,4.41899999999998,0,0
16785091429,-18.1037,0,0
16785091480,-13.5787,0,0
16824935266,-15.2966,0,0
16836748966,-37.7962,0,0
16836749002,-2.3416,0,0
16890710248,4.3008,0,0
16890710297,-15.5809,0,0
16890710322,-0.6288,0,0
16940116353,-2.59752,0,0
16940116395,-1.65017,0,0
16954009420,4.34983,0,0
17015282790,-3.71967,0,0
17015282853,-0.60302,0,0
17015282897,6.2299,0,0
17060579790,-9.57067,0,0
17116905077,0.2398,0,0
17116905112,3.21806,0,0
17168889474,-2.68315,0,0
17168889524,6.5758,0,0
17168889578,1.15428,0,0
17168889609,5.34298,0,0
17211054112,-1.60877,0,0
17295188357,-1.77875,0,0
17295188434,-3.83038,0,0
17295188476,27.5742,0,0
17295188512,-3.92594,0,0
17345585611,16.65784,0,0
17345585643,5.45587,0,0
16607535082,17.104,0,0
16662561053,-16.114,0,0
16683638011,15.839,0,0
16683638037,6.49700000000001,0,0
16683638082,6.72899999999998,0,0
16758145469,-4.67200000000003,0,0
16785091430,0.396999999999991,0,0
16785091481,-2.58199999999999,0,0
16824935267,-136.466,0,0
16824935305,-4.85599999999999,0,0
16836749003,0.974999999999994,0,0
16890710249,3.30000000000001,0,0
16890710298,-3.77000000000001,0,0
16890710323,3.971,0,0
16916874414,0.931999999999988,0,0
17015282726,2.81399999999999,0,0
16954009421,14.75,0,0
17015282854,25.8919,0,0
17015282898,10.6619,0,0
17060579768,2.0844,0,0
17060579791,6.972,0,0
17116905078,3.70196,0,0
17168889525,0.887499999999999,0,0
17168889577,25.0574,0,0
17168889610,-1.9812,0,0
17246297073,-1.3674,0,0
17233846478,-5.0196,0,0
17246297109,-2.9863,0,0
17295188435,2.0945,0,0
17295188477,-1.9935,0,0
17295188513,-4.277,0,0
17295188539,16.058,0,0
17345585644,-9.0063,0,0
14074648117,16.402087,0,0
14074648118,-8.830708,0,0
14074607135,-10.281118,0,0
14074605821,-0.383812,0,0
14074605822,10.723838,0,0
14074605823,-6.408405,0,0
14074605824,-3.403924,0,0
14074647447,-5.2142,0,0
14074647448,17.4857,0,0
14074646727,43.2449,0,0
14074646728,124.4788,0,0
14074646729,20.7177,0,0
14074646730,17.926,0,0
14074646731,32.2569,0,0
14074646732,9.8977,0,0
14074607009,-11.8023,0,0
14074607010,-36.1012,0,0
14074607011,-8.14230000000001,0,0
14074607012,7.0252,0,0
14074607013,-33.0026,0,0
14074607014,-1.5223,0,0
14073506478,-39.3212,0,0
14073506479,2.9777,0,0
14514929487,-86.4358,0,0
14514929488,24.8671,0,0
14100898037,-3.92230000000001,0,0
14100898038,3.90519999999999,0,0
14111007198,36.9777,0,0
14111007199,-1.9423,0,0
14121570413,10.9359,0,0
14121570414,-0.284099999999995,0,0
14132750980,-1.02419999999999,0,0
14132750981,7.0958,0,0
14150365621,-35.2441,0,0
14150365622,-1.27000000000001,0,0
14160844931,19.59,0,0
14160844932,16.07,0,0
14195546262,4.88,0,0
14195546263,-1.28,0,0
14212529122,1.36000000000001,0,0
14243374307,-5.714,0,0
14280258504,6.345,0,0
14280258505,29.226,0,0
14280258506,-4.873,0,0
14280258507,29.394,0,0
14309750625,18.561,0,0
14331446286,10.291,0,0
14378167105,15.081,0,0
14378167106,-0.745000000000005,0,0
14378167107,-1.297,0,0
14378167108,9.064,0,0
14392731140,5.223,0,0
14435161699,17.3646,0,0
14435161700,7.0248,0,0
14514930680,6.1174,0,0
14514930681,1.40349999999999,0,0
14456980310,2.2251,0,0
14456980311,4.2444,0,0
14496707083,5.2444,0,0
14496707084,7.1037,0,0
14496707085,-13.2138,0,0
14496707086,12.0237,0,0
14510650827,11.6595,0,0
14510650828,2.3768,0,0
14526923092,5.4238,0,0
14526923093,14.0156,0,0
14558553420,-3.54049999999999,0,0
14558553421,3.49039999999999,0,0
14565571356,20.6345,0,0
14565571357,8.4238,0,0
14585594747,2.56229999999999,0,0
14620630186,6.645,0,0
14628420611,13.941,0,0
14628420612,5.569,0,0
14644000905,5.67700000000001,0,0
14644000906,0.829999999999998,0,0
14074647449,-48.7322,0,0
14074647450,9.41419999999999,0,0
14074646733,0.161699999999996,0,0
14074646734,1.1497,0,0
14074646735,4.35169999999999,0,0
14074646736,-0.838300000000004,0,0
14074646737,-13.7583,0,0
14074646738,4.1935,0,0
14074607015,6.1617,0,0
14074607016,0.358900000000006,0,0
14074607017,0.0733000000000033,0,0
14074607018,-15.7865,0,0
14074607019,-2.98650000000001,0,0
14074607020,-5.9616,0,0
14073506481,-2.5128,0,0
14073506482,3.9255,0,0
14073506483,84.046,0,0
14073506484,9.8184,0,0
14088480481,14.3017,0,0
14088480482,-55.0067,0,0
14106117105,29.0984,0,0
14106117106,-3.3377,0,0
14116496554,-120.825,0,0
14116496555,-0.7149,0,0
14127515726,6.0384,0,0
14127515727,0.953500000000005,0,0
14138835867,-1.90649999999999,0,0
14138835868,-2.0103,0,0
14150365624,0.823999999999998,0,0
14160844933,8.59999999999999,0,0
14160844934,3.5373,0,0
14195546264,2.9294,0,0
14195546265,-6.5719,0,0
14212529124,-5.1136,0,0
14249914837,7.0732,0,0
14249914838,9.9715,0,0
14271288761,0.462200000000003,0,0
14271288762,-6.05199999999999,0,0
14271288763,27.949,0,0
14271288764,0.670999999999992,0,0
14301614287,3.76400000000001,0,0
14301614288,11.686,0,0
14301614290,-4.86399999999998,0,0
14324581220,-4.22000000000003,0,0
14324581221,6.822,0,0
14378167109,22.874,0,0
14378167110,-0.137,0,0
14378167111,-3.76100000000002,0,0
14378167112,0.567999999999984,0,0
14384590873,9.61200000000002,0,0
14384590874,11.908,0,0
14514930026,7.79899999999998,0,0
14514930027,12.384,0,0
14435161701,2.666,0,0
14435161702,13.622,0,0
14435161703,5.53399999999999,0,0
14435161704,-0.512,0,0
14470354486,-36.865,0,0
14470354487,13.146,0,0
14470354488,8.02499999999998,0,0
14470354489,4.601,0,0
14496707087,10.914,0,0
14496707088,30.104,0,0
14504686114,32.174,0,0
14504686115,5.06099999999998,0,0
14526923094,-15.266,0,0
14526923095,9.05399999999997,0,0
14558553422,4.762,0,0
14558553423,2.62200000000001,0,0
14558553424,50.947,0,0
14558553425,14.561,0,0
14585594749,2.29199999999997,0,0
14585594750,-2.87400000000002,0,0
14620630187,4.99599999999998,0,0
14620630188,-408.351,0,0
14620630189,-4.81799999999998,0,0
14620630190,7.315,0,0
14636700115,13.306,0,0
14636700116,-7.75099999999998,0,0
14656089864,-6.50200000000001,0,0
14656089865,1.83800000000002,0,0
14703110578,7.77199999999999,0,0
14756593019,11.16,0,0
14774782891,5.77199999999999,0,0
14074647374,-3.107,0,0
14074647375,-5.02500000000001,0,0
14074647376,-2.63800000000001,0,0
14074647377,2.56200000000001,0,0
14074605825,-1.81800000000001,0,0
14074605826,2.352,0,0
14074605827,-1.738,0,0
14074605828,2.392,0,0
14514929477,2.93600000000001,0,0
14514929478,0.323000000000008,0,0
14111007190,2.56200000000001,0,0
14111007191,0.391999999999996,0,0
14121570395,-10.355,0,0
14121570396,-9.41800000000001,0,0
14214397401,-7.37799999999999,0,0
14214397402,1.02099999999999,0,0
14214397403,1.886,0,0
14214397404,9.041,0,0
14155524842,14.966,0,0
14155524843,-3.7353,0,0
14165992952,17.715,0,0
14165992953,-0.751000000000005,0,0
14195546245,3.02000000000001,0,0
14195546246,8.06,0,0
14243374267,-24.945,0,0
14243374268,3.62,0,0
14249914829,-6.79499999999999,0,0
14249914830,8.81999999999999,0,0
14271288739,13.58,0,0
14280258496,1.02000000000001,0,0
14280258497,12.8239,0,0
14301614238,13.7839,0,0
14331446276,-5.315,0,0
14331446277,2.54399999999998,0,0
14378167062,17.494,0,0
14378167063,2.22000000000003,0,0
14378167064,0.171000000000006,0,0
14392731122,11.048,0,0
14392731123,-4.76499999999999,0,0
14496707060,33.709,0,0
14496707061,1.28700000000001,0,0
14456980304,14.24,0,0
14496707062,-3.95,0,0
14496707063,3.14,0,0
14573482567,-21.85,0,0
14726461110,9.56099999999998,0,0
14867959701,-2.37099999999998,0,0
14867959703,4.94400000000002,0,0
14921488278,2.68599999999998,0,0
15037271363,-102.902,0,0
15146831899,5.10700000000003,0,0
15146831918,7.899,0,0
15206500993,7.82799999999997,0,0
15467902358,6.45699999999999,0,0
15638261190,8.07799999999997,0,0
15715084418,3.493,0,0
15841392715,1.39600000000002,0,0
15943642869,-0.326000000000022,0,0
16152170045,-0.494000000000028,0,0
16349736213,4.85399999999998,0,0
16349736230,4.44400000000002,0,0
16468348638,0.00799999999998136,0,0
16544329390,1.35399999999998,0,0
17882472443,-7.67511,0,0
17901259861,-1.63171,0,0
18009745674,-1.65171,0,0
18052008901,-5.5732,0,0
18089366192,-0.5459,0,0
18124433725,-51.72649,0,0
18124433761,-7.5132,0,0
18196702209,2.048,0,0
18240116593,3.482,0,0
18240116630,3.68000000000001,0,0
18279741005,2.75299999999999,0,0
18395863393,8.168,0,0
17901259864,-3.9332,0,0
17901259911,7.48520000000001,0,0
18009745758,6.3452,0,0
18009745837,18.4594,0,0
18052008986,-35.0732,0,0
18089366260,3.2338,0,0
18169751770,2.19,0,0
18169751826,-2.57900000000001,0,0
18240116595,-4.59700000000001,0,0
18256194267,6.24799999999999,0,0
18338059458,-11.06,0,0
18395863357,0.592999999999989,0,0
18338059512,-15.587,0,0
18395863459,-1.185,0,0
18413433758,1.54900000000001,0,0
18442778579,-2.40100000000001,0,0
18483496159,2.31100000000001,0,0
18534034638,-1.04400000000001,0,0
18586315556,-1.68000000000001,0,0
18586315598,4.83000000000001,0,0
18652625265,-1.749,0,0
18652625303,3.31399999999999,0,0
18690983780,-0.445999999999998,0,0
18750320569,2.73599999999999,0,0
18784646920,2.93200000000002,0,0
18784646970,7.97800000000001,0,0
18897319082,0.598000000000013,0,0
17901259865,13.8662,0,0
18009745677,-0.437299999999993,0,0
18009745773,-60.1036,0,0
18009745838,8.081,0,0
18052008987,-3.9657,0,0
18089366261,-17.1319,0,0
18106065813,-11.0257,0,0
18196702260,-7.13606,0,0
18279740985,-16.39476,0,0
18256194268,88.74739,0,0
18338059513,7.899,0,0
18395863460,11.592,0,0
18413433759,7.43900000000002,0,0
18442778580,-10.677,0,0
18483496160,6.84399999999999,0,0
18534034639,-10.129,0,0
18534034683,1.74099999999999,0,0
18652625304,40.602,0,0
18652625350,-6.46600000000001,0,0
18690983781,1.84699999999998,0,0
18724615672,26.484,0,0
18784646921,24.496,0,0
18784646971,7.49599999999998,0,0
18799202751,2.62400000000002,0,0
17901259829,-1.85290000000001,0,0
18009745619,-1.69240000000001,0,0
18009745678,8.0502,0,0
18009745759,-54.6459,0,0
18052008936,-1.632,0,0
18106065761,-4.80399999999997,0,0
18169751771,0.624000000000024,0,0
18169751827,4.40499999999997,0,0
18196702261,2.00900000000001,0,0
18279740986,0.430999999999983,0,0
18279741006,1.04000000000002,0,0
18279741045,118.887,0,0
18395863358,-2.11000000000001,0,0
18338059514,4.47899999999998,0,0
18395863461,3.65499999999997,0,0
18395863519,1.589,0,0
18413433800,7.28100000000001,0,0
18483496161,9.41899999999998,0,0
18507848821,0.449999999999989,0,0
18534034684,-0.120999999999981,0,0
18586315599,3.44099999999997,0,0
18604664763,6.32600000000002,0,0
18628342660,2.327,0,0
18690983782,18.11,0,0
18724615673,56.41,0,0
18843090270,7.00299999999999,0,0
18799202752,4.94099999999997,0,0
17901259830,7.5287,0,0
17901259871,-9.9795,0,0
18009745679,-0.810900000000004,0,0
18009745760,-40.138,0,0
18089366193,9.2891,0,0
18106065723,5.3879,0,0
18106065762,22.0809,0,0
18124433762,8.2491,0,0
18169751772,-4.71129999999999,0,0
18240116569,5.1893,0,0
18217470820,17.2607,0,0
18296035922,-22.091,0,0
18311652261,18.909,0,0
18338059515,4.005,0,0
18413433801,13.755,0,0
18534034640,6.73400000000001,0,0
18586315557,-82.994,0,0
18586315600,-15.016,0,0
18652625266,8.16300000000001,0,0
18690983723,2.31200000000001,0,0
18690983744,0.230999999999995,0,0
18784646896,26.215,0,0
18750320570,-110.383,0,0
18814703812,32.92,0,0
18784646972,17.04,0,0
18897319083,-5.71600000000001,0,0
17901259831,-23.1446,0,0
17901259866,-3.7082,0,0
18009745680,13.8648,0,0
18009745761,24.0048,0,0
18089366194,19.8297,0,0
18106065724,-1.992,0,0
18169751709,28.268,0,0
18196702197,-3.732,0,0
18196702211,-43.48,0,0
18217470809,10.7,0,0
18256194223,6.55600000000001,0,0
18279740987,7.21100000000001,0,0
18256194269,55.537,0,0
18279741046,2.758,0,0
18296035963,3.137,0,0
18338059516,1.264,0,0
18604664722,-47.303,0,0
18534034641,-288.648,0,0
18534034685,-232.339,0,0
18604664738,-12.969,0,0
18604664764,-4.882,0,0
18652625305,0.536999999999978,0,0
18652625351,-9.88099999999997,0,0
18690983783,-18.907,0,0
18784646922,-13.384,0,0
18784646973,-22.521,0,0
18814703826,-7.39699999999999,0,0
17901259832,-31.4845,0,0
18009745620,-9.3121,0,0
18009745839,-4.8132,0,0
17901259867,5.11969999999999,0,0
17901259912,1.1951,0,0
18009745762,7.25660000000001,0,0
18009745840,-3.7285,0,0
18052008988,6.04170000000001,0,0
18089366262,95.6042,0,0
18169751733,-10.3312,0,0
18169751828,-0.299400000000006,0,0
18217470821,56.6006,0,0
18217470845,-4.4712,0,0
18296035902,12.5111,0,0
18296035923,6.77930000000001,0,0
18395863394,11.3787,0,0
18395863462,-3.5903,0,0
18413433802,-6.177,0,0
18483496162,13.624,0,0
18507848822,-13.399,0,0
18534034686,3.426,0,0
18604664739,4.318,0,0
18604664765,19.266,0,0
18628342661,-19.282,0,0
18652625352,3.086,0,0
18690983784,4.035,0,0
18724615674,-21.581,0,0
18750320608,10.675,0,0
18784646974,1.614,0,0
18799202753,88.359,0,0
18814703844,6.955,0,0
18843090318,4.975,0,0
18897319123,6.064,0,0
18897319147,1.968,0,0
18973260583,-3.192,0,0
18973260605,4.671,0,0
19033909971,16.717,0,0
19033910001,3.053,0,0
19033910014,-7.391,0,0
18106065711,-37.8686,0,0
18169751734,24.16,0,0
18106065726,-93.178,0,0
18106065764,-0.881900000000002,0,0
18169751736,-0.900899999999993,0,0
18169751773,3.1687,0,0
18240116571,5.4046,0,0
18240116597,-2.6953,0,0
18296035904,13.605,0,0
18296035925,5.684,0,0
18395863466,2.294,0,0
18442778566,14.155,0,0
18483496113,3.855,0,0
18534034615,21.211,0,0
18534034643,15.261,0,0
18586315558,-14.669,0,0
18586315604,1.188,0,0
18652625268,0.840999999999994,0,0
18652625307,-1.402,0,0
18690983746,2.262,0,0
18724615640,0.483999999999995,0,0
18784646903,10.781,0,0
18784646923,2.961,0,0
18784646976,-9.64,0,0
18814703829,-5.959,0,0
18897319089,0.403999999999996,0,0
18973260545,-4.51600000000001,0,0
18897319124,3.81399999999999,0,0
18973260566,-9.202,0,0
19033909972,7.568,0,0
19033910002,23.751,0,0
19107828737,5.714,0,0
24143139933,-17.887,0,0
24143139954,-14.216,0,0
24143139959,-17.251,0,0
24143139983,-14.106,0,0
24153664035,-16.396,0,0
24164982462,-14.159,0,0
24164982467,-14.566,0,0
24164982482,-17.275,0,0
24179012073,-14.216,0,0
24184523487,-15.148,0,0
24184523492,-15.978,0,0
24184523517,-13.862,0,0
24204680072,-18.942,0,0
24204680085,-15.028,0,0
24204680089,-16.942,0,0
24223102868,-21.203,0,0
24237726146,-17.028,0,0
24252430370,-18.238,0,0
24237726171,-19.723,0,0
24252430390,-15.575,0,0
24254461747,-10.54,0,0
24292361844,-18.095,0,0
24292361845,-16.862,0,0
24283328551,-15.37,0,0
24292361851,-18.226,0,0
24292361872,-18.35,0,0
24292361875,-0.165999999999997,0,0
24297393607,-25.446,0,0
24300154536,-19.331,0,0
24305513751,-14.932,0,0
24305513754,-2.288,0,0
24317200447,-15.061,0,0
24363375453,-30.564,0,0
24363375457,-17.839,0,0
24363375476,-14.553,0,0
24376899888,-26.032,0,0
24376899905,-22.07,0,0
24376899907,-20.964,0,0
24556316776,-21.545,0,0
24556316779,-15.999,0,0
24556316798,-120.925,0,0
24556316802,-23.093,0,0
24699947528,-25.145,0,0
24699947531,-25.809,0,0
24726282603,-31.1881,0,0
24143139932,-15.785,0,0
24143139953,-12.616,0,0
24143139958,-15.818,0,0
24143139982,-16.622,0,0
24153664034,-16.956,0,0
24164982461,-14.868,0,0
24164982466,-13.706,0,0
24164982481,-19.057,0,0
24179012072,-14.251,0,0
24184523486,-16.855,0,0
24184523491,-18.809,0,0
24184523516,-12.906,0,0
24204680071,-15.016,0,0
24204680084,-13.471,0,0
24204680088,-25.813,0,0
24223102867,-20.096,0,0
24237726145,-15.279,0,0
24237726165,-14.582,0,0
24252430389,-21.035,0,0
24254461746,-11.017,0,0
24254461753,-19.2,0,0
24254461756,-10.955,0,0
24283328550,-30.709,0,0
24292361850,-17.771,0,0
24292361871,-20.67,0,0
24292361874,-39.2,0,0
24297393606,-21.178,0,0
24300154535,-25.226,0,0
24305513750,-19.41,0,0
24305513753,-20.147,0,0
24363375452,-31.83,0,0
24363375475,-32.40957,0,0
24376899887,-39.622499,0,0
24556316775,-29.28273,0,0
24556316797,-38.15925,0,0
24556316801,-29.48616,0,0
24556316819,-23.02046,0,0
24699947518,-30.26658,0,0
24699947527,-31.79537,0,0
24699947530,-28.95134,0,0
24143139934,-4.417,0,0
24143139955,-19.307,0,0
24143139960,-15.305,0,0
24143139984,-13.07,0,0
24153664036,-15.569,0,0
24164982463,-16.5,0,0
24164982468,-5.526,0,0
24164982483,-37.982,0,0
24179012074,-8.52500000000001,0,0
24184523488,-19.837,0,0
24184523493,-5.501,0,0
24184523518,-17.219,0,0
24204680073,-14.469,0,0
24204680086,-15.276,0,0
24204680090,-14.138,0,0
24237726144,-24.21,0,0
24237726147,-13.231,0,0
24237726166,-18.018,0,0
24237726172,-19.025,0,0
24252430391,-17.99,0,0
24254461748,-19.163,0,0
24254461754,-17.151,0,0
24254461757,-18.006,0,0
24283328552,-21.216,0,0
24292361852,-18.819,0,0
24297393586,-20.231,0,0
24297393587,-16.915,0,0
24297393608,-15.014,0,0
24300154537,-16.915,0,0
24363375445,-2.218,0,0
24363375454,32.8162,0,0
24363375458,-17.7698,0,0
24363375477,-32.8351,0,0
24376899889,-40.5438,0,0
24376899906,-24.8155,0,0
24376899908,-37.3953,0,0
24556316777,-18.8155,0,0
24556316780,-72.717,0,0
24556316803,-17.2754,0,0
24556316821,-18.6977,0,0
24637177512,-4.7358,0,0
24699947529,-17.0803,0,0
24699947532,-81.685,0,0
24143139935,-18.224,0,0
24143139956,-13.383,0,0
24143139961,-14.795,0,0
24143139985,-17.117,0,0
24153664037,-15.423,0,0
24164982464,-17.423,0,0
24164982469,-12.41,0,0
24179012071,-17.778,0,0
24179012075,-11.31,0,0
24184523489,-14.464,0,0
24184523494,-15.272,0,0
24223102849,-28.375,0,0
24223102850,-33.529,0,0
24223102869,-13.215,0,0
24252430392,-17.008,0,0
24252430393,-28.718,0,0
24254461755,-27.228,0,0
24254461758,-38.741,0,0
24283328553,-27.745,0,0
24292361853,-307.184,0,0
24292361873,-38.187,0,0
24292361876,-20.347,0,0
24297393609,-31.021,0,0
24305513743,-45.373,0,0
24305513752,8.89600000000002,0,0
24305513755,-22.187,0,0
24305513768,-20.552,0,0
24317200450,-109.613,0,0
24363375455,-224.263,0,0
24363375459,-33.845,0,0
24363375478,-31.224,0,0
24438688137,-30.042,0,0
24438688153,-29.5551,0,0
24556316800,-33.5166,0,0
24556316804,-43.5404,0,0
24637177511,-32.555,0,0
24637177513,-31.5166,0,0
24637177521,-34.5165,0,0
24699947533,-28.5881,0,0
24726282602,-31.5385,0,0
24143139936,-17.747,0,0
24143139957,-13.7,0,0
24143139962,-14.727,0,0
24143139986,-13.763,0,0
24164982456,-13.759,0,0
24164982465,0.337000000000003,0,0
24164982470,-15.839,0,0
24164982484,-19.12,0,0
24179012076,-20.756,0,0
24184523490,-16.094,0,0
24184523495,-10.792,0,0
24184523520,-22.04,0,0
24204680075,-16.03,0,0
24204680087,-10.465,0,0
24204680091,-15.77,0,0
24223102870,-21.54,0,0
30074860902,-14.561,0,0
30074860903,-4.629,0,0
30074860906,-23.988,0,0
30074860909,-18.173,0,0
30074860904,-17.186,0,0
30074860907,-14.452,0,0
30074860910,-18.811,0,0
30235526318,-7.751,0,0
30235526320,-10.571,0,0
30235526322,-8.571,0,0
30235526327,-9.364,0,0
30235526332,-16.884,0,0
30235526337,-34.251,0,0
30274196665,-69.578,0,0
30274196670,-24.944,0,0
30274196674,-15.546,0,0
30274196678,-43.344,0,0
30274196682,-1.991,0,0
30274196686,-17.484,0,0
30289447195,2.576,0,0
30289447200,-12.16,0,0
30289447205,-14.344,0,0
30289447210,-9.444,0,0
30289447215,-32.541,0,0
30289447220,0.680999999999997,0,0
30289447223,-11.663,0,0
30289447228,-18.663,0,0
30311757183,-5.54,0,0
30311757188,-23.386,0,0
30343576376,-25.535,0,0
30343576379,-6.47,0,0
30343576386,-18.51,0,0
30343576398,-14.173,0,0
30343576405,-12.406,0,0
30343576417,-14.256,0,0
30343576420,-49.402,0,0
30343576425,-12.066,0,0
30343576430,-19.469,0,0
30343576439,25.81,0,0
30343576447,12.837,0,0
30345319752,-26.5782,0,0
30345319753,-33.6202,0,0
30351192501,-14.1295,0,0
30074860911,41.399,0,0
30074860913,-17.035,0,0
30074860916,-18.393,0,0
30235526323,-18.473,0,0
30235526328,-22.961,0,0
30235526333,-15.132,0,0
30235526338,-9.998,0,0
30274196666,-9.62,0,0
30274196671,-24.929,0,0
30274196675,-15.931,0,0
30274196679,-17.611,0,0
30274196683,-26.871,0,0
30274196688,-13.614,0,0
30289447196,-21.62,0,0
30289447201,-27.62,0,0
30289447206,-51.025,0,0
30289447211,-16.21,0,0
30289447216,-14.21,0,0
30289447218,-16.25,0,0
30289447224,-8.614,0,0
30289447229,-60.931,0,0
30311757184,-10.434,0,0
30311757189,-24.726,0,0
30311757192,-15.434,0,0
30343576399,-16.2696,0,0
30343576406,-18.19,0,0
30343576412,-20.23,0,0
30343576436,-85.5503,0,0
30343576440,13.6918,0,0
30343576442,-24.4955,0,0
30343576446,-25.5284,0,0
30343576448,-24.5719,0,0
30343576451,-38.5009,0,0
30343576454,-28.4555,0,0
30343576455,-54.692,0,0
30343576456,-97.6008,0,0
30351192497,27.3616,0,0
30351192498,-61.752,0,0
30351192502,8.368,0,0
30351192507,-24.4555,0,0
30351192508,-51.4175,0,0
30351192509,-14.4555,0,0
30351192510,-72.6719,0,0
30074860908,-11.21,0,0
30074860912,-22.248,0,0
30074860914,-5.075,0,0
30074860917,-16.679,0,0
30235526324,-15.563,0,0
30235526329,-12.974,0,0
30235526334,-24.818,0,0
30235526339,91.387,0,0
30274196667,13.025,0,0
30274196672,-1.975,0,0
30274196676,-20.006,0,0
30274196684,8.511,0,0
30274196687,-18.485,0,0
30289447197,-17.997,0,0
30289447202,-28.055,0,0
30289447207,-19.965,0,0
30289447212,-27.335,0,0
30311757180,-15.696,0,0
30311757181,-26.708,0,0
30289447221,-10.785,0,0
30289447225,-21.825,0,0
30311757182,-19.905,0,0
30311757196,-22.645,0,0
30311757199,-28.462,0,0
30311757201,-24.983,0,0
30343576400,-94.467,0,0
30343576407,-17.471,0,0
30343576413,-138.734,0,0
30343576422,-7.37799999999999,0,0
30343576427,-73.678,0,0
30343576432,-23.155,0,0
30343576441,-12.9,0,0
30345319742,-25.301,0,0
30345319743,-27.454,0,0
30343576449,-71.454,0,0
30343576452,-24.316,0,0
30345319746,-49.454,0,0
30345319748,-62.617,0,0
30351192503,-64.642,0,0
30351192506,18.3945,0,0
30235526317,-15.306,0,0
30235526319,-15.04,0,0
30235526321,-5.877,0,0
30235526325,-24.064,0,0
30235526331,-18.358,0,0
30235526336,21.005,0,0
30274196664,-8.238,0,0
30274196669,-62.067,0,0
30274196673,-32.238,0,0
30274196677,-30.845,0,0
30274196681,-23.999,0,0
30274196685,34.128,0,0
30289447194,-24.362,0,0
30289447199,-69.552,0,0
30289447204,2.602,0,0
30289447209,-5.53400000000001,0,0
30289447214,-14.906,0,0
30289447217,-13.166,0,0
30289447219,-11.086,0,0
30289447222,-75.887,0,0
30289447227,-8.02500000000001,0,0
30289447231,-23.145,0,0
30311757187,-6.145,0,0
30311757191,-27.133,0,0
30343576381,-52.235,0,0
30343576385,-15.122,0,0
30343576388,-14.884,0,0
30343576402,-15.435,0,0
30343576409,-14.544,0,0
30343576415,-18.544,0,0
30343576424,-17.766,0,0
30343576429,-13.561,0,0
30343576434,-15.561,0,0
30343576438,-58.492,0,0
30343576443,-52.957,0,0
30345319744,-0.471000000000004,0,0
30345319745,-13.211,0,0
30345319749,-13.509,0,0
30351192499,-16.55,0,0
30351192500,-6.55,0,0
30354499613,-38.879,0,0
30354499614,-71.033,0,0
30354499615,-11.82,0,0
30354499616,107.858,0,0
30354499617,-20.823,0,0
30354499618,-11.823,0,0
30362746146,4.93199999999999,0,0
30362746147,-29.742,0,0
30362746148,-12.704,0,0
30362746149,1.25800000000001,0,0
30362746150,-10.012,0,0
30362746151,-18.779,0,0
30362746152,-9.12200000000001,0,0
30362746153,-16.74,0,0
30488772532,-51.723,0,0
30488772533,-28.664,0,0
30488772534,-20.145,0,0
30488772535,-209.399,0,0
30488772536,-26.706,0,0
30488772537,-16.511,0,0
30735470702,-21.12,0,0
30735470793,-17.759,0,0
30735470794,-12.079,0,0
30735470816,-30.193,0,0
30735470882,-15.078,0,0
30735470883,-18.223,0,0
30735470885,-20.158,0,0
30735470890,-32.014,0,0
30735470891,-28.123,0,0
30735470893,-24.755,0,0
30735470898,-32.472,0,0
30735470899,-15.913,0,0
30735470901,-22.553,0,0
30735470907,-14.424,0,0
30735470908,-20.071,0,0
30735470910,-18.57,0,0
31029517350,-14.749,0,0
31029517351,-6.688,0,0
31029517353,-20.635,0,0
31029517356,-29.09,0,0
31029517357,-15.701,0,0
31029517358,-31.816,0,0
31108291507,-7.368,0,0
31108291508,19.081,0,0
31108291509,-19.953,0,0
31108291510,-23.683,0,0
31270573886,-23.443,0,0
31270573887,-24.358,0,0
31270573888,-17.463,0,0
31270573896,-23.088,0,0
35655214042,-0.799,0,0
35655214043,-13.642,0,0
35655214044,-15.539,0,0
35655214046,-15.23,0,0
36054973307,-16.405,0,0
36054973309,-19.313,0,0
36054973311,-16.42,0,0
36054973313,-15.524,0,0
36102798169,-11.561,0,0
36102798173,-19.561,0,0
36102798177,-50.945,0,0
36102798180,-12.739,0,0
36102798184,-27.493,0,0
36102798187,-4.023,0,0
36143805753,-27.263,0,0
36143805755,-12.219,0,0
36143805758,-13.762,0,0
36143805762,-17.935,0,0
36143805768,-19.259,0,0
36143805772,-22.234,0,0
36187663491,-18.352,0,0
36187663496,-14.752,0,0
36187663500,-13.795,0,0
36187663506,-16.795,0,0
36187663509,7.396,0,0
36187663513,-21.001,0,0
36187663516,-21.001,0,0
36187663520,-12.793,0,0
36187663523,-14.415,0,0
36187663526,-20.291,0,0
36309742091,-9.53400000000001,0,0
36309742096,-17.007,0,0
36309742098,-17.999,0,0
36338056327,-27.436,0,0
36338056333,-21.436,0,0
36338056347,-51.4,0,0
36338056351,-16.251,0,0
36338056370,-29.011,0,0
36338056389,-30.011,0,0
36338056408,-24.929,0,0
36355950687,-32.112,0,0
36355950698,-40.332,0,0
36380458417,-19.58,0,0
36380458418,-37.058,0,0
36380458420,-30.364,0,0
36380458427,-29.861,0,0
36380458435,-31.392,0,0
36380458445,-27.941,0,0
36380458464,-31.644,0,0
36380458483,-34.601,0,0
36595292300,-48.628,0,0
36595292302,-38.808,0,0
36595292307,-22.919,0,0
36595292320,-24.041,0,0
36642387948,-22.644,0,0
36642387949,-25.364,0,0
36642387950,-28.544,0,0
36642387951,-29.941,0,0
36642387953,-29.821,0,0
36642387957,-19.808,0,0
36642387975,-29.808,0,0
36642387989,-18.692,0,0
36642388008,-30.352,0,0
36642388027,-27.096,0,0
36642388046,-20.692,0,0
36642388065,-26.576,0,0
36642388084,-30.032,0,0
36642388102,-20.864,0,0
36642388130,-30.864,0,0
36642388148,-20.771,0,0
36642388164,-20.617,0,0
36642388233,270.65376,0,0
36642388251,-26.34635,0,0
36642388267,-16.30738,0,0
36642388284,-44.46854,0,0
36748089460,-27.36738,0,0
36748089463,-27.30635,0,0
36748089468,-25.29418,0,0
36748089484,-35.2763,0,0
36748089504,-42.3163,0,0
36748089520,41.58886,0,0
36933939214,-41.42425,0,0
36933939217,-22.42699,0,0
36933939223,-26.58929,0,0
36933939239,-33.55079,0,0
36933939255,-30.55079,0,0
36933939269,-7.46425,0,0
36933939291,-31.42699,0,0
36933939303,-28.30209,0,0
36933939338,-37.37125,0,0
36933939348,-44.35125,0,0
37095716013,-4.39114,0,0
37095716014,-28.73023,0,0
37095716018,-36.71023,0,0
37095716029,-31.71023,0,0
37095716039,-47.41114,0,0
37095716047,-31.51114,0,0
37189685599,-30.56425,0,0
37189685600,-33.41114,0,0
37260946512,-39.46425,0,0
37189685602,-16.59471,0,0
37260946513,-31.98559,0,0
37260946516,-36.51719,0,0
37298815519,-37.43012,0,0
37298815524,-36.01364,0,0
37298815530,-29.9872,0,0
37298815541,-38.26706,0,0
37349173511,-24.43173,0,0
37349173512,-51.00211,0,0
37349173514,-35.09281,0,0
37349173517,-24.16563,0,0
37392449413,-32.85013,0,0
37392449414,-39.14172,0,0
37449098901,-18.96035,0,0
37449098902,-33.31599,0,0
37449098903,-24.23945,0,0
37449098905,-27.24777,0,0
37449098914,-21.19649,0,0
37449098925,-29.40181,0,0
37498773860,-25.99057,0,0
37498773862,-6.99536,0,0
37498773868,-32.33792,0,0
37498773906,-35.14982,0,0
37533441172,-28.07813,0,0
37533441174,-32.99665,0,0
37635720383,-48.98867,0,0
37635720391,-14.01393,0,0
37635720447,-21.09281,0,0
37635720539,-26.02374,0,0
35586109587,-9.793,0,0
35586109588,-14.44,0,0
35586109590,-22.367,0,0
35586109592,-15.561,0,0
36309742078,-28.069,0,0
36309742108,-21.423,0,0
36309742119,-24.198,0,0
36309742130,-31.882,0,0
36338056354,-24.277,0,0
36338056373,-23.643,0,0
36338056392,-27.497,0,0
36355950701,-25.047,0,0
36355950719,-25.434,0,0
36355950737,-25.35,0,0
36380458422,-24.164,0,0
36380458429,-24.206,0,0
36380458437,-27.126,0,0
36380458448,-18.448,0,0
36380458467,-26.508,0,0
36380458486,-27.538,0,0
36380458502,-23.826,0,0
36380458518,-34.131,0,0
36595292310,-26.062,0,0
36595292323,-17.131,0,0
36595292340,-26.459,0,0
36595292356,-25.488,0,0
36595292372,-21.5995,0,0
36595292387,-23.253,0,0
36595292400,-24.791,0,0
36595292414,-25.8322,0,0
36595292422,-22.627,0,0
36595292429,-24.6308,0,0
36642387992,-24.7567,0,0
36642388011,-48.0545,0,0
36642388030,-22.0145,0,0
36642388049,-16.9115,0,0
36642388068,-25.7286,0,0
36642388087,-26.6486,0,0
36642388105,-13.5886,0,0
36642388120,-20.8315,0,0
36642388133,-29.083,0,0
36642388151,-17.9515,0,0
36642388167,-24.7286,0,0
36642388183,-27.9515,0,0
36642388200,-17.6486,0,0
36642388218,-23.9115,0,0
36748089464,-21.1496,0,0
36748089471,-28.1395,0,0
36748089487,-20.0968,0,0
36748089499,-24.0746,0,0
36748089507,-39.1162,0,0
36748089523,-20.0332,0,0
36748089538,-28.0707,0,0
36933939218,-27.0907,0,0
36933939226,-18.1923,0,0
36933939242,-24.241,0,0
36933939257,-24.241,0,0
36933939271,-18.9627,0,0
36933939283,-26.9443,0,0
36933939293,-27.8676,0,0
36933939305,-13.8825,0,0
36933939316,-18.9446,0,0
36933939327,-27.9451,0,0
36933939339,-15.9366,0,0
36933939349,-30.9269,0,0
36933939359,-25.8917,0,0
36933939370,-20.9365,0,0
37095716019,-26.9427,0,0
37095716030,-17.926,0,0
37095716040,-21.0668,0,0
37095716048,-19.051,0,0
37095716057,-27.0989,0,0
37095716067,-17.0923,0,0
37095716079,-23.0396,0,0
37095716090,-29.0396,0,0
37160396030,-21.3888,0,0
37160396032,-25.1452,0,0
37160396035,-28.1642,0,0
37160396045,-22.1212,0,0
37160396056,-29.1212,0,0
37160396066,-25.0546,0,0
37160396076,-24.0889,0,0
37160396087,-27.0396,0,0
37160396096,-23.0396,0,0
37160396106,-26.2089,0,0
37160396116,-24.0889,0,0
37160396125,-22.0196,0,0
37214693713,-23.0596,0,0
37214693715,-18.0263,0,0
37214693717,-26.1644,0,0
37214693726,-22.8736,0,0
37260946539,-24.0009,0,0
37260946556,-25.1416,0,0
37260946566,-22.1157,0,0
37260946570,-26.164,0,0
37298815578,-25.8361,0,0
37298815591,-24.1813,0,0
37349173536,-25.1186,0,0
37349173545,-30.174,0,0
37392449419,-22.0874,0,0
37392449429,-25.0396,0,0
37392449438,-21.1416,0,0
37392449440,-30.1884,0,0
37498773859,-21.1684,0,0
37498773861,-22.0957,0,0
37498773863,-31.1584,0,0
37498773869,-24.0609,0,0
37498773908,-23.2056,0,0
37498773985,-25.1068,0,0
37498774060,-20.9284,0,0
37498774119,-28.9098,0,0
37533441210,-25.2009,0,0
37533441274,-23.6511,0,0
37575912427,-20.5621,0,0
37575912473,-6.534,0,0
37635720385,-22.4875,0,0
37635720393,-29.6571,0,0
37635720450,-30.6571,0,0
37635720542,-22.1025,0,0
35586109589,15.847,0,0
35586109591,19.22,0,0
35586109593,9.278,0,0
35586109594,7.509,0,0
35655214053,10.026,0,0
35655214067,4.974,0,0
35999780198,12.425,0,0
35999780199,9.29,0,0
36102798165,6.992,0,0
36102798168,11.166,0,0
36102798172,2.992,0,0
36102798176,12.307,0,0
36102798179,6.829,0,0
36102798183,17.706,0,0
36143805751,10.176,0,0
36143805752,16.305,0,0
36143805754,7.345,0,0
36143805757,13.495,0,0
36143805761,8.653,0,0
36143805767,13.869,0,0
36143805771,14.709,0,0
36143805776,3.574,0,0
36187663492,10.866,0,0
36187663495,28.873,0,0
36187663499,13.471,0,0
36187663505,14.652,0,0
36187663508,7.294,0,0
36187663512,193.597,0,0
36338056326,33.761,0,0
36338056332,-7.007,0,0
36338056338,3.453,0,0
36338056350,7.806,0,0
36338056369,-12.947,0,0
36338056388,22.242,0,0
36338056407,7.627,0,0
36338056425,-0.727000000000004,0,0
36338056456,-2.547,0,0
36338056460,15.751,0,0
36355950686,5.804,0,0
36355950697,0.965999999999994,0,0
36355950716,4.276,0,0
36355950734,-0.447999999999993,0,0
36380458419,11.831,0,0
36380458426,-0.233999999999995,0,0
36380458434,1.871,0,0
36380458444,36.58,0,0
36380458463,10.633,0,0
36380458482,25.305,0,0
36380458499,18.954,0,0
36380458516,-19.461,0,0
36595292306,-0.986999999999995,0,0
36595292319,-1.95399999999999,0,0
36595292337,21.719,0,0
36595292353,8.526,0,0
36595292370,-24.954,0,0
36595292385,-2.961,0,0
36642387952,-14.888,0,0
36642387956,22.541,0,0
36642387974,14.086,0,0
36642387988,-5.039,0,0
36642388007,13.881,0,0
36642388026,9.40300000000001,0,0
36642388045,-2.009,0,0
36642388064,-17.592,0,0
36642388083,-26.61,0,0
36642388101,8.75,0,0
36642388129,2.678,0,0
36642388147,-1.22,0,0
36642388163,19.928,0,0
36642388179,11.422,0,0
36642388196,0.744,0,0
36642388214,2.83499999999999,0,0
36642388232,4.539,0,0
36642388250,15.778,0,0
36642388266,-7.022,0,0
36642388283,29.218,0,0
36642388300,21.038,0,0
36642388314,-13.352,0,0
36748089467,3.928,0,0
36748089483,19.479,0,0
36748089503,-5.641,0,0
36748089519,15.579,0,0
36748089535,5.379,0,0
36748089548,4.499,0,0
36933939222,13.539,0,0
36933939238,-29.692,0,0
36933939254,-0.274000000000001,0,0
36933939268,0.132999999999996,0,0
36933939282,-3.714,0,0
36933939290,2.099,0,0
36933939302,21.111,0,0
36933939315,-104.694,0,0
36933939326,-3.535,0,0
36933939337,21.643,0,0
36933939357,36.439,0,0
36933939368,4.46599999999999,0,0
37095716017,-16.334,0,0
37095716028,21.666,0,0
37095716038,159.27,0,0
37095716046,8.34,0,0
37095716055,-6.595,0,0
37095716077,68.469,0,0
37160396031,8.97499999999999,0,0
37160396054,9.881,0,0
37160396114,-8.5244,0,0
36309742074,-5.039,0,0
36309742076,-11.399,0,0
36309742079,-13.127,0,0
36309742115,-25.289,0,0
36309742126,-22.482,0,0
36309742134,-41.829,0,0
36338056366,-31.547,0,0
36338056385,-27.486,0,0
36338056422,-7.82100000000003,0,0
36338056439,-3.87,0,0
36338056458,-52.878,0,0
36338056473,-35.972,0,0
36338056493,-22.277,0,0
36355950713,-36.28,0,0
36355950731,-90.664,0,0
36355950748,-25.18,0,0
36355950762,-27.202,0,0
36355950773,-8.59199999999998,0,0
36355950780,0.257999999999981,0,0
36380458460,-18.035,0,0
36380458479,68.915,0,0
36595292299,-38.043,0,0
36595292301,-9.21199999999999,0,0
36380458529,-29.35,0,0
36380458536,-42.749,0,0
36595292334,-109.427,0,0
36595292367,-24.269,0,0
36595292382,-24.653,0,0
36595292396,-25.653,0,0
36595292411,-22.495,0,0
36595292420,-67.877,0,0
36642387986,-47.158,0,0
36642388004,13.756,0,0
36642388023,-20.068,0,0
36642388042,-41.635,0,0
36642388061,-22.355,0,0
36642388080,-317.313,0,0
36642388098,-57.452,0,0
36642388117,-17.215,0,0
36642388144,-26.094,0,0
36642388160,-19.889,0,0
36642388176,-32.845,0,0
36642388191,-34.885,0,0
36642388211,-18.992,0,0
36642388229,-29.872,0,0
36642388247,-27.912,0,0
36642388263,-20.682,0,0
36642388280,-29.662,0,0
36642388297,-24.602,0,0
36642388311,-24.765,0,0
36642388325,-30.751,0,0
36748089480,-36.751,0,0
36748089496,-15.623,0,0
36748089516,-24.086,0,0
36748089532,-9.97800000000001,0,0
36933939215,13.583,0,0
36933939235,-24.929,0,0
36933939251,-33.03,0,0
36933939264,-24.018,0,0
36933939279,-17.338,0,0
36933939288,-62.613,0,0
36933939312,-46.665,0,0
36933939323,-22.063,0,0
36933939334,-44.704,0,0
36933939346,-20.845,0,0
36933939355,-35.889,0,0
36933939366,-33.965,0,0
36933939376,1.18700000000001,0,0
37095716026,-12.102,0,0
37095716036,-14.75,0,0
37095716045,-35.102,0,0
37095716053,-44.302,0,0
37095716064,-41.243,0,0
37095716074,-21.901,0,0
37160396033,-7.22,0,0
37160396042,-32.69,0,0
37160396052,-23.707,0,0
37160396063,-63.212,0,0
37160396073,-5.898,0,0
37160396083,-31.326,0,0
37160396103,-35.662,0,0
37160396122,-39.898,0,0
37160396131,-16.662,0,0
37189685613,-33.183,0,0
37189685622,-32.521,0,0
37260946519,11.187,0,0
37260946563,-23.442,0,0
37260946569,-26.279,0,0
37260946572,-29.612,0,0
36309742075,-7.144,0,0
36309742077,-0.396000000000001,0,0
36309742080,-13.238,0,0
36309742116,-29.206,0,0
36309742127,-25.526,0,0
36309742135,-31.143,0,0
36338056367,-28.339,0,0
36338056386,-24.034,0,0
36338056405,-37.454,0,0
36338056423,-17.897,0,0
36338056440,-33.143,0,0
36338056455,-17.034,0,0
36338056474,-29.034,0,0
36338056487,-34.093,0,0
36355950695,-30.366,0,0
36355950714,-29.822,0,0
36355950732,-26.822,0,0
36380458425,-4.65100000000001,0,0
36380458432,-30.757,0,0
36380458442,-29.182,0,0
36380458461,-55.195,0,0
36380458480,-21.671,0,0
36380458496,-33.671,0,0
36380458514,-41.623,0,0
36380458530,-22.623,0,0
36595292317,-27.263,0,0
36595292335,-31.163,0,0
36595292351,-20.806,0,0
36595292368,-28.726,0,0
36595292383,-32.806,0,0
36595292397,-36.726,0,0
36595292412,-28.646,0,0
36595292421,-24.089,0,0
36595292427,-23.103,0,0
36595292433,-34.109,0,0
36642388005,-23.049,0,0
36642388024,-31.109,0,0
36642388043,-25.129,0,0
36642388062,-33.277,0,0
36642388081,-41.837,0,0
36642388099,-32.177,0,0
36642388118,-23.506,0,0
36642388127,-26.615,0,0
36642388145,-31.301,0,0
36642388161,-25.802,0,0
36642388177,-39.34,0,0
36642388192,-36.802,0,0
36642388212,-36.487,0,0
36642388230,4.75900000000001,0,0
36642388248,-76.671,0,0
36642388264,-33.907,0,0
36642388281,-32.867,0,0
36642388298,-33.157,0,0
36642388312,-55.112,0,0
36642388326,-26.231,0,0
36748089481,-226.672,0,0
36748089497,-20.393,0,0
36748089517,-29.393,0,0
36748089533,-24.595,0,0
36748089547,-28.831,0,0
36748089557,-26.795,0,0
36933939236,-28.209,0,0
36933939252,-22.249,0,0
36933939265,-27.723,0,0
36933939280,-26.452,0,0
36933939289,-31.552,0,0
36933939300,-29.552,0,0
36933939313,-2.32400000000001,0,0
36933939324,-35.396,0,0
36933939335,-42.295,0,0
36933939347,-41.961,0,0
36933939356,-3.78100000000001,0,0
36933939367,-61.859,0,0
36933939377,-25.804,0,0
36933939378,-38.253,0,0
37095716065,-46.696,0,0
37095716075,-19.896,0,0
37095716088,-25.996,0,0
37095716098,-28.934,0,0
37160396053,-9.96848,0,0
37160396064,-24.89469,0,0
37160396074,-31.3423,0,0
37160396084,-33.4274,0,0
37160396094,-36.7356,0,0
37160396104,-38.5354,0,0
37160396113,-26.5486,0,0
37160396123,-28.8336,0,0
37160396132,-82.2443,0,0
37189685614,-36.8286,0,0
37189685623,-29.9566,0,0
37260946520,-29.5333,0,0
37260946530,-35.8539,0,0
37260946546,-33.9217,0,0
37260946564,-25.9143,0,0
37298815547,-32.811,0,0
37298815565,-34.0881,0,0
37298815584,-35.8139,0,0
37298815596,-33.8564,0,0
37349173525,-30.8415,0,0
37349173534,-62.88,0,0
37349173543,-35.807,0,0
37349173552,-40.8297,0,0
37392449426,-25.8186,0,0
37392449436,-38.9217,0,0
37449098912,-49.6986,0,0
37449098921,-26.8977,0,0
37449098933,-30.8647,0,0
37449098976,-33.6701,0,0
37449099024,-37.8573,0,0
37449099094,-33.8238,0,0
37498773914,-35.8615,0,0
37498773991,-43.9686,0,0
37498774067,-35.0688,0,0
37498774126,-31.8166,0,0
37575912434,-30.679,0,0
37575912479,-35.6831,0,0
35586110039,-21.816,0,0
35586110042,-24.64,0,0
35586110044,-17.879,0,0
35586110046,-24.885,0,0
35586110051,-15.538,0,0
36309742081,-15.029,0,0
36309742120,-10.085,0,0
36309742131,-19.538,0,0
36338056355,-24.473,0,0
36338056374,-12.606,0,0
36338056393,-15.366,0,0
36338056411,-7.154,0,0
36338056429,-16.934,0,0
36338056445,-18.154,0,0
36338056463,-13.577,0,0
36338056478,-17.857,0,0
36355950690,-23.98,0,0
36355950702,-19.451,0,0
36355950720,-17.309,0,0
36355950738,-11.301,0,0
36355950753,-13.16,0,0
36355950764,-20.089,0,0
36380458438,-26.597,0,0
36380458449,-18.634,0,0
36380458468,-34.344,0,0
36380458503,-15.07,0,0
36380458519,-14.44,0,0
36595292311,-29.07,0,0
36595292324,23.004,0,0
36595292341,-9.996,0,0
36595292357,-17.941,0,0
36595292373,-19.054,0,0
36595292388,-12.803,0,0
36595292401,-27.893,0,0
36595292415,-19.731,0,0
36595292423,-26.756,0,0
36595292430,-16.756,0,0
36642387993,-20.507,0,0
36642388012,-14.367,0,0
36642388031,-18.7,0,0
36642388050,-10.681,0,0
36642388069,5.206,0,0
36642388088,-20.801,0,0
36642388106,-21.441,0,0
36642388121,-14.441,0,0
36642388134,-13.707,0,0
36642388152,-15.367,0,0
36642388168,-15.507,0,0
36642388184,-22.886,0,0
36642388201,-17.136,0,0
36642388219,-17.156,0,0
36642388237,-13.156,0,0
36642388255,-15.087,0,0
36642388271,-20.75,0,0
36642388288,-45.213,0,0
36748089462,-13.298,0,0
36748089465,-16.498,0,0
36748089472,-20.759,0,0
36748089488,-13.566,0,0
36748089500,-21.355,0,0
36748089508,-23.787,0,0
36748089524,-21.105,0,0
36748089539,-28.787,0,0
36933939219,-14.707,0,0
36933939227,-0.151,0,0
36933939243,-10.707,0,0
36933939258,-34.385,0,0
36933939272,-15.719,0,0
36933939284,-25.779,0,0
36933939294,-21.678,0,0
36933939306,-21.211,0,0
36933939340,-12.969,0,0
36933939350,-22.969,0,0
37095716020,-5.697,0,0
37095716031,-20.821,0,0
37095716041,13.501,0,0
37095716049,-13.819,0,0
37095716058,-19.363,0,0
37095716068,-10.298,0,0
37095716080,-26.618,0,0
37095716091,-19.498,0,0
37095716100,-7.758,0,0
37095716110,-17.823,0,0
37160396036,-18.775,0,0
37160396046,-15.775,0,0
37160396057,-21.775,0,0
37160396067,-34.781,0,0
37160396077,-13.81,0,0
37160396088,-21.81,0,0
37160396097,-13.81,0,0
37160396133,37.561,0,0
37189685616,-17.157,0,0
37214693718,-20.28,0,0
37214693727,-17.816,0,0
37260946567,-11.859,0,0
37298815579,-17.76,0,0
37349173519,-20.196,0,0
37349173528,-20.252,0,0
37349173537,-26.028,0,0
37349173546,-18.486,0,0
37392449420,-21.037,0,0
37392449430,-16.571,0,0
37392449439,-18.988,0,0
37392449441,-24.035,0,0
37449098927,-17.411,0,0
37449098970,-27.426,0,0
37449099018,-21.223,0,0
37449099088,-22.93,0,0
37498773909,-21.051,0,0
37498773986,-36.743,0,0
37498774061,-18.586,0,0
37498774120,-22.889,0,0
37533441211,-25.048,0,0
37533441275,-20.24,0,0
37575912428,-21.474,0,0
37575912474,-18.873,0,0
35586110045,-41.367,0,0
35586110047,-13.711,0,0
35586110052,-15.586,0,0
35586110055,-12.231,0,0
36309742110,-21.3667,0,0
35586110048,-12.658,0,0
35586110053,-17.125,0,0
35586110056,-15,0,0
36338056357,-25.06704,0,0
36338056376,-26.69102,0,0
36338056395,-35.69102,0,0
36338056413,-6.6383,0,0
36338056431,-33.69102,0,0
36338056447,-27.45056,0,0
36338056465,-33.69102,0,0
36338056480,-30.45056,0,0
36338056489,-39.54907,0,0
36355950704,-27.105,0,0
36355950722,-46.0147,0,0
36355950740,-36.0742,0,0
36355950755,-28.1142,0,0
36355950766,-28.085,0,0
36355950775,-32.0755,0,0
36380458451,-32.085,0,0
36380458470,-34.065,0,0
36380458488,-34.0661,0,0
36380458505,-31.6808,0,0
36380458521,-34.0645,0,0
36380458532,-29.7008,0,0
36595292326,-25.6983,0,0
36595292343,-28.6983,0,0
36595292359,-29.63102,0,0
36595292375,-26.66314,0,0
36595292390,-33.253,0,0
36595292403,-32.3378,0,0
36642387960,-10.45406,0,0
36642387968,-26.36393,0,0
36642387979,-30.43538,0,0
36642387995,-20.80996,0,0
36642388014,-28.82996,0,0
36642388033,-29.63355,0,0
36642388052,-23.81187,0,0
36642388071,-25.98361,0,0
36642388090,-33.91464,0,0
36642388108,-23.3862,0,0
36642388136,-28.8742,0,0
36642388153,-23.4348,0,0
36642388170,-23.1985,0,0
36642388185,-31.6924,0,0
36642388203,-25.75951,0,0
36642388221,-25.77558,0,0
36642388239,-24.52312,0,0
36642388256,-24.6183,0,0
36642388272,-36.62314,0,0
36642388289,-30.0963,0,0
36642388303,-24.61056,0,0
36642388317,-29.6669,0,0
36748089473,-27.57102,0,0
36748089489,-21.6917,0,0
36748089509,-31.8658,0,0
36748089525,-26.9555,0,0
36748089540,-39.0447,0,0
36748089551,-30.8355,0,0
36933939228,-25.6403,0,0
36933939244,-29.6649,0,0
36933939259,-29.6917,0,0
36933939273,-27.8874,0,0
36933939285,-31.8542,0,0
36933939295,-31.8742,0,0
36933939307,-25.18366,0,0
36933939351,-35.2988,0,0
36933939360,-28.2136,0,0
37095716015,-30.936,0,0
37095716021,-27.2409,0,0
37095716059,-32.98311,0,0
37095716069,-27.48492,0,0
37095716081,-36.45292,0,0
37095716092,-39.45832,0,0
37095716101,-39.39986,0,0
37095716111,-50.49399,0,0
37160396037,-38.47915,0,0
37160396047,-27.45611,0,0
37160396058,-37.41758,0,0
37160396068,-33.46119,0,0
37160396078,0.77491,0,0
37160396089,-30.37551,0,0
37160396098,0.57729,0,0
37160396108,-35.00486,0,0
37160396117,-94.83993,0,0
37160396126,-34.69566,0,0
37189685608,-32.45069,0,0
37189685617,-34.46526,0,0
37214693719,-33.43526,0,0
37214693728,-33.47116,0,0
37260946540,-33.61062,0,0
37260946558,-33.59727,0,0
37298815543,-8.35686,0,0
37298815561,-34.7609,0,0
37298815580,-48.4342,0,0
37298815592,-33.38154,0,0
37349173520,-35.27675,0,0
37349173529,-32.23009,0,0
37349173538,-33.59748,0,0
37349173547,-32.43828,0,0
37392449421,-36.86942,0,0
37392449431,-30.52097,0,0
37449098907,-31.18128,0,0
37449098916,-29.41498,0,0
37449098928,-31.87835,0,0
37449098971,-31.74154,0,0
37449099019,-46.59011,0,0
37449099089,-32.27835,0,0
37498773910,-36.58965,0,0
37498773987,-33.53517,0,0
37498774062,-34.75539,0,0
37498774121,-46.52464,0,0
37575912417,-35.61727,0,0
37575912421,-57.49396,0,0
37575912429,-35.38486,0,0
37575912475,-41.42486,0,0
37635720386,-7.41354,0,0
37635720394,-23.3796,0,0
37635720451,-51.45354,0,0
37635720543,-29.40624,0,0
37635720627,-33.48555,0,0
37635720687,-34.59594,0,0
37720581076,-31.36624,0,0
37720581126,-31.30742,0,0
35586110049,-20.461,0,0
35586110054,-7.578,0,0
35586110057,-20.633,0,0
35586110059,-12.875,0,0
36309742084,-15.232,0,0
36338056358,-27.08698,0,0
36338056377,-42.09389,0,0
36338056396,-38.06698,0,0
36338056414,-36.13453,0,0
36338056432,-34.09013,0,0
36338056466,-19.72938,0,0
36338056481,30.08636,0,0
36355950691,-33.01115,0,0
36355950705,-38.76127,0,0
36355950723,-33.74127,0,0
36355950741,-42.91767,0,0
36380458423,-23.8331,0,0
36380458430,-36.06739,0,0
36380458439,-48.77922,0,0
36380458452,-15.76467,0,0
36380458471,-38.77922,0,0
36380458489,-38.45504,0,0
36380458506,-29.815,0,0
36380458522,-30.98,0,0
36595292312,-28.17492,0,0
36595292327,-28.09013,0,0
36595292344,-13.09599,0,0
36595292360,-33.06698,0,0
36595292376,-72.05427,0,0
36595292391,-33.13013,0,0
36595292404,-29.75697,0,0
36595292417,19.26724,0,0
36595292425,-32.85002,0,0
36595292431,-30.84342,0,0
36642387996,-88.64039,0,0
36642388015,-35.27453,0,0
36642388034,-36.45119,0,0
36642388053,-26.43619,0,0
36642388072,-2.55261,0,0
36642388091,-19.53734,0,0
36642388109,-25.0591,0,0
36642388122,-40.8765,0,0
36642388137,-31.0591,0,0
36642388154,-24.4764,0,0
36642388171,-36.4764,0,0
36642388186,-33.4764,0,0
36642388204,-23.2831,0,0
36642388222,-30.2831,0,0
36642388240,-29.2831,0,0
36642388257,-31.0064,0,0
36642388273,-29.6869,0,0
36642388290,-29.6869,0,0
36642388304,-27.4131,0,0
36642388318,-34.4131,0,0
36748089474,-31.2747,0,0
36748089490,-26.635,0,0
36748089510,-31.715,0,0
36748089526,-25.2878,0,0
36748089541,-33.2766,0,0
36748089552,-29.2966,0,0
36933939229,-22.0563,0,0
36933939245,-27.0163,0,0
36933939260,-30.1351,0,0
36933939274,-30.735,0,0
36933939286,-33.675,0,0
36933939296,-30.316,0,0
36933939308,-31.4115,0,0
36933939318,-38.556,0,0
36933939329,-33.6384,0,0
36933939342,-26.695,0,0
36933939361,-33.7818,0,0
36933939371,-28.5284,0,0
37095716022,-37.5168,0,0
37095716032,-45.5642,0,0
37095716060,-34.5442,0,0
37095716070,-23.6697,0,0
37095716082,-35.635,0,0
37095716093,-31.4968,0,0
37095716102,-30.1926,0,0
37095716112,-37.1526,0,0
37160396038,-31.4151,0,0
37160396048,-38.5679,0,0
37160396059,-30.6081,0,0
37160396069,-36.9369,0,0
37160396079,-29.0364,0,0
37160396090,-50.1659,0,0
37160396099,-39.1242,0,0
37160396109,-31.7639,0,0
37160396118,-36.2204,0,0
37160396127,-26.5168,0,0
37189685609,-34.656,0,0
37189685618,-23.6384,0,0
37214693720,-37.9428,0,0
37214693729,-33.6897,0,0
37260946541,-33.8661,0,0
37260946559,-35.0598,0,0
37298815544,-31.1731,0,0
37298815562,-35.8798,0,0
37298815581,-26.9998,0,0
37298815593,-29.1785,0,0
37349173521,-32.6697,0,0
37349173530,-26.5301,0,0
37349173539,-48.5501,0,0
37349173548,-29.5879,0,0
37392449422,-29.6062,0,0
37392449432,-25.6784,0,0
37449098908,-29.0223,0,0
37449098917,-36.7671,0,0
37449098929,-33.9398,0,0
37449098972,-34.2702,0,0
37449099020,-37.0964,0,0
37449099090,-33.1166,0,0
37533441171,-34.2702,0,0
37533441173,-30.5866,0,0
37498774063,-36.6818,0,0
37498774122,-7.644,0,0
37575912418,-31.0242,0,0
37575912422,-35.6875,0,0
37575912430,-11.9467,0,0
37575912476,-21.468,0,0
37635720387,-17.7448,0,0
37635720395,-22.7497,0,0
37635720452,-25.6316,0,0
37635720544,-31.7394,0,0
37635720628,-33.6697,0,0
37635720688,-28.7879,0,0
37720581077,2.5568,0,0
37720581127,-39.7279,0,0
37720581212,-25.6394,0,0
37720581296,-30.8512,0,0
36054973305,20.258,0,0
36054973306,89.89,0,0
36054973308,68.346,0,0
36054973310,14.083,0,0
36054973312,9.348,0,0
36102798167,11.11,0,0
36102798171,4.11,0,0
36102798175,11.3,0,0
36102798178,2.638,0,0
36102798182,17.118,0,0
36102798186,2.311,0,0
36102798189,14.655,0,0
36102798191,8.934,0,0
36143805756,7.137,0,0
36143805760,9.36,0,0
36143805766,14.118,0,0
36143805770,9.118,0,0
36187663490,12.134,0,0
36187663494,12.355,0,0
36187663498,-4.802,0,0
36187663504,8.037,0,0
36187663507,13.177,0,0
36187663511,3.2,0,0
36187663514,22.164,0,0
36187663518,-1.009,0,0
36187663521,-43.496,0,0
36187663525,8.967,0,0
36309742090,11.46,0,0
36309742094,4.283,0,0
36309742097,3.283,0,0
36309742117,37.262,0,0
36309742128,-13.93,0,0
36338056349,46.889,0,0
36338056368,3.73,0,0
36338056387,-3.804,0,0
36338056406,9.443,0,0
36338056424,6.629,0,0
36338056441,5.589,0,0
36338056459,-0.564,0,0
36338056475,8.556,0,0
36355950685,5.345,0,0
36355950696,-12.648,0,0
36355950715,20.312,0,0
36355950733,-16.678,0,0
36355950751,10.371,0,0
36355950763,6.305,0,0
36380458433,18.295,0,0
36380458443,21.203,0,0
36380458462,2.438,0,0
36380458481,7.518,0,0
36380458498,5.957,0,0
36380458515,5.636,0,0
36595292305,9.8,0,0
36595292318,1.146,0,0
36595292336,6.127,0,0
36595292352,6.067,0,0
36595292369,7.252,0,0
36595292384,7.625,0,0
36595292398,6.179,0,0
36595292413,7.758,0,0
36642387966,8.16,0,0
36595292428,7.263,0,0
36642387987,9.686,0,0
36642388006,5.856,0,0
36642388025,6.993,0,0
36642388044,13.455,0,0
36642388063,7.223,0,0
36642388082,7,0,0
36642388100,0.107999999999997,0,0
36642388119,8.128,0,0
36642388128,7.124,0,0
36642388146,9.1,0,0
36642388162,6.08,0,0
36642388178,8.12,0,0
36642388195,8.44,0,0
36642388213,6.2,0,0
36642388231,4.28,0,0
36642388249,7.104,0,0
36642388265,6.144,0,0
36642388282,5.144,0,0
36642388299,9.185,0,0
36642388313,4.185,0,0
36748089466,6.085,0,0
36933939221,-0.253100000000003,0,0
36933939237,35.6236,0,0
36933939253,41.1005,0,0
36933939301,13.1017,0,0
36933939314,36.06,0,0
36933939325,-10.1167,0,0
36933939336,-21.192,0,0
37095716016,9.5906,0,0
37095716027,-12.7853,0,0
37095716037,7.7723,0,0
37095716054,7.9222,0,0
37095716076,5.1071,0,0
37095716108,6.1314,0,0
37189685601,-14.7552,0,0
37214693714,3.2314,0,0
37298815540,-1.6211,0,0
37298815558,16.7174,0,0
37298815576,3.605,0,0
37298815589,5.3233,0,0
37349173516,0.392399999999999,0,0
37349173526,-0.8095,0,0
37349173535,-2.6886,0,0
37349173544,-6.7286,0,0
37392449417,-9.6177,0,0
37392449427,0.693199999999999,0,0
37449098904,0.0509000000000004,0,0
37449098913,24.04938,0,0
37449098924,7.71317,0,0
37449098968,-12.6315,0,0
35655214045,-17.936,0,0
35655214047,-12.553,0,0
35655214050,-12.151,0,0
35655214064,-13.733,0,0
35655214048,-20.282,0,0
35655214051,-11.037,0,0
35655214056,-18.319,0,0
35655214059,-15.644,0,0
36338056361,8.09186,0,0
36338056380,-53.30704,0,0
36338056399,-29.76423,0,0
36338056417,0.988299999999999,0,0
36338056435,-37.6553,0,0
36338056450,-25.1512,0,0
36338056468,-27.4871,0,0
36338056483,-21.2087,0,0
36338056491,-7.1707,0,0
36355950708,-29.8817,0,0
36355950726,-66.9878,0,0
36355950744,18.5434,0,0
36355950758,-14.1901,0,0
36355950769,-72.0036,0,0
36355950778,-24.3898,0,0
36380458455,-19.489,0,0
36380458474,-27.389,0,0
36380458497,-44.6674,0,0
36380458509,14.6603,0,0
36380458524,-12.1413,0,0
36380458534,-40.3013,0,0
36595292330,-24.3205,0,0
36595292347,-25.1322,0,0
36595292363,-25.5405,0,0
36595292379,-20.9503,0,0
36595292407,-39.7067,0,0
36595292418,-25.5405,0,0
36595292426,-32.2658,0,0
36595292432,-17.572,0,0
36642387999,17.426,0,0
36642388018,-9.2663,0,0
36642388037,-49.5215,0,0
36642388056,-33.441,0,0
36642388075,-39.6176,0,0
36642388094,-9.8383,0,0
36642388112,-39.4336,0,0
36642388124,-21.3262,0,0
36642388140,-46.3931,0,0
36642388156,-30.1663,0,0
36642388173,-24.1462,0,0
36642388207,-22.489,0,0
36642388225,-8.6447,0,0
36642388243,-28.7415,0,0
36642388260,-40.3876,0,0
36642388276,-5.5247,0,0
36642388293,-81.2708,0,0
36642388307,-41.4262,0,0
36642388321,-30.2465,0,0
36748089477,-18.7178,0,0
36748089493,-38.1035,0,0
36748089501,-27.2772,0,0
36748089513,-29.4953,0,0
36748089529,-68.3647,0,0
36748089544,-33.4059,0,0
36933939220,-46.2185,0,0
36933939248,-61.783,0,0
36933939277,-19.937,0,0
36933939287,-22.767,0,0
36933939321,-16.177,0,0
36933939332,-28.784,0,0
36933939364,-35.5572,0,0
36933939374,-21.777,0,0
37095716085,-73.6131,0,0
37095716096,-29.1453,0,0
35655214049,-18.994,0,0
35655214052,-34.541,0,0
35655214057,-9.756,0,0
35655214060,-15.012,0,0
36338056362,-26.884,0,0
36338056381,-30.608,0,0
36338056400,-35.125,0,0
36338056418,-32.583,0,0
36338056436,-34.241,0,0
36338056451,-37.953,0,0
36338056469,-35.072,0,0
36338056484,-35.35,0,0
36338056492,-35.643,0,0
36355950709,-32.646,0,0
36355950727,-25.185,0,0
36355950745,-35.099,0,0
36355950759,-28.189,0,0
36355950770,-32.549,0,0
36355950779,-34.062,0,0
36380458456,-29.549,0,0
36380458475,-32.449,0,0
36380458492,-33.409,0,0
36380458510,-27.63,0,0
36380458525,-36.062,0,0
36380458535,-34.166,0,0
36595292331,-19.186,0,0
36595292348,-30.972,0,0
36595292364,-34.409,0,0
36595292380,-28.072,0,0
36595292394,-31.409,0,0
36595292408,-39.53,0,0
36642387963,-32.212,0,0
36642387971,-30.465,0,0
36642387982,-29.925,0,0
36642388000,-31.545,0,0
36642388019,-18.655,0,0
36642388038,-37.405,0,0
36642388057,-28.475,0,0
36642388076,-35.675,0,0
36642388095,-33.826,0,0
36642388113,-24.702,0,0
36642388141,-34.316,0,0
36642388157,-36.166,0,0
36642388174,-34.594,0,0
36642388188,-30.405,0,0
36642388208,-27.306,0,0
36642388226,-28.094,0,0
36642388244,-30.814,0,0
36642388308,-7.86048,0,0
36642388322,-6.12116,0,0
36748089478,-35.92578,0,0
36748089494,-32.30372,0,0
36748089514,-36.39188,0,0
36748089530,-29.71944,0,0
36748089545,-43.73109,0,0
36748089555,-33.76405,0,0
36933939233,-21.90241,0,0
36933939249,-29.88435,0,0
36309742082,-5.811,0,0
36309742083,-26.451,0,0
36309742085,-11.267,0,0
36338056421,-26.81169,0,0
36338056438,-31.90111,0,0
36338056454,-34.90968,0,0
36338056472,-12.84131,0,0
36338056486,-29.91559,0,0
36355950694,-41.85498,0,0
36355950712,-29.92606,0,0
35655214058,-15.245,0,0
35655214063,-16.618,0,0
36309742086,-19.68,0,0
36309742087,22.307,0,0
36309742113,-17.322,0,0
36309742124,-24.102,0,0
36338056346,-41.118,0,0
36338056363,-15.559,0,0
36338056382,-18.907,0,0
36338056401,-23.857,0,0
36338056419,-22.503,0,0
36338056437,-41.733,0,0
36338056452,6.629,0,0
36338056470,11.899,0,0
36355950684,-9.193,0,0
36355950710,-24.015,0,0
36355950746,-10.963,0,0
36355950760,2.562,0,0
36355950771,-24.232,0,0
36380458440,-14.098,0,0
36380458511,-17.8773,0,0
36380458526,-23.3776,0,0
36595292314,-33.5227,0,0
36595292332,5.96850000000001,0,0
36595292365,-38.7269,0,0
36595292381,-20.50001,0,0
36595292395,-35.66003,0,0
36595292409,-31.82003,0,0
36642387964,-25.18003,0,0
36642387972,-29.35004,0,0
36642387983,-34.28003,0,0
36642388020,-37.0563,0,0
36642388039,-31.3685,0,0
36642388058,-29.8467,0,0
36642388077,-28.2703,0,0
36642388096,-35.2771,0,0
36642388114,-27.1702,0,0
36642388125,-30.1702,0,0
36642388142,-39.4882,0,0
36642388209,-18.6019,0,0
36642388227,-26.245,0,0
36642388245,-21.618,0,0
36642388278,-44.2915,0,0
36642388295,-92.2823,0,0
36642388309,-29.3808,0,0
36642388323,-37.153,0,0
36642388327,-3.5654,0,0
35655214055,-14.957,0,0
35655214062,-15.346,0,0
35655214066,-12.351,0,0
35655214069,-16.282,0,0
36338056336,-35.61,0,0
36338056343,-45.9,0,0
36338056360,-38.8,0,0
36338056379,-28.9,0,0
36338056398,-40.44,0,0
36338056416,-29.8,0,0
36338056434,-25.7,0,0
36338056449,-25.84,0,0
36355950681,5.61,0,0
36355950683,-35.37,0,0
36355950707,-30.72,0,0
36355950725,-52.55,0,0
36355950743,-36.51,0,0
36355950757,-17.76,0,0
36355950768,-20.83,0,0
36355950777,-3.1,0,0
36380458454,-21.44,0,0
36380458473,-50.9,0,0
36380458491,-27.27,0,0
36380458508,-35.19,0,0
36595292304,-41.25,0,0
36595292313,-36.43,0,0
36595292329,-45.43,0,0
36595292346,-88.88,0,0
36595292362,-28.43,0,0
36595292378,60.41,0,0
36595292393,-189.74,0,0
36595292406,-27.37,0,0
36642387962,-15.55,0,0
36642387970,-36.37,0,0
36642387981,-17.55,0,0
36642387998,-26.44,0,0
36642388017,-28.99,0,0
36642388036,-32.75,0,0
36642388055,-31.46,0,0
36642388074,-41.14,0,0
36642388093,-49.66,0,0
36642388111,-18.7,0,0
36642388123,-44.25,0,0
36642388139,-0.170000000000002,0,0
36642388259,63.1092,0,0
36642388275,-28.03894,0,0
36642388292,-12.29505,0,0
36642388306,-24.4069,0,0
36642388320,-27.3321,0,0
36748089476,-25.2258,0,0
36748089492,-21.3856,0,0
36748089512,-29.4557,0,0
36748089528,-24.1824,0,0
36748089543,-36.1201,0,0
36748089554,-35.5937,0,0
36933939231,-24.7259,0,0
36933939247,-31.722,0,0
36933939262,-37.0439,0,0
36933939276,-25.2387,0,0
36933939298,-33.2366,0,0
36933939310,-26.3721,0,0
36933939320,-30.3349,0,0
36933939331,-31.2349,0,0
36933939344,-22.51984,0,0
36933939353,-69.5989,0,0
36933939363,-32.4941,0,0
36933939373,-26.6066,0,0
37095716024,-29.7559,0,0
37095716034,-34.9844,0,0
37095716043,-29.5789,0,0
37095716051,-31.5189,0,0
37095716062,-30.416,0,0
37095716072,-24.5406,0,0
37095716084,-26.3259,0,0
37095716095,-33.4308,0,0
37095716104,-15.9066,0,0
37095716114,-30.7282,0,0
37160396040,-24.7134,0,0
37160396050,-26.2619,0,0
37160396061,-35.6066,0,0
37160396101,-27.78,0,0
37160396111,-33.125,0,0
37160396120,-18.137,0,0
37160396129,-31.471,0,0
37189685611,-44.911,0,0
37189685620,-37.276,0,0
37260946518,-29.571,0,0
37260946528,-37.787,0,0
37260946543,-24.687,0,0
37260946561,-30.565,0,0
37260946568,-40.833,0,0
37260946571,61.42,0,0
37298815583,-50.213,0,0
37298815595,-32.798,0,0
37349173523,-30.08,0,0
37349173532,-26.706,0,0
37349173541,-74.801,0,0
37349173550,-92.806,0,0
37392449424,-30.209,0,0
37392449434,-30.783,0,0
37449098910,-28.625,0,0
37449098919,-28.273,0,0
37449098931,-26.687,0,0
37449098974,-35.4,0,0
37449099022,-29.753,0,0
37449099092,-30.862,0,0
37498773912,-31.1,0,0
37498773989,-36.273,0,0
37498774065,-19.857,0,0
37498774124,-30.636,0,0
37575912432,-38.9649,0,0
37575912542,-50.1,0,0
37635720397,-41.2545,0,0
37635720454,-42.1172,0,0
37635720546,-23.2414,0,0
37635720630,-24.1301,0,0
35655214054,-32.735,0,0
35655214061,-12.45,0,0
35655214065,-26.41,0,0
35655214068,-15.393,0,0
36338056329,-28.031,0,0
36338056335,-27.031,0,0
36338056342,-26.246,0,0
36338056359,-33.413,0,0
36338056378,-36.745,0,0
36338056397,-37.1,0,0
36338056415,-29.209,0,0
36338056433,-32.047,0,0
36338056448,-36.1,0,0
36338056467,-25.087,0,0
36338056482,-11.276,0,0
36338056490,-39.419,0,0
36355950706,-27.033,0,0
36355950724,-26.153,0,0
36355950742,-33.353,0,0
36355950756,-26.78,0,0
36355950767,-29.68,0,0
36355950776,-33.82,0,0
36380458453,-27.888,0,0
36380458472,-32.826,0,0
36380458490,-33.048,0,0
36380458507,-23.941,0,0
36380458523,-115.508,0,0
36380458533,-32.941,0,0
36595292328,-21.39,0,0
36595292345,-18.239,0,0
36595292361,-26.774,0,0
36595292377,-27.03,0,0
36595292392,-46.914,0,0
36595292405,-34.543,0,0
36642387961,-27.008,0,0
36642387969,-29.168,0,0
36642387980,-35.784,0,0
36642387997,-27.223,0,0
36642388016,-29.337,0,0
36642388035,-32.546,0,0
36642388054,-24.524,0,0
36642388073,-27.564,0,0
36642388092,-33.841,0,0
36642388110,-22.962,0,0
36642388138,-30.707,0,0
36642388155,-26.941,0,0
36642388172,-27.941,0,0
36642388187,-32.228,0,0
36642388205,-28.568,0,0
36642388223,-29.539,0,0
36642388241,-24.754,0,0
36642388258,-29.087,0,0
36642388274,-29.191,0,0
36642388291,-34.331,0,0
36642388305,-27.201,0,0
36642388319,-24.161,0,0
36748089475,-41.04,0,0
36748089491,-21.21,0,0
36748089511,-18.289,0,0
36748089527,-27.466,0,0
36748089542,-36.431,0,0
36748089553,-28.444,0,0
36933939230,-18.482,0,0
36933939246,-26.435,0,0
36933939261,-24.508,0,0
36933939275,-28.346,0,0
36933939297,-33.45,0,0
36933939309,-26.476,0,0
36933939319,-35.546,0,0
36933939330,-26.506,0,0
36933939343,-28.463,0,0
36933939352,-26.508,0,0
36933939362,-32.568,0,0
36933939372,-25.303,0,0
37095716023,-32.528,0,0
37095716033,-31.46,0,0
37095716042,-23.626,0,0
37095716050,-30.954,0,0
37095716061,-31.664,0,0
37095716071,-26.754,0,0
37095716083,-33.818,0,0
37095716094,-17.59,0,0
37095716103,-26.379,0,0
37095716113,-39.959,0,0
37160396039,-29.774,0,0
37160396049,-26.556,0,0
37160396060,-33.934,0,0
37160396070,-28.834,0,0
37160396080,-30.604,0,0
37160396091,-32.496,0,0
37160396100,-26.756,0,0
37160396110,-30.128,0,0
37160396119,-30.526,0,0
37160396128,-32.095,0,0
37189685610,-29.722,0,0
37189685619,-30.538,0,0
37214693721,-31.041,0,0
37214693730,-29.614,0,0
37260946542,-30.59,0,0
37260946560,-29.556,0,0
37298815545,-34.386,0,0
37298815563,-35.568,0,0
37298815582,-24.508,0,0
37298815594,-32.799,0,0
37349173522,-34.412,0,0
37349173531,-27.223,0,0
37349173540,-28.488,0,0
37349173549,-26.386,0,0
37392449423,-29.386,0,0
37392449433,-23.123,0,0
37449098909,-31.293,0,0
37449098918,-26.442,0,0
37449098930,-28.6,0,0
37449098973,-30.343,0,0
37449099021,-31.806,0,0
37449099091,-27.453,0,0
37498773988,-35.85203,0,0
37498774064,-35.67335,0,0
37498774123,-2.82465,0,0
37575912419,-34.5511,0,0
37575912423,-38.85445,0,0
37575912431,-35.71535,0,0
37575912477,-34.66761,0,0
37635720388,-33.71016,0,0
37635720396,-37.80014,0,0
37635720453,-37.69619,0,0
37635720545,-37.94799,0,0
37635720629,-33.83506,0,0
37635720689,-38.72232,0,0
37720581078,-35.83372,0,0
37720581128,-35.69357,0,0
37720581213,-31.60631,0,0
37720581297,-42.84582,0,0
37720581380,-30.62809,0,0
37720581466,-33.67619,0,0
37720581543,-33.64607,0,0
37720581623,-36.71406,0,0
36143805744,-52.05,0,0
36143805746,-20.6,0,0
36143805748,40.409,0,0
36143805749,-49.704,0,0
36143805764,-17.158,0,0
36143805774,-11.815,0,0
36187663493,-14.866,0,0
36187663502,1.084,0,0
36309742092,-54.6652,0,0
36309742099,-57.9212,0,0
36309742104,-58.0803,0,0
36338056339,-12.7468,0,0
36338056352,-7.5241,0,0
36355950678,-107.1212,0,0
36355950680,-56.3928,0,0
36355950699,-72.5465,0,0
36355950717,-63.8259,0,0
36355950735,-14.1859,0,0
36595292321,-28.0405,0,0
36595292338,-31.0054,0,0
36595292354,-25.999,0,0
36595292371,-29.9667,0,0
36595292386,-34.9113,0,0
36595292399,-34.8265,0,0
36642387958,-28.3574,0,0
36642387967,-33.068,0,0
36642387976,-31.1789,0,0
36642387990,-31.1189,0,0
36642388009,-36.1676,0,0
36642388028,-34.2076,0,0
36642388047,-29.5983,0,0
36642388066,-29.6071,0,0
36642388085,-35.655,0,0
36642388103,-26.3852,0,0
36642388131,-36.3932,0,0
36642388149,-23.5112,0,0
36642388165,-33.5912,0,0
36642388181,-28.6506,0,0
36642388198,-25.3827,0,0
36642388216,-26.4995,0,0
36642388234,-34.5574,0,0
36642388252,-30.2439,0,0
36642388268,-48.2324,0,0
36642388285,-34.2439,0,0
36642388301,-29.1051,0,0
36642388315,-32.1476,0,0
36748089469,-27.3366,0,0
36748089485,-31.3705,0,0
36748089505,-31.2905,0,0
36748089521,-31.4222,0,0
36748089536,-39.4222,0,0
36748089549,-33.4339,0,0
36933939224,-26.5728,0,0
36933939240,-31.5733,0,0
36933939256,-31.6183,0,0
36933939270,-32.2724,0,0
36933939292,-34.3749,0,0
36933939304,-30.2524,0,0
36933939358,-100.7633,0,0
36933939369,-32.1148,0,0
37095716056,-32.9034,0,0
37095716066,-31.8958,0,0
37095716078,-55.908,0,0
37095716089,-33.0158,0,0
37095716099,-28.8358,0,0
37095716109,-49.0158,0,0
37160396034,-35.0548,0,0
37160396044,-32.2139,0,0
37160396055,-33.3797,0,0
37160396065,-37.3797,0,0
37160396086,-30.30064,0,0
37160396095,-30.1351,0,0
37160396105,-35.1093,0,0
37160396115,-34.0934,0,0
37160396124,-28.1158,0,0
37189685606,-36.1344,0,0
37189685615,-31.1673,0,0
37260946517,-11.4948,0,0
37260946527,-37.7193,0,0
37298815542,-35.88333,0,0
37298815559,-34.13586,0,0
37298815577,-34.00274,0,0
37298815590,-40.97921,0,0
37349173518,-33.96611,0,0
37349173527,-25.96449,0,0
37392449415,-25.58466,0,0
37392449416,-35.34639,0,0
37392449418,-35.05232,0,0
37392449428,-34.99443,0,0
37449098906,-15.71052,0,0
37449098915,-30.85738,0,0
37449098926,-27.939,0,0
37449098969,-29.0246,0,0
37449099017,-37.93187,0,0
37449099087,-34.42195,0,0
37498773907,-32.87324,0,0
37498773984,-38.83626,0,0
37498774059,-36.38283,0,0
37498774118,-34.95349,0,0
37575912416,-35.90055,0,0
37575912420,-29.04459,0,0
37575912426,-35.39269,0,0
37575912472,-33.91475,0,0
37635720384,-37.94071,0,0
37635720392,-34.95073,0,0
37635720448,-31.84945,0,0
37635720540,-35.96071,0,0
37635720625,-36.87447,0,0
37635720686,-35.91785,0,0
37720581075,-41.34195,0,0
37720581125,-24.91475,0,0
37720581211,-32.36537,0,0
37720581295,-29.36537,0,0
36143805745,-3.595,0,0
36143805747,-6.938,0,0
36143805750,-9.859,0,0
36143805765,-14.739,0,0
36143805775,-21.904,0,0
36143805779,-2.508,0,0
36187663503,-1.195,0,0
36187663510,-23.275,0,0
36187663517,-3.912,0,0
36187663524,-1.443,0,0
36309742093,-24.817,0,0
36309742107,-24.8508,0,0
36309742118,-25.2432,0,0
36309742129,-34.302,0,0
36338056372,-13.7646,0,0
36338056391,-27.2941,0,0
36338056443,-40.0096,0,0
36338056461,-33.4278,0,0
36338056476,-62.3628,0,0
36355950688,-35.6418,0,0
36355950700,-38.4663,0,0
36355950718,-35.0082,0,0
36355950736,-36.0482,0,0
36380458421,-22.5749,0,0
36380458428,-27.9062,0,0
36380458436,-34.5039,0,0
36380458447,-19.5639,0,0
36380458466,-38.5246,0,0
36380458485,-31.4239,0,0
36380458501,-27.4639,0,0
36380458517,-28.3686,0,0
36595292309,-38.5183,0,0
36595292322,-25.3522,0,0
36595292339,-29.2602,0,0
36595292355,-28.4246,0,0
36642387954,-32.5093,0,0
36642387959,29.5781,0,0
36642387977,-29.8521,0,0
36642387991,-33.55736,0,0
36642388010,-32.58089,0,0
36642388048,-28.50944,0,0
36642388067,-31.71822,0,0
36642388086,-30.71822,0,0
36642388104,-24.8851,0,0
36642388132,-28.96307,0,0
36642388150,-29.74676,0,0
36642388166,-25.7332,0,0
36642388182,-34.7332,0,0
36642388199,-28.96307,0,0
36642388217,2.41431,0,0
36642388235,-31.13592,0,0
36642388253,-43.92277,0,0
36642388269,-34.08656,0,0
36642388286,-32.08656,0,0
36642388302,-41.83924,0,0
36642388316,-30.93207,0,0
36748089470,-32.94294,0,0
36748089486,-30.92672,0,0
36748089506,-37.91787,0,0
36748089522,-29.87797,0,0
36748089537,-29.96619,0,0
36748089550,-32.00171,0,0
36933939225,-32.06748,0,0
36933939241,-39.98748,0,0
22018446644,-31.706,0,0
22018446649,-31.968,0,0
22367978869,-262.134,0,0
22503128733,-29.04,0,0
22542227914,-28.497,0,0
22623902536,-29.894,0,0
22623902540,-26.468,0,0
23054196956,-40.547,0,0
23054196966,-30.789,0,0
23168807801,-34.829,0,0
23168807812,-31.955,0,0
23276541571,-254.076,0,0
23503662696,-27.055,0,0
23503662697,-29.939,0,0
23383318067,-29.365,0,0
23503662723,-43.582,0,0
23503662730,-25.178,0,0
23582561416,-25.956,0,0
23582561419,-23.9,0,0
23582561422,-30.24,0,0
23582561424,-50.079,0,0
23744541456,-28.348,0,0
23744541492,-35.217,0,0
23992268484,-22.38,0,0
23992268488,-32.26,0,0
24072657994,-22.101,0,0
24072657996,-97.844,0,0
24105166299,15.207,0,0
24105166307,-41.083,0,0
24105166313,-31.552,0,0
24128612790,-41.057,0,0
22503128726,-20.575,0,0
22503128732,-26.176,0,0
22503128741,-29.366,0,0
22608077376,-38.157,0,0
22608077384,-36.68,0,0
22688507731,-35.626,0,0
23054196955,-32.211,0,0
23054196965,-107.036,0,0
23168807791,-441.58,0,0
23168807800,-27.424,0,0
23168807811,-17.524,0,0
23276541580,-27.301,0,0
23336425573,-21.527,0,0
23503662715,-49.476,0,0
23503662722,-29.966,0,0
23503662729,-19.076,0,0
23600764019,-33.281,0,0
23600764022,-184.357,0,0
23600764025,-26.181,0,0
23821681812,-24.189,0,0
23844826402,-47.388,0,0
23844826404,-29.602,0,0
23844826414,-28.446,0,0
24002583565,-32.4349999999999,0,0
24002583568,-28.444,0,0
24048776214,-28.179,0,0
24088471190,-28.897,0,0
24105166306,-27.121,0,0
24105166312,-5.25,0,0
24128612789,-85.981,0,0
22367978877,-21.231,0,0
22542227913,-25.48,0,0
22623902535,-27.917,0,0
22623902539,-26.405,0,0
23054196944,-25.12,0,0
23054196954,-74.999,0,0
23054196964,-35.95,0,0
23168807790,-16.34,0,0
23168807799,-44.113,0,0
23168807810,-9.92200000000003,0,0
23336425570,-29.568,0,0
23503662714,-25.817,0,0
23503662721,-11.776,0,0
23503662728,-37.348,0,0
23570158543,-14.732,0,0
23570158546,-19.612,0,0
23570158549,-25.664,0,0
23600764029,-396.891,0,0
23744541452,-29.657,0,0
23744541455,-25.503,0,0
23744541460,-43.696,0,0
23744541491,-23.937,0,0
23992268483,-75.456,0,0
23992268487,-38.658,0,0
24088471189,-358.508,0,0
24105166305,-33.559,0,0
24105166311,-23.948,0,0
24128612788,-23.365,0,0
22542227915,-52.49,0,0
22608077385,-32.236,0,0
22703012959,-36.236,0,0
23054196945,-46.386,0,0
23054196957,-24.926,0,0
23054196967,-37.386,0,0
23168807802,-17.213,0,0
23276541544,-19.793,0,0
23336425568,-21.926,0,0
23336425571,-27.386,0,0
23503662716,-24.406,0,0
23503662724,-27.926,0,0
23503662731,-21.733,0,0
23503663040,-47.342,0,0
23570158544,-18.926,0,0
23570158547,-23.926,0,0
23570158550,-32.926,0,0
23744541453,0.384000000000015,0,0
23744541457,-15.866,0,0
23744541462,-23.809,0,0
23844826415,-26.926,0,0
24048776210,-479.391,0,0
24048776212,-34.473,0,0
24048776215,-31.533,0,0
24088471191,-20.4,0,0
24105166308,-22.073,0,0
24105166314,-16.073,0,0
24128612791,-33.4,0,0
24297393582,-37.78343,0,0
24297393610,-2.79113,0,0
22367978870,-13.972,0,0
22367978878,-37.808,0,0
22542227916,-27.771,0,0
22608077377,-22.653,0,0
22608077386,-26.411,0,0
22688507732,-29.086,0,0
23054196968,-32.439,0,0
23168807793,-56.832,0,0
23168807803,-31.889,0,0
23168807813,-37.599,0,0
23276541581,-33.526,0,0
23336425574,-29.566,0,0
23503663034,-27.807,0,0
23503663041,83.156,0,0
23582561417,-34.48,0,0
23582561420,-38.828,0,0
23600764026,-34.559,0,0
23600764030,-26.998,0,0
22034920038,-36.647,0,0
22034920050,-36.926,0,0
22034920062,-13.359,0,0
22367978872,-34.472,0,0
22367978880,-6.07300000000001,0,0
22574770769,11.345,0,0
22688507734,-25.043,0,0
23054196947,-35.55,0,0
23054196959,-28.201,0,0
23054196970,-34.121,0,0
23168807795,-120.55,0,0
23213804123,-33.24,0,0
23213804125,-36.25,0,0
23503662698,-1.55000000000001,0,0
23503662718,-43.27,0,0
23503662726,-39.064,0,0
23503663035,-30.218,0,0
23503663042,-28.55,0,0
23600764020,-36.158,0,0
23600764023,-32.46,0,0
23582561423,-38.643,0,0
23582561425,-29.562,0,0
23844826403,-26.713,0,0
23844826405,-36.148,0,0
23844826416,-31.651,0,0
24002583566,-53.463,0,0
24002583569,-31.744,0,0
24048776216,-26.017,0,0
24105166301,-41.837,0,0
24105166310,-37.866,0,0
24105166316,-32.961,0,0
24237726129,-28.934,0,0
24237726169,-85.2691,0,0
22503128728,-21.106,0,0
22503128735,-30.534,0,0
22503128742,-30.648,0,0
22597278321,-12.471,0,0
22623902537,-44.121,0,0
22623902541,-37.551,0,0
23054196960,-28.178,0,0
23054196971,-29.454,0,0
23168807805,-23.488,0,0
23213804126,-21.488,0,0
23276541583,-22.572,0,0
23383318044,-23.594,0,0
23503662719,-26.504,0,0
23503662727,-37.488,0,0
23582561418,-27.562,0,0
23582561421,-33.513,0,0
23600764027,-31.705,0,0
23600764031,-34.531,0,0
23821681816,-14.511,0,0
23821681818,-35.274,0,0
23992268486,-33.485,0,0
23992268490,-44.429,0,0
24048776213,-16.489,0,0
24048776217,-31.571,0,0
24116435452,-43.539,0,0
24116435453,-26.321,0,0
24143139929,-23.395,0,0
24143139930,-32.604,0,0
22367978879,-25.88,0,0
22608077378,-13.253,0,0
22608077387,-20.58,0,0
22688507733,-42.228,0,0
23054196946,-18.168,0,0
23054196958,-20.168,0,0
23054196969,-34.384,0,0
23168807794,-7.295,0,0
23168807804,-33.615,0,0
23276541573,2.456,0,0
23276541582,-17.664,0,0
23336425575,-13.526,0,0
23503662717,-30.743,0,0
23503662725,-34.535,0,0
23503662732,-77.139,0,0
23570158519,-57.687,0,0
23570158545,-10.635,0,0
23570158548,-36.982,0,0
23570158551,-13.797,0,0
23821681811,-51.375,0,0
23821681813,-25.289,0,0
23821681815,-23.917,0,0
23821681817,-32.248,0,0
23992268485,-25.54,0,0
23992268489,-28.878,0,0
24072657995,-34.25,0,0
24072657997,-51.551,0,0
24105166300,6.152,0,0
24105166309,-22.742,0,0
24105166315,-26.551,0,0
24128612792,-37.694,0,0
24237726133,-20.467,0,0
24237726168,-26.616,0,0
22367978874,-21.226,0,0
22503128737,69.265,0,0
22503128744,-25.02,0,0
22367978873,-23.284,0,0
22503128736,-16.192,0,0
22503128743,-48.328,0,0
22608077379,-27.108,0,0
22608077388,-35.561,0,0
23054196949,-83.064,0,0
23054196961,-28.561,0,0
23054196972,-22.256,0,0
23168807807,-41.091,0,0
23168807815,-32.64,0,0
23276541584,-33.685,0,0
23336425576,-3.17400000000001,0,0
23503662720,-19.685,0,0
23570158518,-26.925,0,0
23570158520,-33.852,0,0
23600764021,-43.736,0,0
23600764024,-34.308,0,0
23600764028,-32.115,0,0
23744541454,-21.468,0,0
23744541458,-41.563,0,0
23744541463,-31.512,0,0
23744541493,-38.102,0,0
23844826417,-33.378,0,0
24002583567,-23.472,0,0
24002583570,-34.981,0,0
24048776218,-34.298,0,0
24164982451,-35.739,0,0
24164982452,-32.369,0,0
24164982453,-30.564,0,0
26725039681,-26.672,0,0
26782877221,-22.0410000000001,0,0
26782877227,-35.348,0,0
27219985212,-38.875,0,0
27219985222,-25.347,0,0
27219985238,-8.07399999999996,0,0
27318526856,-27.057,0,0
27507217626,-22.105,0,0
28105034881,-9.572,0,0
28105034907,-30.3869999999999,0,0
28105034935,-10.461,0,0
28105035012,-25.468,0,0
28738981508,-7.81200000000001,0,0
28738981538,-7.31399999999996,0,0
28738981568,-38.428,0,0
28738981596,53.03,0,0
28738981622,-14.035,0,0
28738981643,-8.03499999999997,0,0
28738981660,-18.1900000000001,0,0
27188748915,-23.6149,0,0
27188748930,-27.8548,0,0
27219985242,-17.6659,0,0
27219985248,-43.6654,0,0
27318526862,-41.6338,0,0
27318526881,-31.7435,0,0
28105034874,-34.595,0,0
28105034970,-26.7495,0,0
28105034996,-36.6092,0,0
28105035016,-25.3087,0,0
28738981513,-26.6141,0,0
28738981544,-51.5997,0,0
28738981601,-19.909,0,0
28738981626,-46.513,0,0
28738981648,-18.5863,0,0
28738981663,-32.3702,0,0
28967402151,-23.5435,0,0
28967402157,-33.3702,0,0
29275834825,-19.6165,0,0
29275834859,-12.6891,0,0
29275834869,-39.4556,0,0
27219985223,-40.596,0,0
27219985239,-37.043,0,0
27507217604,-143.714,0,0
27507217627,-31.77,0,0
28105034882,-52.256,0,0
28105034966,-76.737,0,0
28738981510,-33.6,0,0
28738981597,-31.384,0,0
28967402133,-26.189,0,0
28967402136,-18.996,0,0
28967402142,-27.591,0,0
28967402149,-3.10899999999998,0,0
28967402156,-43.699,0,0
29275834821,-4.77199999999999,0,0
29275834841,-23.831,0,0
29275834856,-29.386,0,0
29275834866,-25.891,0,0
31609550505,-23.355,0,0
27507217605,-39.646,0,0
28105034873,-18.51,0,0
28105034884,-25.695,0,0
28105034910,-22.695,0,0
28105034939,-25.71,0,0
28738981486,1.581,0,0
28738981543,-8.492,0,0
28738981600,-39.308,0,0
29275834794,-8.319,0,0
29465046204,-34.511,0,0
29275834798,-34.511,0,0
29275834803,0.353999999999999,0,0
29275834824,-6.494,0,0
29275834843,-15.439,0,0
31609544282,-23.4,0,0
27318526858,-36.6,0,0
27318526878,-23.836,0,0
28105034937,-38.668,0,0
28105034967,-28.603,0,0
28105035014,-31.046,0,0
28105035026,-18.924,0,0
28738981540,4.387,0,0
28738981570,-21.672,0,0
28738981598,-16.396,0,0
28738981624,-52.738,0,0
28738981645,-22.046,0,0
28738981669,-28.921,0,0
29275834811,-20.973,0,0
29275834857,-30.113,0,0
29275834867,-23.009,0,0
32919000119,-26.1393,0,0
32919000121,-57.9808,0,0
32919000123,-31.1199,0,0
32919000138,-25.653,0,0
27219985241,-32.528,0,0
27318526880,-24.9385,0,0
27507217628,-36.3341,0,0
27507217646,-35.3341,0,0
28105034885,-35.3943,0,0
28738981514,-14.8665,0,0
29275834790,-20.2311,0,0
29465046205,-12.2611,0,0
29275834799,-12.2611,0,0
29275834826,-44.595,0,0
27507217645,-29.544,0,0
28105034908,-41.564,0,0
28105034936,-488.388,0,0
28105034965,-16.901,0,0
28105034993,-18.707,0,0
28738981509,-71.568,0,0
28738981539,-23.56,0,0
28738981569,-50.971,0,0
28738981623,-43.408,0,0
28738981644,-29.356,0,0
28738981661,-24.456,0,0
29275834802,-39.275,0,0
29275834820,-2.83100000000002,0,0
29275834840,23.035,0,0
29275834855,-15.824,0,0
29275834865,-48.265,0,0
28105034938,-21.7448,0,0
28105034969,-19.6888,0,0
28105034995,-22.4867,0,0
28738981512,-30.5178,0,0
28738981542,-21.5876,0,0
28738981572,-27.057,0,0
28738981599,-7.6407,0,0
28738981625,-20.7597,0,0
28738981647,-24.7997,0,0
28967402143,-13.5087,0,0
28967402150,-30.8197,0,0
29275834812,-30.5317,0,0
29275834823,-41.5317,0,0
29275834842,-86.3743,0,0
29275834858,-20.6243,0,0
29275834868,-32.6236,0,0
29275834876,-51.9804,0,0
29465046208,25.7596,0,0
29493700293,25.7596,0,0
29465046209,-12.624,0,0
29465046211,-28.108,0,0
29493700297,-28.108,0,0
29465046213,-105.973,0,0
29493700300,-29.023,0,0
29493700302,-99.696,0,0
29593896348,-24.505,0,0
29669099252,-38.162,0,0
29669099254,-15.234,0,0
29669099256,-19.29,0,0
32919000118,-32.09,0,0
32919000120,-28.421,0,0
32919000122,-30.409,0,0
32919000124,-29.358,0,0
32919000139,-49.3877,0,0
20334121994,2.59800000000001,0,0
20334122040,7.02499999999998,0,0
20397874363,-2.22399999999999,0,0
20425967929,11.931,0,0
20425967953,-2.262,0,0
20597396854,0.793000000000006,0,0
20452986035,-0.725000000000023,0,0
20597396877,-1.48700000000002,0,0
20597396910,-3.99099999999999,0,0
20771299476,4.64699999999999,0,0
20888105838,-3.26900000000001,0,0
20911386376,5.47,0,0
20911386396,-74.963,0,0
20911386424,17.056,0,0
20920375440,34.044,0,0
20931904769,2.59800000000001,0,0
20931904793,-130.178,0,0
20945564528,0.98599999999999,0,0
20953998381,0.146999999999991,0,0
20983484850,6.65100000000001,0,0
20983484858,11.419,0,0
20983484874,1.595,0,0
20994782598,3.309,0,0
20994782611,-0.366000000000014,0,0
20994782626,5.429,0,0
21004550125,-1.74000000000001,0,0
21004550143,-26.695,0,0
21014168818,0.972000000000008,0,0
21022618480,7.75200000000001,0,0
21022618495,5.75,0,0
21026815643,-8.959,0,0
21026815650,-1.262,0,0
21026815664,11.874,0,0
21031600692,4.63399999999999,0,0
21038905093,12.072,0,0
21084915066,-7.953,0,0
21084915075,17.379,0,0
20334121987,18.112,0,0
20334122005,6.42399999999998,0,0
20334122013,10.181,0,0
20334122032,2.79700000000003,0,0
20334122041,-6.601,0,0
20334122059,0.0609999999999786,0,0
20425967910,-15.496,0,0
20425967920,15.29,0,0
20397874379,-4.64999999999998,0,0
20397874385,10.79,0,0
20425967954,-1.64999999999998,0,0
20425967980,-2.42200000000003,0,0
20439365673,11.471,0,0
20439365679,-1.154,0,0
20452986036,-4.31299999999999,0,0
20452986055,0.562999999999988,0,0
20611751956,4.85300000000001,0,0
20611751957,-17.876,0,0
20771299459,-1.18700000000001,0,0
20771299468,1.25299999999999,0,0
20611751969,-11.886,0,0
20611751971,6.512,0,0
20888105807,2.99400000000003,0,0
20888105830,4.422,0,0
20888105839,16.134,0,0
20888105859,4.16200000000001,0,0
20911386377,13.656,0,0
20911386389,14.301,0,0
20911386397,2.68799999999999,0,0
20911386425,3.20599999999999,0,0
20931904744,-10.604,0,0
20931904748,-2.47800000000001,0,0
20931904761,-1.07900000000001,0,0
20931904790,8.029,0,0
20931904794,9.577,0,0
20931904811,-2.16900000000001,0,0
20953998347,4.84999999999999,0,0
20953998353,7.28299999999999,0,0
20945564544,-5.61699999999999,0,0
20945564557,1.18799999999999,0,0
20953998382,-0.769000000000005,0,0
20953998398,-1.977,0,0
20962503585,0.344999999999999,0,0
20962503592,-52.692,0,0
20962503594,-0.837999999999994,0,0
20962503606,-3.732,0,0
20967592475,0.842000000000013,0,0
20967592482,-1.99600000000001,0,0
20334121988,8.69,0,0
20334122014,2.30099999999999,0,0
20425967911,5.25299999999999,0,0
20425967955,3.70999999999998,0,0
20611751953,4.048,0,0
20771299460,7.20100000000002,0,0
20771299512,3.36700000000002,0,0
20888105840,32.689,0,0
20920375419,15.407,0,0
20953998340,8.59500000000003,0,0
20931904795,-0.898000000000025,0,0
20953998359,12.399,0,0
20983484848,-13.236,0,0
20978990856,7.99799999999999,0,0
20983484875,4.69499999999999,0,0
21014168772,15.868,0,0
21014168782,-1.59699999999998,0,0
21022618496,-6.7055,0,0
21182437709,-28.5633,0,0
21115287510,17.6244,0,0
21182437744,28.66,0,0
21214534142,-0.348100000000002,0,0
20334121995,-3.87400000000002,0,0
20334122042,-2.255,0,0
20387836194,27.744,0,0
20425967930,11.039,0,0
20425967956,17.072,0,0
20452986015,4.10599999999999,0,0
20597396861,0.300000000000011,0,0
20597396878,-3.82999999999998,0,0
20611751960,-11.691,0,0
20771299477,3.452,0,0
20771299513,12.591,0,0
20888105815,-0.165999999999997,0,0
20888105841,-10.599,0,0
20892704908,-0.250999999999976,0,0
20911386398,-94.629,0,0
20911386426,-6.92399999999998,0,0
20931904749,-4.15800000000002,0,0
20931904770,26.56,0,0
20978990857,-200.322,0,0
20983484859,-0.328000000000003,0,0
20983484876,0.633999999999986,0,0
20994782599,4.09299999999999,0,0
20994782602,28.818,0,0
20994782612,-0.363,0,0
20994782627,2.83199999999999,0,0
21014168783,-16.082,0,0
21014168802,-18.647,0,0
21014168820,10.441,0,0
21031600662,6.155,0,0
21031600674,35.192,0,0
21031600693,1.68199999999999,0,0
20334121996,-1.69,0,0
20397874360,12.901,0,0
20397874364,-2.529,0,0
20425967931,-60.212,0,0
20425967957,6.55200000000002,0,0
20452986016,0.495000000000005,0,0
20452986037,-2.358,0,0
20597396879,1.77800000000002,0,0
20597396911,0.199999999999989,0,0
20771299478,13.087,0,0
20771299514,2.49900000000002,0,0
20888105816,17.447,0,0
20892704896,62.715,0,0
20920375411,0.442000000000007,0,0
20911386399,3.64800000000002,0,0
20920375441,25.25,0,0
20931904771,20.75,0,0
20931904796,368.867,0,0
20931904818,9.86800000000005,0,0
20953998361,3.34,0,0
20953998383,0.999399999999994,0,0
20953998402,2.2246,0,0
20978990848,5.746,0,0
20978990876,3.9954,0,0
20983484894,-12.277,0,0
20989179528,21.0435,0,0
20994782628,-0.1828,0,0
21014168784,11.1765,0,0
21014168821,10.897,0,0
21022618481,13.946,0,0
21022618497,-3.855,0,0
21031600663,-5.371,0,0
20334121997,0.490999999999985,0,0
20334122043,2.743,0,0
20387836195,-0.846000000000004,0,0
20397874380,-7.846,0,0
20597396855,-3.995,0,0
20452986038,-15.098,0,0
20597396880,-1.42099999999999,0,0
20597396912,14.462,0,0
20771299479,8.30799999999999,0,0
20771299515,-2.465,0,0
20771299553,-0.508999999999986,0,0
20888105842,15.339,0,0
20888105866,18.532,0,0
20920375420,12.763,0,0
20920375442,-38.348,0,0
20931904772,-7.44300000000001,0,0
20931904797,0.48599999999999,0,0
20931904819,8.64599999999999,0,0
20953998362,18.567,0,0
20953998384,-2.57300000000001,0,0
20953998403,5.53100000000001,0,0
20967592469,-12.429,0,0
20967592476,13.517,0,0
20983484860,3.589,0,0
20978990885,16.792,0,0
20983484895,-10.571,0,0
20994782613,-32.749,0,0
20994782629,1.386,0,0
21014168785,-17.589,0,0
21014168803,11.795,0,0
21014168822,0.24199999999999,0,0
21014168867,8.0673,0,0
21022618524,11.1743,0,0
21078231217,-4.2661,0,0
21031600694,2.5017,0,0
20334122000,-5.34399999999999,0,0
20334122046,7.892,0,0
20425967912,3.94600000000003,0,0
20425967935,-14.494,0,0
20425967961,8.01100000000002,0,0
20452986018,5.83699999999999,0,0
20452986042,-2.24700000000001,0,0
20597396884,8.08300000000003,0,0
20611751961,-1.541,0,0
20771299484,29.064,0,0
20888105808,-1.82299999999998,0,0
20888105820,27.249,0,0
20888105845,11.629,0,0
20888105868,-8.72699999999998,0,0
20911386405,2.60199999999998,0,0
20911386428,28.615,0,0
20920375444,0.872000000000014,0,0
20945564531,-99.576,0,0
20945564546,1.8771,0,0
20962503579,33.1676,0,0
20962503587,-2.1815,0,0
20962503598,-0.935100000000006,0,0
20983484851,-7.173,0,0
20983484862,-2.2899,0,0
20983484878,-5.6499,0,0
20999738926,-3.83240000000001,0,0
20999738946,-36.3229,0,0
21014168805,2.0783,0,0
21014168825,-45.3385,0,0
21022618483,2.1011,0,0
21022618526,8.9535,0,0
21031600665,-3.0665,0,0
21031600675,4.3826,0,0
21031600697,2.81010000000001,0,0
21038905094,-23.5181,0,0
21038905113,7.1095,0,0
21078231239,3.37350000000001,0,0
20334122001,5.47300000000001,0,0
20334122047,7.12200000000001,0,0
20397874367,-0.291999999999973,0,0
20425967936,3.09899999999999,0,0
20425967962,-13.989,0,0
20452986019,10.397,0,0
20597396863,5.27600000000001,0,0
20597396885,-21.138,0,0
20597396917,32.198,0,0
20771299485,2.99000000000001,0,0
20771299555,15.1065,0,0
20771299559,3.536,0,0
20911386380,8.8161,0,0
20931904732,11.716,0,0
20920375428,9.8117,0,0
20920375445,7.578,0,0
20931904775,7.4725,0,0
20931904799,4.6027,0,0
20931904821,3.2072,0,0
20953998388,22.0647,0,0
20962503588,9.1967,0,0
20962503599,1.8691,0,0
20983484852,15.7425,0,0
20983484879,-4.1909,0,0
20999738923,-0.118099999999998,0,0
20999738927,3.6929,0,0
20999738935,2.675,0,0
20999738947,-1.3524,0,0
21004550146,2.7476,0,0
21022618477,2.7334,0,0
21022618484,-2.1975,0,0
21022618501,2.8357,0,0
21022618527,4.6476,0,0
21022618537,6.7975,0,0
21031600698,0.791699999999999,0,0
20334122008,28.427,0,0
20334122017,-9.73200000000003,0,0
20334122034,-431.917,0,0
20387836190,5.935,0,0
20387836197,-1.98700000000002,0,0
20425967922,1.16300000000001,0,0
20425967949,-7.54500000000002,0,0
20425967963,-421.457,0,0
20425967982,-14.896,0,0
20425967990,38.099,0,0
20452986030,9.80099999999999,0,0
20452986043,2.12299999999999,0,0
20452986056,-1.85399999999998,0,0
20452986063,-4.38400000000001,0,0
20597396904,23.433,0,0
20597396918,15.571,0,0
20771299470,10.676,0,0
20771299486,1.24900000000002,0,0
20771299506,15.139,0,0
20771299522,-6.065,0,0
20771299546,13.314,0,0
20771299556,9.40600000000001,0,0
20892704894,-16.138,0,0
20892704899,28.163,0,0
20892704906,15.863,0,0
20892704910,-17.346,0,0
20911386391,-97.534,0,0
20911386406,-9.41500000000002,0,0
20911386420,-8.03800000000001,0,0
20911386429,11.149,0,0
20920375435,19.446,0,0
20920375446,26.314,0,0
20931904763,9.19900000000001,0,0
20931904776,-4.14699999999999,0,0
20931904789,0.839999999999975,0,0
20953998366,-42.675,0,0
20953998376,-54.643,0,0
20953998389,19.215,0,0
20967592455,3.53500000000003,0,0
20967592459,34.466,0,0
20967592471,-30.25,0,0
20978990853,37.685,0,0
20978990859,14.8,0,0
20978990870,93.225,0,0
20978990880,-2.56,0,0
20983484871,-16.621,0,0
20983484880,4.82900000000001,0,0
21004550122,-14.43,0,0
21004550124,15.259,0,0
21004550126,6.34800000000001,0,0
21004550134,12.706,0,0
21004550147,6.89299999999997,0,0
21004550155,22.451,0,0
21022618528,7.8139,0,0
21022618535,-0.386200000000002,0,0
21026815652,10.2786,0,0
21026815659,-2.3508,0,0
21031600676,0.691899999999997,0,0
21031600687,-5.4581,0,0
21031600699,12.6156,0,0
21031600706,1.6156,0,0
20334122002,-12.494,0,0
20334122049,-16.822,0,0
20425967913,-13.307,0,0
20425967964,-28.938,0,0
20425967991,-10.94,0,0
20597396864,5.87799999999999,0,0
20452986064,20.824,0,0
20597396919,9.33699999999999,0,0
20771299487,-11.09,0,0
20771299523,-5.10500000000002,0,0
20911386370,10.379,0,0
20888105869,13.778,0,0
20931904739,34.665,0,0
20931904751,-9.37,0,0
20931904777,17.427,0,0
20945564517,-17.45,0,0
20967592452,40.02688,0,0
20967592460,10.94161,0,0
20967592479,0.0708200000000001,0,0
20994782594,11.04012,0,0
20994782601,-7.91176,0,0
20994782615,-0.16025,0,0
20994782631,-0.25787,0,0
21014168826,-7.98972,0,0
21022618529,1.31719,0,0
21031600666,0.29336,0,0
21031600677,1.28497,0,0
20387836170,3.62599999999998,0,0
20439365654,-1.35399999999998,0,0
20439365666,0.738,0,0
20439365681,1.64999999999998,0,0
20597396922,0.687000000000012,0,0
20771299526,4.91899999999998,0,0
20920375406,25.491,0,0
20920375421,3.33600000000001,0,0
20953998407,12.786,0,0
20989179504,8.06399999999999,0,0
20989179512,42.278,0,0
20989179533,26.014,0,0
20999738949,-92.833,0,0
21014168829,0.730999999999995,0,0
21014168870,0.882000000000005,0,0
20397874358,4.577,0,0
20397874369,13.66,0,0
20425967967,-7.19799999999998,0,0
20771299455,2.66399999999999,0,0
20888105801,-1.08199999999999,0,0
20771299529,37.331,0,0
20888105848,2.98899999999998,0,0
20920375422,3.56299999999999,0,0
20920375449,3.762,0,0
20967592461,19.4049,0,0
20967592480,7.4704,0,0
21022618473,24.0654,0,0
21022618474,8.3712,0,0
21022618478,0.584499999999998,0,0
21182437711,6.3614,0,0
21182437717,11.4677,0,0
21298407344,5.5077,0,0
21298407346,-20.7239,0,0
21357856345,-21.0245,0,0
21357856378,1.6733,0,0
21551806808,23.69,0,0
21599539599,-28.677,0,0
21890900354,0.742000000000019,0,0
22367978818,14.247,0,0
22367978830,6.49400000000003,0,0
20275357164,-57.292,0,0
20334121992,9.622,0,0
20387836178,3.646,0,0
20425967927,0.961000000000013,0,0
20452986032,-5.73,0,0
20597396875,0.159999999999997,0,0
20597396907,3.116,0,0
20611751968,-9.3961,0,0
20771299508,28.769,0,0
20888105812,-9.0936,0,0
20888105835,10.9623,0,0
20911386374,7.8236,0,0
20911386393,5.444,0,0
20931904736,2.73139999999999,0,0
20931904746,-0.170100000000005,0,0
20931904766,15.81,0,0
20945564513,9.965,0,0
20945564526,4.08,0,0
20945564542,2.473,0,0
20967592450,11.9977,0,0
20967592456,10.3891,0,0
20978990846,19.7575,0,0
20978990854,13.9882,0,0
20983484872,0.0999999999999943,0,0
20994782597,7.26,0,0
20994782609,6.21299999999999,0,0
20994782625,9.911,0,0
20999738940,-70.523,0,0
21004550141,6.07899999999999,0,0
21014168851,5.435,0,0
21022618493,20.476,0,0
21022618520,2.583,0,0
21022618536,9.008,0,0
21026815661,-9.623,0,0
21031600688,4.16,0,0
21038905090,-16.162,0,0
20292349417,2.70699999999999,0,0
20292349420,1.505,0,0
20292349422,5.52600000000001,0,0
20292349424,5.54500000000002,0,0
20334122012,4.67899999999997,0,0
20334122031,7.91500000000002,0,0
20334122039,4.57600000000002,0,0
20334122058,1.483,0,0
20397874362,7.72800000000001,0,0
20425967928,9.56400000000002,0,0
20425967946,5.96100000000001,0,0
20425967952,-97.817,0,0
20452986028,-14.7779,0,0
20452986033,6.5479,0,0
20452986061,-3.4365,0,0
20597396901,-0.5648,0,0
20597396908,5.0628,0,0
20771299467,-1.4133,0,0
20771299474,-0.0129999999999999,0,0
20771299503,4.5516,0,0
20771299509,0.5792,0,0
20771299542,3.981,0,0
20771299551,2.859,0,0
20888105829,-3.9463,0,0
20888105836,-10.1597,0,0
20888105858,0.6813,0,0
20888105865,1.6408,0,0
20911386388,1.6858,0,0
20911386394,-3.2365,0,0
20911386418,-0.271599999999999,0,0
20911386422,1.7593,0,0
20920375433,4.7308,0,0
20920375438,-1.2464,0,0
20931904760,-1.2832,0,0
20931904767,0.736800000000001,0,0
20931904788,0.7217,0,0
20931904791,3.4422,0,0
20931904810,-1.2499,0,0
20931904817,1.764,0,0
20953998352,0.8759,0,0
20953998357,-0.0993999999999993,0,0
20953998373,-10.3488,0,0
20953998380,-5.2008,0,0
20953998397,-2.1553,0,0
20953998401,0.0550999999999995,0,0
20967592465,-4.1195,0,0
20967592468,-9.0954,0,0
20978990852,-0.00629999999999953,0,0
20967592474,-3.129,0,0
20978990868,-0.9345,0,0
20978990874,-0.0953999999999997,0,0
20983484869,-2.0841,0,0
20983484873,-1.1711,0,0
20983484890,-1.0991,0,0
20983484893,-2.9449,0,0
21014168779,-20.9658,0,0
21014168780,-7.9497,0,0
21014168796,-1.9463,0,0
21014168801,-2.9203,0,0
21014168814,-2.9172,0,0
21014168815,2.0997,0,0
21014168843,-1.9647,0,0
21014168852,-3.9663,0,0
21014168864,-2.9647,0,0
21014168865,-0.946300000000001,0,0
21022618514,-5.0969,0,0
21022618521,5.061,0,0
21031600657,-1.0569,0,0
21031600659,0.0536999999999992,0,0
21026815657,-2.1172,0,0
21026815662,2.9159,0,0
21031600685,-4.0948,0,0
21031600689,0.9427,0,0
21038905086,0.915900000000001,0,0
21038905091,-5.0841,0,0
21038905110,-3.1068,0,0
21038905111,-1.1107,0,0
21078231236,-4.105,0,0
21078231237,-0.9902,0,0
20292349418,16.992,0,0
20292349423,-0.227000000000004,0,0
20387836169,-0.182000000000002,0,0
20425967909,1.798,0,0
20611751950,-1.05,0,0
20888105806,-1.62,0,0
20911386368,4.62700000000001,0,0
20920375418,3.10599999999999,0,0
20920375439,2.60499999999999,0,0
20931904792,-13.699,0,0
20962503572,-3.90700000000001,0,0
20962503584,3.315,0,0
20978990855,4.77500000000001,0,0
20994782592,-7.59200000000001,0,0
20994782610,22.669,0,0
21014168816,2.91999999999999,0,0
21014168866,-14.478,0,0
21031600660,16.206,0,0
21031600690,-0.103000000000009,0,0
21084915069,-0.265999999999991,0,0
21182437715,1.601,0,0
21182437743,-3.21199999999999,0,0
21429635536,-1.21899999999999,0,0
21429635538,-31.181,0,0
21429635541,-3.01900000000001,0,0
21632060578,-2.15000000000001,0,0
21566633707,1.81999999999999,0,0
21632060609,5.84999999999999,0,0
22542227893,22.609,0,0
20334121980,2.548,0,0
20334121993,15.671,0,0
20387836179,3.78199999999998,0,0
20387836193,3.07900000000001,0,0
20397874378,1.62299999999999,0,0
20439365662,1.73500000000001,0,0
20439365672,8.27600000000001,0,0
20452986034,3.45800000000003,0,0
20597396909,-0.512,0,0
20771299475,3.60599999999999,0,0
20771299510,3.68900000000002,0,0
20888105813,3.34699999999998,0,0
20888105837,13.232,0,0
20911386375,-2.358,0,0
20911386395,11.96,0,0
20911386423,-3.358,0,0
20931904747,6.75799999999998,0,0
20931904768,17.344,0,0
20945564514,-2.53899999999999,0,0
20945564527,-8.37700000000001,0,0
20967592451,11.15,0,0
20978990847,30.00299,0,0
20978990875,6.59942,0,0
20989179507,0.62663,0,0
20989179518,1.42756,0,0
20989179527,8.28843,0,0
20999738941,0.35539,0,0
21004550142,-10.60168,0,0
21014168817,28.21535,0,0
21014168853,16.79462,0,0
21022618494,0.14854,0,0
21022618522,-4.64708,0,0
21031600661,-7.08527,0,0
21026815663,5.98554,0,0
21031600691,7.94554,0,0
21038905092,-0.99814,0,0
21038905112,3.08571,0,0
21078231238,1.12121,0,0
21078231252,-5.66898,0,0
24088471180,-0.326999999999998,0,0
24105166293,1.077,0,0
24116435454,-1.727,0,0
24128612781,-11.016,0,0
24143139938,8.024,0,0
24143139963,-5.05500000000001,0,0
24153664039,5.09100000000001,0,0
24179012063,4.243,0,0
24223102851,7.6739,0,0
24252430395,9.8795,0,0
24283328533,9.8307,0,0
24292361854,-0.199300000000001,0,0
24297393589,1.6914,0,0
24305513756,0.754200000000001,0,0
24317200452,1.9038,0,0
24376899890,-4.1473,0,0
24556316768,1.0405,0,0
24556316781,8.8019,0,0
24556316806,11.334,0,0
24726282590,-27.8439,0,0
24726282594,4.6074,0,0
24726282604,13.6435,0,0
24764786931,-29.7619,0,0
24743997363,-3.819,0,0
24764786937,-1.2374,0,0
24779691311,14.2031,0,0
24779691324,3.1699,0,0
24848598832,-0.720399999999998,0,0
24848598840,-4.1402,0,0
24088471181,1.35499999999999,0,0
24105166294,5.237,0,0
24116435455,59.283,0,0
24116435460,1.02000000000001,0,0
24128612782,-1.851,0,0
24128612801,-0.13300000000001,0,0
24143139964,1.065,0,0
24153664040,3.51599999999999,0,0
24184523497,-0.435000000000002,0,0
24189017220,0.610000000000014,0,0
24204680092,-0.640999999999991,0,0
24223102872,-0.952999999999975,0,0
24252430396,-1.56700000000001,0,0
24292361846,-1.011,0,0
24283328555,10.681,0,0
24292361877,6.09399999999999,0,0
24363375461,-27.761,0,0
24363375479,-10.288,0,0
24438688155,40.561,0,0
24699947535,5.8043,0,0
24743997364,46.03094,0,0
24743997371,-1.04075,0,0
24793389822,4.85675,0,0
24793389840,-7.20133,0,0
24793389865,0.50549,0,0
24848598856,-4.70478,0,0
24848598869,-0.652,0,0
25210801389,26.08306,0,0
24105166295,8.821,0,0
24116435456,0.199999999999989,0,0
24116435461,0.453000000000003,0,0
24128612783,2.71100000000001,0,0
24143139939,24.757,0,0
24153664041,-3.697,0,0
24164982471,-10.155,0,0
24179012078,16.18,0,0
24184523498,15.791,0,0
24204680076,2.25,0,0
24223102852,4.91,0,0
24283328534,4.07,0,0
24297393583,1.62,0,0
24297393590,2.84,0,0
24305513744,-0.200000000000003,0,0
24305513757,0.170000000000002,0,0
24317200453,4.11,0,0
24376899883,6.42,0,0
24376899891,-2.29,0,0
24556316769,0.560000000000002,0,0
24556316782,-3.78,0,0
24556316807,-6.15,0,0
24726282591,-0.989999999999995,0,0
24726282595,0.32,0,0
24726282605,1.71,0,0
24743997357,4.67,0,0
24793389823,0.75,0,0
24793389841,3,0,0
24793389866,1.54,0,0
24848598841,2.95,0,0
24848598857,11.49,0,0
16152170133,-2.3249,0,0
16152170134,61.8242,0,0
17211054055,8.0528,0,0
17211054056,146.3308,0,0
16349736287,1.4335,0,0
16349736288,31.6796,0,0
16836748934,7.9282,0,0
16916874313,3.6954,0,0
16916874314,4.6822,0,0
16916874309,1.9425,0,0
16916874310,15.9328,0,0
17015282705,-10.6526,0,0
17015282706,14.2811,0,0
17060579723,0.950000000000003,0,0
17060579724,8.359,0,0
17060579726,11.5222,0,0
17060579727,5.4521,0,0
17345585552,6.8563,0,0
17345585553,19.8954,0,0
17135675438,25.5276,0,0
19794563589,8.238,0,0
19794563590,7.238,0,0
19862859330,36.0114,0,0
19862859332,6.51049999999999,0,0
20989179494,20.1293,0,0
20989179495,3.7399,0,0
19862859341,7.71639999999999,0,0
19862859342,5.71639999999999,0,0
19862859331,5.85680000000001,0,0
19862859333,8.8768,0,0
19921272148,-21.3699,0,0
19921272151,10.5501,0,0
19921272149,6.1883,0,0
19921272152,3.1683,0,0
19921272140,27.7333,0,0
19921272141,20.6684,0,0
19921272150,7.87009999999999,0,0
19921272153,4.875,0,0
20888105795,25.2427,0,0
20962503564,22.9553,0,0
20962503565,-23.8395,0,0
20945564503,6.4414,0,0
14074607143,-8.60900000000001,0,0
14074607144,-10.763,0,0
14074605829,2.333,0,0
14074605830,6.81,0,0
14074605831,-4.43899999999999,0,0
14074605832,1.18100000000001,0,0
14074605834,5.65000000000001,0,0
14073506446,8.08500000000001,0,0
14073506447,15.086,0,0
14100898026,-2.80500000000001,0,0
14100898027,41.023,0,0
14106117088,7.98500000000001,0,0
14106117089,-9.45099999999999,0,0
14116496540,15.321,0,0
14116496541,-4.64500000000001,0,0
14127515715,20.816,0,0
14127515716,28.949,0,0
14214397405,-4.06,0,0
14150365616,0.438999999999993,0,0
14150365617,27.16,0,0
14243374271,-7.90100000000001,0,0
14195546247,-3.524,0,0
14195546248,18.316,0,0
14243374272,8.11600000000001,0,0
14243374273,4.45500000000001,0,0
14243374275,29.826,0,0
14301614240,-34.119,0,0
14271288745,-186.14,0,0
14271288746,33.904,0,0
14301614242,-61.478,0,0
14301614243,25.889,0,0
14309750600,-19.789,0,0
14309750601,0.390999999999991,0,0
14378167071,6.98000000000002,0,0
14378167072,17.072,0,0
14392731124,-0.322000000000003,0,0
14392731125,2.49000000000001,0,0
14409659163,13.087,0,0
14409659164,6.44200000000001,0,0
14435161675,9.65899999999999,0,0
14435161676,-2.34100000000001,0,0
14514930672,-7.33800000000002,0,0
14514930673,7.78800000000001,0,0
14456980306,2.78800000000001,0,0
14496707066,1.048,0,0
14496707067,7.06799999999998,0,0
14504686100,0.788000000000011,0,0
14510650817,17.182,0,0
14510650818,6.48000000000002,0,0
14526923091,-3.3078,0,0
14558553391,-25.1792,0,0
14565571351,6.905,0,0
14565571352,4.616,0,0
14591881068,1.995,0,0
14591881069,5.112,0,0
14620630171,-23.791,0,0
14620630172,10.293,0,0
14628420608,5.986,0,0
14628420609,9.864,0,0
14644000901,-13.123,0,0
14644000902,3.524,0,0
14681045892,38.806,0,0
14681045893,-6.256,0,0
14726461115,71.131,0,0
14756593003,3.784,0,0
14867959710,11.846,0,0
14867959712,-11.751,0,0
14867959714,-2.596,0,0
14984400904,-1.604,0,0
14984400908,2.42,0,0
15037271367,7.28,0,0
15096830121,8.31999999999999,0,0
15096830148,6.84999999999999,0,0
15146831919,0.950000000000003,0,0
15146831939,17.72,0,0
15206500994,9.98,0,0
15206501018,2.12,0,0
15467902359,4.09999999999999,0,0
15715084394,-75.95,0,0
15715084401,4.13,0,0
15715084419,10.96,0,0
15715084432,-11.58,0,0
15773863674,24.55,0,0
15841392734,2.78,0,0
15943642870,-2.47,0,0
15943642881,-1.34,0,0
15943642887,-0.25,0,0
16047914401,6.15000000000001,0,0
16047914414,34.13,0,0
16152170125,-6.88,0,0
16270667814,1.97,0,0
14074606983,6.2663,0,0
14074606984,5.1722,0,0
14074606985,14.2344,0,0
14074606986,-0.569800000000001,0,0
14074606987,-12.5147,0,0
14074606988,50.0607,0,0
14073506444,10.6055,0,0
14073506445,-6.8924,0,0
14088480471,6.6408,0,0
14088480472,-2.8661,0,0
14088480473,19.5704,0,0
14088480474,-1.8082,0,0
14106117086,3.7412,0,0
14106117087,-6.8678,0,0
14116496538,-11.9757,0,0
14116496539,-0.8878,0,0
14127515713,-8.3272,0,0
14127515714,7.6855,0,0
14138835852,-5.4675,0,0
14138835853,7.7355,0,0
14160844912,-4.9231,0,0
14160844913,8.2784,0,0
14160844914,14.4852,0,0
14160844915,-16.2384,0,0
14212529118,2.4918,0,0
14212529119,1.4518,0,0
14212529120,-0.955399999999999,0,0
14212529121,9.7575,0,0
14243374269,-2.5457,0,0
14243374270,3.5452,0,0
14271288741,-13.276,0,0
14271288742,1.4932,0,0
14271288743,37.6477,0,0
14271288744,2.7614,0,0
14309750596,13.4823,0,0
14309750597,-9.1491,0,0
14378167065,-1.01199999999994,0,0
14378167066,1.06100000000004,0,0
14378167067,-20.499,0,0
14378167068,-4.72299999999996,0,0
14384590865,5.14499999999998,0,0
14384590866,-772.091,0,0
14409659161,12.237,0,0
14435161672,2.70599999999999,0,0
14435161673,0.674000000000007,0,0
14435161674,-0.738,0,0
14450728247,-3.78800000000001,0,0
14450728248,-3.68600000000001,0,0
14470354475,-3.06800000000001,0,0
14470354476,1.26499999999999,0,0
14496707064,228.202,0,0
14526923088,12.344,0,0
14526923089,5.959,0,0
14558553390,4.26100000000002,0,0
14573482568,5.89100000000002,0,0
14573482569,6.02300000000002,0,0
14591881066,7.01100000000002,0,0
14591881067,9.738,0,0
14620630169,-89.426,0,0
14620630170,6.95400000000001,0,0
14628420606,4.40899999999999,0,0
14628420607,24.928,0,0
14681045888,-11.107,0,0
14681045890,147.366,0,0
14681045891,6.80799999999999,0,0
14726461113,-381.57,0,0
14789576180,15.06,0,0
14789576182,-8.24000000000001,0,0
14867959706,-5.61399999999998,0,0
14867959708,10.586,0,0
14921488281,4.87799999999999,0,0
14984400901,-1.71699999999998,0,0
14984400903,8.35500000000002,0,0
15096830103,6.03899999999999,0,0
15037271366,-67.293,0,0
15096830149,-23.024,0,0
15096830167,-10.469,0,0
15146831940,-1.83600000000001,0,0
15146831951,4.66000000000003,0,0
15206501019,-5.89999999999998,0,0
15467902360,9.31599999999997,0,0
15467902380,8.04000000000002,0,0
15638261191,0.178999999999974,0,0
15638261209,11.63,0,0
15715084420,2.63900000000001,0,0
15715084433,11.762,0,0
15841392716,12.802,0,0
15841392735,21.271,0,0
15841392743,8.88,0,0
15943642882,11.082,0,0
16047914380,-0.252999999999986,0,0
16047914402,5.61399999999998,0,0
16152170052,2.18000000000001,0,0
16152170126,8.505,0,0
16349736231,10.846,0,0
16349736277,3.56599999999997,0,0
16358987676,12.429,0,0
16419323228,-11.596,0,0
16468348684,9.73399999999998,0,0
17869104832,2.13800000000001,0,0
18009745616,1.37299999999999,0,0
18009745672,-8.89699999999999,0,0
18052008900,10.814,0,0
18089366214,-1.91800000000001,0,0
18106065757,7.22399999999999,0,0
18169751732,20.496,0,0
18217470800,21.989,0,0
18169751823,-254.153,0,0
18240116592,0.0219999999999914,0,0
18240116629,5.37200000000001,0,0
18279741004,11.725,0,0
18296035918,126.281,0,0
18311652258,17.221,0,0
18338059510,-2.34199999999998,0,0
18395863455,4.74599999999998,0,0
18442778565,3.336,0,0
18442778575,8.865,0,0
18507848819,-5.33199999999999,0,0
18586315554,-15.74,0,0
18628342633,10.47,0,0
18652625301,9.37,0,0
18690983742,20.621,0,0
18724615637,2.66800000000001,0,0
18750320568,13.144,0,0
18784646918,-0.420000000000002,0,0
18784646969,6.361,0,0
18814703824,4.86,0,0
17901259827,3.935,0,0
17901259862,-10.167,0,0
17901259909,-1.905,0,0
18009745755,7.22,0,0
18009745836,0.0949999999999989,0,0
18052008984,1.22999999999999,0,0
18106065759,-3.20500000000001,0,0
18169751768,-16.535,0,0
18240116594,-2.71599999999999,0,0
18296035891,3.09699999999999,0,0
18296035900,-16.308,0,0
18296035921,0.543999999999997,0,0
18311652260,8.575,0,0
18338059511,25.376,0,0
18395863458,1.524,0,0
18413433757,1.64400000000001,0,0
18442778578,3.989,0,0
18483496158,3.069,0,0
18534034637,-7.861,0,0
18586315597,-1.02800000000001,0,0
18652625302,3.635,0,0
18724615618,-5.44799999999999,0,0
18724615638,-18.931,0,0
18784646902,-40.407,0,0
18784646919,4.688,0,0
18814703817,12.887,0,0
18814703825,-1.54900000000001,0,0
18009745596,-6.89099999999999,0,0
17882472463,12.305,0,0
18009745756,-111.608,0,0
18240116564,40.927,0,0
18507848789,-529.928,0,0
18507848820,-430.828,0,0
18604664762,-9.59299999999996,0,0
17901259833,-11.3076,0,0
17901259868,4.0077,0,0
18009745681,-2.3096,0,0
18009745763,38.9521,0,0
18052008937,1.7308,0,0
18106065725,7.445,0,0
18106065763,2.0764,0,0
18124433765,11.489,0,0
18145087163,-1.5423,0,0
18240116570,3.98500000000001,0,0
18240116596,-20.915,0,0
18240116633,-33.932,0,0
18296035924,0.0520000000000209,0,0
18338059474,0.142999999999972,0,0
18338059517,3.92899999999997,0,0
18395863463,2.47500000000002,0,0
18413433760,2.822,0,0
18442778581,0.925999999999988,0,0
18483496163,-9.743,0,0
18534034642,-0.0740000000000123,0,0
18534034687,-1.63400000000001,0,0
18586315601,-8.80700000000002,0,0
18652625267,-0.189999999999998,0,0
18628342662,-1.41399999999999,0,0
18652625353,-1.49000000000001,0,0
18690983785,-0.468000000000018,0,0
18750320571,-1.07400000000001,0,0
18750320609,0.244000000000028,0,0
18799202754,2.238,0,0
17901259834,1.602,0,0
17901259869,1.56999999999999,0,0
17901259913,11.134,0,0
18124433741,4.8622,0,0
18106065814,4.6022,0,0
18196702213,-62.773,0,0
18169751829,1.76499999999999,0,0
18196702262,6.358,0,0
18256194270,-21.3669,0,0
18338059459,9.6171,0,0
18296035965,-4.95948,0,0
18395863395,6.7705,0,0
18395863464,13.7706,0,0
18483496094,3.5439,0,0
18483496164,22.3499,0,0
18586315537,8.1845,0,0
18534034688,5.2344,0,0
18586315602,13.2926,0,0
18628342634,10.5393,0,0
18652625306,7.4068,0,0
18690983745,11.6664,0,0
18724615639,9.9283,0,0
18750320572,4.6915,0,0
18814703813,10.772,0,0
18784646975,-0.219799999999999,0,0
18814703827,14.8083,0,0
17901259835,-8.4419,0,0
18009745621,8.4599,0,0
18009745765,14.1778,0,0
18052008938,-61.189,0,0
18052008990,0.572000000000003,0,0
18124433800,7.88600000000002,0,0
18169751830,-10.296,0,0
18217470846,30.314,0,0
18296035903,-52.305,0,0
18279741047,7.44299999999998,0,0
18296035966,16.904,0,0
18338059518,-261.602,0,0
18395863465,-14.789,0,0
18413433761,10.035,0,0
18413433803,1.22199999999998,0,0
18483496165,-3.53300000000002,0,0
18507848823,0.882000000000005,0,0
18534034689,0.987000000000023,0,0
18586315603,-3.31299999999999,0,0
18604664766,-2.97300000000001,0,0
18628342663,1.43799999999999,0,0
18652625354,15.682,0,0
18690983786,4.54599999999999,0,0
18724615675,-6.33800000000002,0,0
18750320610,5.46699999999998,0,0
18814703818,6.26299999999998,0,0
18814703828,1.118,0,0
18009745683,-31.8045,0,0
18009745842,49.1541,0,0
18052008991,-25.7339,0,0
18089366264,3.2973,0,0
18106065816,11.9112,0,0
18124433801,1.4348,0,0
18169751831,0.307499999999999,0,0
18217470847,-2.667,0,0
16662560944,0.581000000000017,0,0
16662560988,0.369000000000028,0,0
16662561093,-18.226,0,0
16683638068,0.219000000000051,0,0
17168889562,0.301000000000045,0,0
17631635772,7.231,0,0
17869104794,-3.84900000000005,0,0
16662560945,-34.169,0,0
16683637989,3.40499999999997,0,0
16662561094,-3.75199999999995,0,0
16683638069,2.93799999999999,0,0
16890710186,13.86,0,0
16836748993,-2.65700000000004,0,0
16890710286,6.43799999999999,0,0
17015282718,4.76999999999998,0,0
17015282740,6.50900000000001,0,0
17015282839,-10.127,0,0
17168889410,1.983,0,0
17168889432,6.98599999999999,0,0
17168889464,4.595,0,0
17168889563,3.911,0,0
17233846418,10.951,0,0
17295188380,-0.753999999999991,0,0
17345585579,6.346,0,0
17447307389,-3.72399999999999,0,0
17631635778,-13.013,0,0
17631635786,0.563999999999993,0,0
17686923437,2.94800000000001,0,0
17786229944,1.43899999999999,0,0
17869104807,7.66399999999999,0,0
18009745654,-11.195,0,0
18106065730,2.18700000000001,0,0
18196702216,3.34500000000003,0,0
18395863334,-0.986999999999966,0,0
18395863403,11.854,0,0
18586315527,5.38199999999995,0,0
18586315584,4.10000000000002,0,0
18690983749,4.77499999999998,0,0
18784646950,4.72199999999998,0,0
18843090313,6.83199999999999,0,0
16683637990,1.875,0,0
16662561095,2.13,0,0
16758145426,0.809999999999945,0,0
16758145504,4.96500000000003,0,0
16785091421,-117.881,0,0
16824935254,7.37900000000002,0,0
16890710199,6.04399999999998,0,0
16890710287,0.889999999999986,0,0
16940116344,-24.907,0,0
17015282741,-0.980000000000018,0,0
17015282840,4.08,0,0
17168889411,-6.8586,0,0
17168889433,-8.42270000000001,0,0
17168889465,0.373900000000006,0,0
17168889564,2.3095,0,0
17233846419,3.46129999999999,0,0
17295188381,1.83329999999999,0,0
17295188466,13.642,0,0
17447307390,31.322,0,0
17608990249,3.0442,0,0
17608990265,4.5322,0,0
17869104795,3.55289999999999,0,0
18009745584,-3.30500000000001,0,0
18106065709,0.470100000000002,0,0
18106065731,44.641,0,0
18196702217,-178.107,0,0
18395863404,-26.761,0,0
18442778595,0.422000000000025,0,0
18843090314,8.511,0,0
16662560946,0.654999999999973,0,0
16662560989,4.81299999999999,0,0
16662561096,3.16800000000001,0,0
16683638070,4.59699999999998,0,0
16758145505,2.01199999999994,0,0
16785091422,-12.777,0,0
16824935255,5.33100000000002,0,0
16916874330,3.08100000000002,0,0
16916874350,-605.709,0,0
17015282719,2.71600000000001,0,0
17015282742,-3.851,0,0
17168889434,110.6787,0,0
17168889466,23.92205,0,0
17168889565,-47.34305,0,0
17345585562,-8.21813,0,0
17295188382,17.76258,0,0
17631635773,63.51397,0,0
17631635779,55.33843,0,0
17631635787,29.71673,0,0
17631635816,94.13414,0,0
17786229945,25.08864,0,0
16662560947,2.96000000000004,0,0
16662560990,1.13900000000001,0,0
16662561097,1.03200000000004,0,0
16683638071,4.45799999999997,0,0
16758145506,6.40499999999997,0,0
16785091423,0.0320000000000391,0,0
16824935256,22.46,0,0
16890710200,2.947,0,0
16890710288,4.90200000000004,0,0
16940116345,9.01999999999998,0,0
17015282743,16.205,0,0
17015282841,-419.745,0,0
17168889413,-16.594,0,0
17168889467,-44.265,0,0
17168889566,1.815,0,0
17295188347,4.69999999999999,0,0
17295188383,0.701999999999998,0,0
17345585605,22.8878,0,0
17447307456,7.5305,0,0
17521128333,1.2879,0,0
16662560991,10.5359999999999,0,0
16662561137,0.349000000000046,0,0
16758145507,30.953,0,0
16824935223,35.12,0,0
16890710201,-20.344,0,0
16890710317,2.00199999999995,0,0
16954009406,-12.2670000000001,0,0
17060579744,1.428,0,0
17168889435,15.127,0,0
17168889505,12.723,0,0
17233846420,-5.126,0,0
17295188419,-0.462999999999994,0,0
17521128299,-13.665,0,0
17816584331,-8.01,0,0
17816584350,12.295,0,0
18009745684,5.613,0,0
18169751747,43.535,0,0
18169751849,19.181,0,0
18279740994,43.59,0,0
18395863423,11.823,0,0
18413433782,-50.025,0,0
18483496182,0.265999999999963,0,0
18690983713,23.63,0,0
18690983771,-4.37199999999996,0,0
16662560994,2.464,0,0
16662561138,0.291999999999973,0,0
16758145508,-3.38900000000001,0,0
16824935224,-11.197,0,0
16890710202,13.184,0,0
16916874370,1.43700000000001,0,0
16954009407,-36.945,0,0
17015282885,-2.07900000000001,0,0
17135675465,-17.15,0,0
17168889506,-2.768,0,0
17233846421,-25.716,0,0
17447307367,-4.5,0,0
17631635783,-10.214,0,0
17686923439,-1.822,0,0
17786230002,-4.16800000000001,0,0
18009745685,21.02,0,0
18169751748,0.0649999999999977,0,0
18196702238,-2.18299999999999,0,0
18240116657,0.762,0,0
18395863343,15.92,0,0
18413433736,-9.36000000000001,0,0
18413433783,-2.39999999999998,0,0
18483496183,8.80700000000002,0,0
18750320540,-24.969,0,0
18750320547,8.79000000000002,0,0
16662561139,2.57500000000005,0,0
16758145509,2.81500000000005,0,0
16890710203,-12.001,0,0
16890710318,4.07799999999997,0,0
17015282886,10.967,0,0
17135675466,-7.80708,0,0
17168889507,13.02176,0,0
17246297068,34.45244,0,0
17608990242,4.97578,0,0
17786229886,19.38087,0,0
17786230003,-6.80648,0,0
18196702239,-38.97,0,0
18395863424,-37.529,0,0
18534034623,-11.284,0,0
18628342651,-2.74000000000001,0,0
18750320548,9.39299999999997,0,0
16662560993,-8.351,0,0
16662561140,-0.562999999999988,0,0
16890710204,1.98099999999999,0,0
16916874371,2.75800000000004,0,0
16954009408,3.06600000000003,0,0
17168889436,2.3,0,0
17168889508,2.95999999999999,0,0
17233846422,-86.67,0,0
17447307368,-3.02,0,0
17447307503,-3.78,0,0
17686923440,4.06999999999999,0,0
17816584351,10.65,0,0
18169751750,3.149,0,0
18196702240,-10.485,0,0
18240116658,3.23699999999997,0,0
18296035951,-1.50599999999997,0,0
18413433785,-9.46699999999998,0,0
18534034624,10.023,0,0
18586315577,1.16800000000001,0,0
18628342652,3.08799999999997,0,0
16916874372,7.13299999999998,0,0
16954009409,-2.38999999999999,0,0
16916874379,26.06359,0,0
16916874398,-20.02475,0,0
16916874410,0.34124,0,0
16954009410,80.1,0,0
17135675452,21.1469,0,0
17135675467,1.2799,0,0
17233846379,-19.46774,0,0
17168889567,25.96,0,0
17233846423,34.2767,0,0
17295188384,-12.6287,0,0
17295188467,-8.24587,0,0
17345585606,8.36124,0,0
17786229881,1.75827,0,0
17631635788,2.67506,0,0
17786229903,16.4047,0,0
17786229946,-1.93644,0,0
18052008880,8.2086,0,0
18196702188,2.18576,0,0
18586315520,0.348000000000013,0,0
18442778596,3.279,0,0
18690983715,3.10499999999999,0,0
18799202737,3.25299999999999,0,0
18799202738,1.148,0,0
18973260543,5.05699999999999,0,0
19157547630,9.769,0,0
19157547633,9.72,0,0
19157547643,19.974,0,0
19236336590,21.643,0,0
19531794034,104.362,0,0
19531794055,8.94,0,0
16916874373,16.78,0,0
16954009411,8.95400000000001,0,0
17135675449,3.30700000000002,0,0
17211054063,-0.439999999999998,0,0
17211054108,68.22,0,0
17345585567,1.00099999999998,0,0
17521128300,-3.72800000000001,0,0
17686923441,115.028,0,0
17786230004,-0.995000000000005,0,0
18009745688,7.14500000000001,0,0
18169751751,-4.83000000000001,0,0
18296035897,5.49100000000001,0,0
18338059535,4.95,0,0
18413433786,13.712,0,0
18483496184,7.925,0,0
18628342619,2.319,0,0
18628342653,2.541,0,0
18724615626,-41.544,0,0
18750320592,-29.84,0,0
16916874374,-1.47499999999999,0,0
16954009412,4.7567,0,0
17015282887,1.71599999999999,0,0
17135675469,2.92319999999999,0,0
17168889509,-0.631500000000003,0,0
17233846424,8.6715,0,0
17295188420,9.09999999999999,0,0
17521128301,12.9583,0,0
17631635819,-3.3681,0,0
18724615607,13.9115,0,0
17168889437,-4.761,0,0
17233846425,-2.801,0,0
17295188421,0.227999999999994,0,0
18145087149,-4.861,0,0
16916874380,82.57176,0,0
16954009350,35.07056,0,0
16940116303,-16.1329,0,0
16940116346,-6.2103,0,0
17135675442,-0.220500000000001,0,0
17135675446,2.7434,0,0
17135675453,-16.1099,0,0
17135675470,3.7897,0,0
17135675506,-6.109,0,0
17233846389,2.931,0,0
17246297069,7.8097,0,0
17345585565,4.6445,0,0
17345585581,8.8407,0,0
17345585607,2.7425,0,0
17447307457,2.4282,0,0
17521128334,24.6629,0,0
17816584330,16.7803,0,0
17816584338,21.5466,0,0
16940116304,-4.25791,0,0
16940116347,9.21956,0,0
17015282744,30.50374,0,0
17015282842,3.13883,0,0
17060579761,-4.84059,0,0
17168889438,-2.12493,0,0
17168889468,11.21883,0,0
17168889568,18.07416,0,0
17295188348,16.01857,0,0
17246297101,13.17966,0,0
17295188468,8.47623,0,0
17295188535,36.58665,0,0
17447307458,111.42255,0,0
17786229890,-15.92004,0,0
17816584339,1.09585,0,0
17816584374,13.29689,0,0
17901259903,-0.98526,0,0
18256194216,7.99031,0,0
18256194219,2.08503,0,0
18395863405,-0.387,0,0
18507848791,-0.0969999999999942,0,0
18724615604,0.872,0,0
18724615620,-4.032,0,0
18897319080,3.726,0,0
18897319107,0.716999999999999,0,0
19236336547,0.638000000000005,0,0
19236336550,-16.988,0,0
19397723969,-7.679,0,0
19463274532,2.117,0,0
19531794056,-7.489,0,0
16954009379,52.78292,0,0
17015282733,20.85136,0,0
17060579733,0.14237,0,0
17246297063,25.74512,0,0
17246297064,-4.06038,0,0
17246297070,-4.2402,0,0
17345585568,-1.06842,0,0
17608990255,3.08317,0,0
17686923442,-10.50243,0,0
17786230005,-5.18191,0,0
18009745689,-5.24456,0,0
18196702241,7.49000000000001,0,0
18296035953,3.32299999999999,0,0
18413433737,3.313,0,0
18413433788,2.196,0,0
18586315578,-1.376,0,0
18690983719,3.563,0,0
18690983772,3.583,0,0
18784646909,5.59099999999999,0,0
18784646992,1.402,0,0
18973260542,0.965000000000003,0,0
18973260560,2.715,0,0
19033909963,0.579999999999998,0,0
19157547634,5.635,0,0
19326637013,8.135,0,0
17015282822,-5.27367,0,0
17015282888,-5.64626,0,0
17135675471,5.33532,0,0
17168889511,6.43532,0,0
17246297071,-3.65375,0,0
17295188422,-1.35982,0,0
17786229887,-6.69047,0,0
17631635820,0.29127,0,0
17816584352,-3.94243,0,0
18009745690,-7.87983,0,0
18169751753,6.7251,0,0
18169751850,-5.6781,0,0
18279740995,69.6231,0,0
18413433789,3.09899999999999,0,0
18483496185,3.89400000000001,0,0
18724615608,8.31800000000001,0,0
18724615627,5.31899999999999,0,0
18750320593,7.81399999999999,0,0
18784646993,6.63399999999999,0,0
17168889475,2.62307,0,0
17233846382,1.59987,0,0
17233846386,4.0032,0,0
17233846426,55.881,0,0
17447307369,17.61676,0,0
17447307504,53.6342,0,0
17686923443,-40.2669,0,0
17869104800,-3.2428,0,0
18009745691,-4.7283,0,0
18169751754,13.63498,0,0
18196702242,-0.34502,0,0
18240116659,11.6180000000001,0,0
18395863344,-0.909999999999997,0,0
18652625240,-9.87700000000001,0,0
18652625283,-1.743,0,0
18690983773,-1.834,0,0
18750320594,4.63399999999999,0,0
18843090273,0.731999999999999,0,0
18843090312,-4.78100000000001,0,0
18897319143,6.04300000000001,0,0
18973260596,4.68100000000001,0,0
19157547635,-0.391999999999996,0,0
19236336581,-2.35900000000001,0,0
19463274533,9.10400000000001,0,0
19531794072,6.91399999999999,0,0
17211054099,-10.11527,0,0
17233846427,-43.77675,0,0
17233846432,59.83756,0,0
17295188423,14.9836,0,0
17521128303,26.0553,0,0
18009745580,69.5562,0,0
18009745692,13.3193,0,0
18169751755,9.385,0,0
18196702243,-49.5374,0,0
18240116660,20.857,0,0
18395863345,2.05500000000001,0,0
18395863427,-0.816000000000003,0,0
18413433790,-5.79199999999997,0,0
18483496186,34.829,0,0
18628342620,1.82400000000001,0,0
18628342654,21.591,0,0
18690983774,-15.959,0,0
18750320595,1.743,0,0
18843090274,-1.541,0,0
18897319105,-13.35,0,0
18897319144,-5.69999999999999,0,0
18973260597,-20.05,0,0
19236336551,1.30000000000001,0,0
19236336582,2.75,0,0
19463274534,3.67000000000002,0,0
19531794073,-365.82,0,0
19738660828,6.52999999999997,0,0
19878851826,15.43,0,0
17246297085,4.32188,0,0
17246297091,-41.51076,0,0
17233846453,173.51603,0,0
17233846479,-44.19666,0,0
17295188365,11.3685,0,0
17295188424,7.8004,0,0
17521128304,-15.9899,0,0
17631635821,-22.9686,0,0
17816584353,-25.0253,0,0
17295188425,1.4568,0,0
17447307366,14.30434,0,0
17447307502,13.78078,0,0
17631635822,5.71799999999999,0,0
18196702218,1.34100000000001,0,0
18296035889,20.448,0,0
18296035892,3.56200000000001,0,0
18311652252,4.66800000000001,0,0
18395863406,15.9930000000001,0,0
18395863504,-3.99400000000003,0,0
18604664719,5.161,0,0
18604664767,-0.699000000000012,0,0
18652625336,-65.678,0,0
17786229889,-74.637,0,0
18240116554,-1.40899999999999,0,0
18240116641,-4.907,0,0
18279741029,15.1631,0,0
18296035956,-87.632,0,0
18395863407,7.39100000000002,0,0
18395863505,-10.228,0,0
18413433795,14.13,0,0
18483496168,-0.113999999999976,0,0
18652625270,1.07999999999998,0,0
18652625337,12.25,0,0
18750320573,-1.24000000000001,0,0
18843090268,2.19,0,0
18843090275,5.44,0,0
18897319102,10.93,0,0
18897319116,3.80000000000001,0,0
18973260561,7.72000000000003,0,0
19033909967,8.5,0,0
19236336558,16.33,0,0
19236336580,6.62,0,0
19326637026,-0.899999999999977,0,0
19397723994,9.67000000000002,0,0
19531794071,-407.86,0,0
19589114122,5.20999999999998,0,0
19738660837,8.83999999999997,0,0
19794563591,10.89,0,0
19862859344,26.46,0,0
20082902929,4.36000000000001,0,0
20247710619,8.67000000000002,0,0
20334121986,-2.56,0,0
20334122030,-3.00999999999999,0,0
20439365678,-0.573000000000008,0,0
20771299541,-1.16200000000001,0,0
20945564556,4.06700000000001,0,0
18256194226,1.646,0,0
18256194253,3.492,0,0
18279741035,4.4632,0,0
18338059478,-0.755999999999972,0,0
18586315523,1.94999999999999,0,0
18724615615,5.68299999999999,0,0
19033909950,8.78999999999999,0,0
19236336559,6.18799999999999,0,0
19236336592,10.83,0,0
19738660816,8.56700000000001,0,0
19738660821,5.86099999999999,0,0
19862859315,8.208,0,0
19862859345,2.18700000000001,0,0
20247710617,2.101,0,0
20387836164,-3.899,0,0
20425967951,4.51999999999998,0,0
20452986031,2.84299999999999,0,0
20611751958,12.151,0,0
20888105805,4.15100000000001,0,0
20888105834,2.87100000000001,0,0
20931904745,-3.19,0,0
18089366204,1.86768,0,0
18169751716,0.99577,0,0
18169751756,-7.00517,0,0
18169751814,0.30814,0,0
18196702276,-0.63186,0,0
18279741034,0.21105,0,0
18586315521,-1.72896,0,0
18395863428,5.32814,0,0
18586315528,1.22814,0,0
18784646894,-2.57212,0,0
18784646994,-4.63712,0,0
19107828726,-1.48985,0,0
19107828747,3.36415,0,0
19236336591,9.36533,0,0
19463274541,0.424989999999999,0,0
19589114121,3.34986,0,0
19738660845,1.45392,0,0
19862859343,1.17312,0,0
20334121979,0.48859,0,0
20334121991,1.29209,0,0
20597396852,2.30012,0,0
20597396860,-3.13232,0,0
20597396906,0.02698,0,0
20771299507,2.02628,0,0
20771299558,0.98725,0,0
20920375417,-3.03275,0,0
20920375437,-80.04994,0,0
21014168812,-47.5041,0,0
21014168862,-33.3079,0,0
21031600654,-30.2253,0,0
21078231218,-30.473,0,0
21078231234,-35.1853,0,0
21115287488,-28.3809,0,0
21182437735,-16.3079,0,0
21357856336,-32.453,0,0
21357856341,-44.337,0,0
21439409152,-28.7667,0,0
21439409205,-0.933499999999999,0,0
21517098676,23.2383,0,0
21551806754,-40.595,0,0
21551806789,-16.4794,0,0
21566633712,17.603,0,0
21599539587,-8.56500000000005,0,0
21632060611,-35.317,0,0
21632060628,-9.59900000000005,0,0
21787139369,19.8819999999999,0,0
21859718330,-94.62,0,0
21859718334,-24.052,0,0
21859718359,-505.721,0,0
21945098717,-38.516,0,0
21945098722,-7.80099999999999,0,0
22367978823,-33.164,0,0
22367978831,23.281,0,0
22341910589,-3.428,0,0
22542228804,-17.346,0,0
22574770770,-0.645999999999958,0,0
22574770828,2.71299999999997,0,0
23054196914,48.109,0,0
23054196952,-17.467,0,0
23276541539,-25.135,0,0
23276541570,-30.975,0,0
23503662713,-19.295,0,0
23570158534,-17.419,0,0
21014168813,-30.4095,0,0
21014168863,-23.7896,0,0
21026815648,-35.2067,0,0
21214534114,-21.2067,0,0
21279049743,-54.2697,0,0
21279049749,-34.0051,0,0
21279049773,-39.2224,0,0
21335177797,-43.2153,0,0
21439409206,-37.0251,0,0
21458082914,-31.029,0,0
21526243621,-38.0124,0,0
21551806837,-30.437,0,0
21577620868,-12.593,0,0
21608137612,-114.421,0,0
21799719752,-16.708,0,0
21890900395,-16.908,0,0
22341910569,-18.446,0,0
22341910573,-23.658,0,0
22341910590,-8.852,0,0
22542227900,-2.73500000000001,0,0
23054196911,-14.135,0,0
23054196915,-20.31,0,0
23054196953,-35.278,0,0
23213804121,-11.361,0,0
23503663027,-8.237,0,0
23503663033,-19.454,0,0
23503663054,-27.559,0,0
23992268473,-41.844,0,0
21022618504,-40.31576,0,0
21031600655,20.208935,0,0
21115287470,5.394428,0,0
21078231235,-41.20991,0,0
21182437736,-34.47313,0,0
21357856342,-31.46902,0,0
21357856363,-41.51991,0,0
21439409207,-30.61292,0,0
21517098677,29.52318,0,0
21551806755,-30.47613,0,0
21608137593,10.708,0,0
21608137613,-37.024,0,0
21632060629,-26.895,0,0
21787139428,-19.658,0,0
21799719753,-3.652,0,0
21945098715,-6.82599999999999,0,0
21945098718,-24.653,0,0
21945098723,-16.593,0,0
21954780672,-17.633,0,0
22341910574,-17.733,0,0
22341910591,-21.327,0,0
22367978875,-17.733,0,0
22542228808,-17.733,0,0
22574770789,-12.912,0,0
22574770829,-7.44499999999999,0,0
22597278324,-15.175,0,0
23744541448,-17.885,0,0
21026815638,-123.4982,0,0
21031600656,-3.34186,0,0
21078231219,-37.0813,0,0
21551806791,-59.40661,0,0
21084915073,20.57758,0,0
21084915074,2.39235,0,0
21084915093,39.26452,0,0
21214534125,11.46413,0,0
21357856335,-21.91584,0,0
21357856340,13.87852,0,0
21458082913,-25.82606,0,0
21551806753,-9.52598,0,0
21551806836,-19.77492,0,0
21608137592,-15.85946,0,0
21608137611,33.42872,0,0
21787139368,46.01985,0,0
21787139426,-22.24965,0,0
21890900355,-22.58722,0,0
21890900364,-12.85155,0,0
21890900394,14.00614,0,0
22034920059,11.22,0,0
22034920099,7.14,0,0
22341910588,4.37,0,0
22542228803,9.20999999999999,0,0
22542228807,8.17,0,0
22542228813,6.11,0,0
22574770827,-7.84999999999999,0,0
22597278323,9.23,0,0
23054196951,10.81,0,0
23168807798,-2.69999999999999,0,0
23657433889,0.590000000000003,0,0
23657433890,10.8,0,0
23503663053,16.52,0,0
23657433898,1.72999999999999,0,0
23821681824,-24.49,0,0
24048776227,5.31,0,0
16349736266,-20.7903,0,0
16539016893,4.5264,0,0
16662560922,3.117,0,0
16758145380,-45.681,0,0
16758145394,-3.0379,0,0
16758145408,3.4544,0,0
16358987660,10.0966,0,0
16539016894,1.6197,0,0
16662560923,8.297,0,0
16758145381,0.765000000000001,0,0
16758145395,11.88,0,0
16785091336,-5.955,0,0
16824935198,4.717,0,0
16349736267,4.3582,0,0
16468348680,4.2258,0,0
16539016947,4.8967,0,0
16662560995,9.1517,0,0
16662561040,5.7179,0,0
16662561099,6.6148,0,0
16683638030,2.9483,0,0
16683638073,4.8258,0,0
16758145458,4.381,0,0
16758145512,5.1258,0,0
16758145548,4.3825,0,0
16785091425,4.2458,0,0
16785091474,-19.1175,0,0
16824935258,3.4858,0,0
16836748961,1.0458,0,0
16836748994,-0.754199999999997,0,0
16890710238,2.2858,0,0
16890710290,-0.506,0,0
16916874375,0.421999999999997,0,0
16940116348,4.78152,0,0
16954009373,-2.013,0,0
16954009414,4.47857,0,0
17015282782,-2.6496,0,0
17015282844,0.643599999999999,0,0
17015282889,-29.4497,0,0
17060579763,3.3757,0,0
17092283369,2.8179,0,0
17116905073,-1.6172,0,0
17116905104,-3.8616,0,0
17168889470,5.6875,0,0
17168889514,4.0163,0,0
17168889570,0.107600000000001,0,0
17211054081,-1.5554,0,0
17233846429,1.0524,0,0
17233846472,-1.6543,0,0
17246297103,-2.36186,0,0
17295188427,-1.28363,0,0
17295188471,-3.29233,0,0
17295188505,-15.7338,0,0
17345585612,-3.30571,0,0
17345585639,2.45402,0,0
16468348622,-1.5354,0,0
16468348679,2.5341,0,0
16539016946,-0.820999999999998,0,0
16607535150,6.961,0,0
16662561039,4.7814,0,0
16662561098,8.041,0,0
16662561141,7.3235,0,0
16683638072,3.557,0,0
16758145457,5.3979,0,0
16758145511,5.7742,0,0
16785091388,1.0288,0,0
16785091424,5.4345,0,0
16785091473,6.7729,0,0
16824935257,4.5077,0,0
16824935300,0.871600000000001,0,0
16890710205,19.9181,0,0
16890710237,6.6128,0,0
16890710289,-9.6983,0,0
16940116320,7.901,0,0
16940116389,3.93400000000003,0,0
16954009413,-0.312999999999988,0,0
17015282781,-12.696,0,0
17015282843,6.79300000000001,0,0
17092283346,51.736,0,0
17060579762,1.761,0,0
17116905052,13.024,0,0
17116905072,-1.976,0,0
17116905103,15.967,0,0
17168889469,2.227,0,0
17168889513,4.03700000000001,0,0
17168889569,8.81700000000001,0,0
17211054080,11.023,0,0
17233846428,-22.024,0,0
17246297083,5.797,0,0
17246297102,8.17699999999999,0,0
17295188426,-23.916,0,0
17295188470,0.819999999999993,0,0
17295188504,-3.64400000000001,0,0
17345585608,-18.118,0,0
17447307407,-2.007,0,0
16544329385,-12.9292,0,0
16607535079,3.6427,0,0
16607535151,-0.3932,0,0
16662561043,1.7852,0,0
16683638009,9.8171,0,0
16683638033,12.0478,0,0
16683638076,4.5457,0,0
16758145461,5.7946,0,0
16758145515,22.6415,0,0
16785091389,4.5941,0,0
16785091426,-4.0886,0,0
16785091477,13.8741,0,0
16824935261,22.7253,0,0
16890710190,-9.9554,0,0
16836748997,2.1918,0,0
16890710241,3.0649,0,0
16916874376,8.83000000000001,0,0
16954009376,3.066,0,0
17015282745,5.00200000000001,0,0
17015282784,0.824000000000012,0,0
17015282847,12.223,0,0
17015282891,-5.714,0,0
17116905074,14.025,0,0
17116905107,0.641999999999996,0,0
17168889472,3.262,0,0
17168889517,6.697,0,0
17168889573,-116.805,0,0
17168889604,-43.972,0,0
17211054109,3.41,0,0
17233846474,14.014,0,0
17295188386,37.878,0,0
17295188429,16.754,0,0
17295188473,126.729,0,0
17295188508,36.461,0,0
17295188537,-0.181999999999988,0,0
16607535000,2.6469,0,0
16607535078,7.1866,0,0
16662560997,3.7056,0,0
16662561042,13.8666,0,0
16662561101,14.6782,0,0
16683638032,2.6011,0,0
16683638075,-0.697299999999998,0,0
16758145460,8.3646,0,0
16758145514,10.7011,0,0
16758145549,0.217100000000002,0,0
16758145566,-16.6256,0,0
16785091476,-0.0533999999999963,0,0
16824935260,-40.5627,0,0
16836748963,21.6011,0,0
16836748996,1.0326,0,0
16890710240,11.9256,0,0
16890710292,34.1828,0,0
16940116321,3.7456,0,0
16940116349,12.2288,0,0
16954009375,5.125,0,0
16954009416,-4.4773,0,0
17015282792,-24.3349,0,0
17015282846,5.17000000000002,0,0
17015282899,-2.995,0,0
17116905079,5.68700000000001,0,0
17116905106,-0.173000000000002,0,0
17135675507,5.37400000000002,0,0
17168889516,-3.25400000000002,0,0
17168889572,3.39400000000001,0,0
17233846402,-21.954,0,0
17246297072,10.755,0,0
17233846473,-0.625999999999976,0,0
17295188385,-15.204,0,0
17295188428,-20.93,0,0
17345585582,-7.50899999999999,0,0
17295188507,-17.09,0,0
17345585609,3.49000000000001,0,0
17447307408,4.923,0,0
16358987661,1.7565,0,0
16544329367,9.1946,0,0
16607535043,-0.602800000000002,0,0
16607535089,1.3716,0,0
16607535120,0.963500000000003,0,0
16662560973,29.6136,0,0
16662560996,8.7769,0,0
16662561019,-1.6972,0,0
16662561041,14.9428,0,0
16662561072,6.6023,0,0
16662561100,13.8709,0,0
16683638022,6.7909,0,0
16683638031,-2.0772,0,0
16683638059,8.7109,0,0
16683638074,1.8763,0,0
16758145438,3.1469,0,0
16758145459,0.8763,0,0
16758145490,11.9563,0,0
16758145513,25.6566,0,0
16758145533,27.1766,0,0
16758145562,-5.7144,0,0
16758145565,3.6069,0,0
16785091456,-8.1352,0,0
16785091475,5.8558,0,0
16824935238,9.9358,0,0
16824935259,13.9358,0,0
16836748952,-3.4842,0,0
16836748962,12.6134,0,0
16836748981,4.4558,0,0
16836748995,17.6334,0,0
16890710220,22.0546,0,0
16890710239,7.2449,0,0
16890710269,7.4358,0,0
16890710291,14.4826,0,0
16916874394,1.77760000000001,0,0
16916874411,5.3629,0,0
16954009360,2.4085,0,0
16954009374,1.48820000000001,0,0
16954009393,8.75579999999999,0,0
16954009415,2.51860000000001,0,0
17015282761,-1.0038,0,0
17015282783,-0.460700000000003,0,0
17015282818,-1.09690000000001,0,0
17015282845,-7.3636,0,0
17015282874,9.3994,0,0
17015282890,2.7213,0,0
17060579777,1.0856,0,0
17060579786,-6.9697,0,0
17135675472,-32.37004,0,0
17135675478,-4.34937,0,0
17116905105,-2.40197,0,0
17116905121,10.73893,0,0
17168889471,-5.34811,0,0
17168889491,-3.57704,0,0
17168889515,-0.40606,0,0
17168889543,-1.4009,0,0
17168889571,5.42423,0,0
17168889592,4.7255,0,0
17233846401,7.94506,0,0
17233846410,-0.68061,0,0
17295188351,24.35807,0,0
17295188354,2.87749,0,0
17246297092,3.65841,0,0
17246297104,-4.50942,0,0
17295188455,0.62532,0,0
17295188472,4.57526,0,0
17295188493,3.288,0,0
17295188506,12.67483,0,0
17295188530,-3.29842,0,0
17295188536,-5.34523,0,0
17345585640,9.84496,0,0
16468348651,5.0188,0,0
16539016899,2.6385,0,0
16607535044,14.8992,0,0
16607535090,8.0084,0,0
16662560960,6.5109,0,0
16662560974,1.5509,0,0
16662560998,9.4309,0,0
16683637995,-2.6904,0,0
16683637998,7.0995,0,0
16683638004,-9.0356,0,0
16683638010,3.4348,0,0
16419323222,-6.1193,0,0
16544329386,4.1652,0,0
16544329411,5.9698,0,0
16607535091,1.7173,0,0
16607535121,2.3607,0,0
16607535140,5.185,0,0
16607535152,5.2043,0,0
16662561020,3.8435,0,0
16662561044,2.9056,0,0
16662561073,5.211,0,0
16662561102,5.2227,0,0
16683638023,-2.7297,0,0
16683638034,5.003,0,0
16683638060,2.9188,0,0
16683638077,-0.755800000000001,0,0
16758145439,3.2555,0,0
16758145462,5.1227,0,0
16758145491,-6.3372,0,0
16758145516,3.2176,0,0
16758145534,3.2737,0,0
16758145550,5.6069,0,0
16785091407,-1.2266,0,0
16785091427,1.2044,0,0
16785091457,-1.3458,0,0
16785091482,-21.6405,0,0
16824935239,1.2495,0,0
16824935262,4.2044,0,0
16824935289,-0.755600000000001,0,0
16824935301,5.4915,0,0
16836748982,5.5749,0,0
16836748998,1.4414,0,0
16890710221,6.3744,0,0
16890710242,2.3222,0,0
16890710270,2.4519,0,0
16890710294,2.4814,0,0
16890710309,5.1913,0,0
16890710320,4.4035,0,0
16916874395,2.4814,0,0
16916874412,3.5119,0,0
16940116376,2.0168,0,0
16940116390,11.5016,0,0
16954009394,19.8115,0,0
17015282819,4.28999999999999,0,0
17015282848,-1.44999999999999,0,0
17015282875,6.49100000000001,0,0
17015282892,-1.298,0,0
17060579754,4.60499999999999,0,0
17060579766,-19.657,0,0
17060579778,18.095,0,0
17060579787,14.934,0,0
17116905066,0.199999999999989,0,0
17116905075,7.28100000000001,0,0
17116905096,7.68100000000001,0,0
17116905108,13.166,0,0
17135675495,2.33099999999999,0,0
17135675508,7.18799999999999,0,0
17168889492,-5.86500000000001,0,0
17168889518,2.517,0,0
17168889544,-36.48,0,0
17168889574,3.233,0,0
17168889593,-0.919000000000011,0,0
17168889605,-0.846000000000004,0,0
17211054097,1.779,0,0
17211054110,2.364,0,0
17233846450,-0.748999999999995,0,0
17233846475,5.64599999999999,0,0
17246297093,5.751,0,0
17246297105,-0.0660000000000025,0,0
17295188404,5.58799999999999,0,0
17295188430,2.077,0,0
17295188494,-33.094,0,0
17295188509,-1.69900000000001,0,0
17345585600,-134.976,0,0
17345585610,-4.80200000000001,0,0
17345585627,3.81200000000001,0,0
17345585641,-0.0689999999999884,0,0
17447307422,0.350999999999999,0,0
17447307426,-1.22800000000001,0,0
17447307441,0.0660000000000025,0,0
17447307444,1.16399999999999,0,0
17447307460,-2.52699999999999,0,0
17447307467,0.736999999999995,0,0
17447307476,-3.97900000000001,0,0
17447307480,-1.60900000000001,0,0
17447307488,1.55799999999999,0,0
17447307495,-3.02799999999999,0,0
17521128305,3.03299999999999,0,0
17521128315,2.012,0,0
17521128320,1.012,0,0
17521128326,-1.209,0,0
17521128335,3.625,0,0
17521128341,0.994,0,0
17608990283,3.101,0,0
17608990286,3.29900000000001,0,0
17608990295,-1.19499999999999,0,0
17608990299,4.604,0,0
17631635800,-4.64,0,0
17631635801,0.498999999999995,0,0
17631635806,-1.661,0,0
17631635808,2.419,0,0
17631635817,-43.471,0,0
17631635823,2.16500000000001,0,0
16468348652,3.145,0,0
16544329412,4.469,0,0
16607535122,3.046,0,0
16662561045,2.364,0,0
16662561142,3.694,0,0
16758145463,4.2456,0,0
16758145551,-1.66700000000003,0,0
16824935225,0.694000000000017,0,0
16824935302,-5.97899999999998,0,0
16890710243,11.548,0,0
17015282715,1.17099999999999,0,0
16940116391,5.136,0,0
17060579746,4.41,0,0
17116905053,-31.19,0,0
17116905109,19.85,0,0
17168889519,3.27,0,0
17211054082,-3.94,0,0
17295188355,17.57,0,0
17295188431,-13.55,0,0
17345585594,-33.45,0,0
17521128286,-5.25,0,0
17521128355,-8.75,0,0
17686923452,5.40000000000001,0,0
17786229972,7.5999,0,0
17833286413,1.5766,0,0
18089366265,9.18100000000001,0,0
18240116582,12.735,0,0
18279741036,1.9232,0,0
18395863476,3.826,0,0
16607535080,6.01299999999998,0,0
16607535154,6.49900000000002,0,0
16662561047,0.932999999999993,0,0
16662561104,4.42500000000001,0,0
16683638035,9.48899999999998,0,0
16683638078,-11.072,0,0
16758145465,8.49900000000002,0,0
16785091371,21.073,0,0
16824935226,-15.044,0,0
16836748947,-23.8417,0,0
16824935303,2.535,0,0
16836749000,3.3565,0,0
16916874336,4.676,0,0
16916874351,9.8181,0,0
16916874377,0.5993,0,0
16940116350,4.7433,0,0
16940116393,-20.1613,0,0
17015282746,-0.0627999999999957,0,0
17015282788,2.3331,0,0
17015282850,1.8088,0,0
17060579747,7.16499999999999,0,0
17092283371,10.368,0,0
17135675488,1.94399999999999,0,0
17168889473,4.333,0,0
17168889521,24.571,0,0
17168889575,-40.622,0,0
17168889606,-30.702,0,0
17211054111,41.679,0,0
17246297084,-7.946,0,0
17246297106,97.851,0,0
17345585569,29.036,0,0
17295188474,-65.276,0,0
17295188510,17.766,0,0
17345585642,-111.796,0,0
16544329413,95.353,0,0
16607535092,1.36099999999999,0,0
16607535124,12.466,0,0
16607535142,2.74099999999999,0,0
16607535155,13.084,0,0
16662561021,28.92,0,0
16662561048,-2.06999999999999,0,0
16662561075,11.008,0,0
16662561105,5.31799999999998,0,0
16662561143,9.69200000000001,0,0
16683638061,-5.68799999999999,0,0
16785091369,-2.4542,0,0
16785091372,-0.26196,0,0
16785091384,-2.72397,0,0
16785091409,-85.6947,0,0
16785091458,-0.901200000000003,0,0
16785091478,-5.4768,0,0
16785091494,-5.0707,0,0
16824935264,-3.1296,0,0
16824935290,-3.7862,0,0
16824935304,-0.673900000000003,0,0
16824935310,-0.772399999999998,0,0
16836749001,-8.6762,0,0
16836749015,-0.284100000000002,0,0
16890710245,1.5452,0,0
16890710272,-2.6934,0,0
16890710296,9.6203,0,0
16890710311,20.3392,0,0
16916874378,-2.8064,0,0
16916874397,-5.9518,0,0
16940116351,3.8164,0,0
16940116378,-54.3286,0,0
16940116394,-6.8583,0,0
16940116404,20.1957,0,0
17015282747,-9.3533,0,0
17015282764,-12.8513,0,0
17015282789,46.3531,0,0
17015282821,-6.292,0,0
17015282851,6.7383,0,0
17015282876,0.977699999999999,0,0
17015282894,10.0437,0,0
17015282908,14.2516,0,0
17060579767,2.68,0,0
17060579779,-1.2182,0,0
17092283377,-26.7385,0,0
17135675473,-4.8201,0,0
17135675497,-18.0516,0,0
17135675509,-0.232800000000001,0,0
17135675519,13.0787,0,0
17168889526,17.6985,0,0
17168889546,6.158,0,0
17211054068,7.1487,0,0
17211054073,-2.0704,0,0
17211054083,12.7564,0,0
17211054098,-18.2083,0,0
17233846430,44.8917,0,0
17233846451,13.565,0,0
17295188356,6.4463,0,0
17295188366,-3.6719,0,0
17246297107,-4.1564,0,0
17246297115,5.785,0,0
17295188456,14.7867,0,0
17295188478,43.4902,0,0
17295188495,-1.8394,0,0
17295188514,29.1088,0,0
16662560961,8.75999999999999,0,0
16662561050,-4.46899999999999,0,0
16758145413,4.07499999999999,0,0
16824935227,32.456,0,0
16890710191,-3.52100000000002,0,0
16890710246,5.709,0,0
16940116322,-2.007,0,0
16954009377,19.193,0,0
17060579788,24.039,0,0
17168889448,134.671,0,0
17168889522,3.001,0,0
17168889607,-1.012,0,0
17233846476,2.53200000000001,0,0
17295188432,0.978000000000009,0,0
17345585595,12.148,0,0
17521128287,-0.421999999999997,0,0
17521128356,-2.691,0,0
17686923453,1.50299999999999,0,0
17833286369,3.44999999999999,0,0
18052008882,4.95400000000001,0,0
18052008896,9.57299999999998,0,0
18124433745,-6.42099999999999,0,0
18240116583,-28.823,0,0
18311652244,4.267,0,0
20334121998,9.1565,0,0
20334122044,9.9576,0,0
20397874365,9.5197,0,0
20439365658,11.0252,0,0
20439365663,0.892099999999999,0,0
20452986017,11.7909,0,0
20452986039,1.3932,0,0
20597396881,10.058,0,0
20597396913,-4.4336,0,0
20771299480,7.195,0,0
20771299516,10.358,0,0
20888105817,10.4691,0,0
20892704897,1.6912,0,0
20911386378,8.4355,0,0
20911386400,4.02500000000001,0,0
20931904737,1.507093,0,0
20931904750,13.26337,0,0
20931904773,-6.10986,0,0
20945564515,97.471616,0,0
20945564529,0.6784,0,0
20962503578,-2.9535,0,0
20962503586,9.0499,0,0
20962503595,-4.1727,0,0
20978990858,-0.889200000000001,0,0
20978990877,-3.9235,0,0
20994782593,-2.5183,0,0
20994782630,-0.5922,0,0
21014168786,-2.8701,0,0
21014168804,-1.7058,0,0
21014168823,-5.824,0,0
21014168854,-0.1477,0,0
20334121999,8.48700000000002,0,0
20387836180,7.90800000000002,0,0
20387836196,-48.348,0,0
20425967932,24.533,0,0
20425967959,-16.732,0,0
20425967988,3.30700000000002,0,0
20452986040,6.94299999999998,0,0
20452986062,4.05599999999998,0,0
20597396914,5.88099999999997,0,0
20771299481,23.186,0,0
20771299517,6.029,0,0
20888105818,4.19499999999999,0,0
20888105843,3.14699999999999,0,0
20911386379,-6.41699999999997,0,0
20911386401,9.083,0,0
20931904738,2.185,0,0
20945564508,1.10599999999999,0,0
20931904798,4.033,0,0
20945564530,1.18899999999999,0,0
20945564545,2.128,0,0
20953998385,1.164,0,0
20967592457,0.248999999999995,0,0
20962503596,2.449,0,0
20967592477,-0.641999999999996,0,0
20983484861,-2.36199999999999,0,0
20989179508,0.163799999999995,0,0
20999738925,6.518,0,0
20999738933,-0.114000000000004,0,0
20999738942,-1.122,0,0
21004550144,-3.774,0,0
21014168824,-0.561999999999998,0,0
21022618498,-3.32111,0,0
21022618525,-6.41779,0,0
20334121989,-0.745000000000005,0,0
20397874355,6.58699999999999,0,0
20397874366,-13.903,0,0
20771299461,45.478,0,0
20771299518,2.34800000000001,0,0
20911386369,6.21600000000001,0,0
20911386402,-2.38900000000001,0,0
20953998363,-10.2355,0,0
20953998404,7.9445,0,0
20989179503,1.6099,0,0
20989179509,-80.2393,0,0
20989179529,0.808199999999999,0,0
20999738943,8.0045,0,0
21014168868,1.6795,0,0
21031600664,3.91,0,0
21031600695,-3.4006,0,0
21182437710,-2.4606,0,0
21182437716,-2.4206,0,0
21182437745,0.671799999999999,0,0
21551806718,4.6394,0,0
21551806727,-1.3606,0,0
21787139354,5.85199999999998,0,0
20334121990,46.58,0,0
20334122006,7.66500000000002,0,0
20334122015,-331.453,0,0
20334122033,1.57799999999997,0,0
20334122045,4.96199999999999,0,0
20334122060,2.53899999999999,0,0
20425967921,-6.35500000000002,0,0
20425967933,4.55099999999999,0,0
20425967947,7.27600000000001,0,0
20425967960,-27.106,0,0
20425967981,-15.372,0,0
20425967989,15.844,0,0
20452986029,-15.834,0,0
20452986041,-0.704000000000008,0,0
20597396882,-1.875,0,0
20597396902,-2.14599999999999,0,0
20771299469,2.38300000000001,0,0
20771299482,-2.63,0,0
20771299504,-4.17699999999999,0,0
20771299519,2.566,0,0
20771299544,9.37700000000001,0,0
20771299554,8.399,0,0
20888105831,-1.67899999999997,0,0
20888105844,1.56099999999998,0,0
20888105860,-3.53100000000001,0,0
20888105867,1.36699999999999,0,0
20911386390,1.69300000000001,0,0
20911386403,5.50399999999999,0,0
20920375434,14.814,0,0
20920375443,-4.392,0,0
20931904762,-42.491,0,0
20931904774,29.077,0,0
20931904813,-3.60499999999999,0,0
20931904820,-6.93299999999999,0,0
20953998354,3.34,0,0
20953998364,8.81200000000001,0,0
20953998374,-40.23,0,0
20953998386,3.422,0,0
20953998399,2.80199999999999,0,0
20953998405,-0.0320000000000107,0,0
20967592466,-8.65799999999999,0,0
20967592470,-6.46199999999999,0,0
20978990869,-8.25800000000001,0,0
20978990878,0.0929999999999893,0,0
20983484870,-31.062,0,0
20983484877,-143.798,0,0
20983484891,-6.15700000000001,0,0
20983484896,1.2505,0,0
20989179526,-14.3405,0,0
21004550120,-2.2241,0,0
20999738934,3.9885,0,0
20999738939,9.4083,0,0
20999738944,5.1142,0,0
21004550133,5.0672,0,0
21004550145,0.133200000000002,0,0
21026815642,7.3347,0,0
21026815644,-19.6552,0,0
21026815649,-4.3311,0,0
21026815651,-3.589,0,0
21026815658,-2.6653,0,0
21026815665,-20.9281,0,0
21031600686,14.1959,0,0
21031600696,35.7898,0,0
21038905087,5.7366,0,0
20334122007,4.1619,0,0
20334122016,64.2028,0,0
20387836175,2.99400000000003,0,0
20387836181,3.17599999999999,0,0
20387836189,11.207,0,0
20387836204,10.567,0,0
20425967934,8.661,0,0
20425967948,9.82999999999998,0,0
20439365664,10.879,0,0
20439365670,18.72,0,0
20439365674,-28.619,0,0
20439365680,6.38499999999999,0,0
20597396872,3.95299999999997,0,0
20597396883,7.899,0,0
20597396903,4.35399999999998,0,0
20597396916,3.60899999999998,0,0
20597396931,15.609,0,0
20771299483,-29.79,0,0
20771299505,1.61500000000001,0,0
20771299520,25.438,0,0
20771299545,-1.173,0,0
20888105819,6.78699999999998,0,0
20888105832,18.099,0,0
20892704898,12.225,0,0
20892704905,20.521,0,0
20892704909,-34.83,0,0
20911386436,4.464,0,0
20945564516,-13.309,0,0
20953998348,178.491,0,0
20953998365,17.839,0,0
20953998375,24.061,0,0
20953998400,5.375,0,0
20967592458,-138.712,0,0
20962503597,-101.417,0,0
20962503607,7.441,0,0
20967592478,12.785,0,0
20967592483,10.965,0,0
20978990879,-22.978,0,0
20978990884,-0.399000000000001,0,0
20989179516,5.29499999999999,0,0
20994782600,7.59,0,0
20994782608,-6.584,0,0
20994782614,0.489000000000004,0,0
20994782623,4.911,0,0
21004550121,7.50299999999999,0,0
20999738953,-5.78064,0,0
21022618499,-4.6222,0,0
21022618515,1.23497,0,0
21031600650,12.21112,0,0
21031600658,-11.70503,0,0
20387836165,7.85399999999998,0,0
20387836166,8.108,0,0
20387836182,-273.734,0,0
20425967914,0.934000000000026,0,0
20425967938,-304.672,0,0
20425967965,15.408,0,0
20425967992,24.672,0,0
20452986044,1.42500000000001,0,0
20597396886,-32.601,0,0
20597396920,5.536,0,0
20771299488,16.441,0,0
20771299524,5.69099999999997,0,0
20892704891,6.387,0,0
20888105846,12.862,0,0
20911386407,-9.66300000000001,0,0
20945564505,83.888,0,0
20945564509,-11.282,0,0
20945564518,1.51099999999997,0,0
20945564533,1.21299999999997,0,0
20962503580,1.99699999999996,0,0
20962503600,3.01700000000005,0,0
20983484853,-733.631,0,0
20983484863,5.94200000000001,0,0
20983484881,16.505,0,0
20989179519,6.79499999999999,0,0
20989179531,4.45099999999999,0,0
20994782632,2.40199999999999,0,0
21004550127,-0.0970000000000084,0,0
21004550148,-101.882,0,0
21014168827,4.30699999999999,0,0
21031600667,-6.447,0,0
21031600701,-4.53299999999999,0,0
20387836167,-0.425999999999988,0,0
20387836183,-0.982000000000028,0,0
20387836198,1.601,0,0
20397874381,0.742999999999995,0,0
20439365665,-0.297000000000025,0,0
20439365675,2.55900000000003,0,0
20597396865,-2.358,0,0
20597396887,3.83199999999999,0,0
20597396921,0.165999999999997,0,0
20771299489,-3.66200000000003,0,0
20771299525,8.43799999999999,0,0
20892704892,55.124,0,0
20892704900,-1.084,0,0
20892704911,2.91500000000002,0,0
20911386408,4.23500000000001,0,0
20911386430,3.15800000000002,0,0
20920375447,-3.54500000000002,0,0
20931904778,6.15800000000002,0,0
20931904801,-1.30099999999999,0,0
20931904823,-2.84199999999998,0,0
20953998367,1.3642,0,0
20953998390,1.209,0,0
20953998406,2.5013,0,0
20978990849,4.8197,0,0
20978990860,3.4854,0,0
20978990881,11.779,0,0
20989179511,-0.224800000000002,0,0
20989179532,12.3433,0,0
20999738948,3.9907,0,0
21004550149,4.75320000000001,0,0
21014168828,-6.46899999999999,0,0
21014168856,-0.941199999999995,0,0
21014168869,-0.730500000000006,0,0
21026815645,5.0472,0,0
21026815653,0.702500000000001,0,0
21031600678,-8.1858,0,0
21031600702,6.13120000000001,0,0
20397874356,6.3481,0,0
20425967915,14.5531,0,0
20452986010,1.96799999999999,0,0
20452986045,2.9123,0,0
20771299462,6.7868,0,0
20771299527,-1.5982,0,0
20931904733,15.7054,0,0
20931904752,3.5955,0,0
20967592449,-89.236,0,0
20953998408,-0.447000000000003,0,0
20978990886,0.754999999999995,0,0
21014168773,-7.19499999999999,0,0
21014168787,-2.56,0,0
21014168830,14.884,0,0
21014168871,1.34399999999999,0,0
21026815654,13.424,0,0
21115287471,21.865,0,0
21115287475,27.825,0,0
21214534119,1.8933,0,0
21214534126,0.612799999999993,0,0
21214534143,-1.6472,0,0
21787139355,3.9461,0,0
21787139375,12.5875,0,0
20397874357,-4.27,0,0
20397874368,2.6266,0,0
20425967966,4.8124,0,0
20452986046,-1.9885,0,0
20611751962,-0.997399999999999,0,0
20771299528,9.0056,0,0
20888105847,1.11150000000001,0,0
21014168774,0.659599999999998,0,0
21014168788,9.0348,0,0
21014168831,8.1647,0,0
21014168872,220.3331,0,0
21022618538,-3.53360000000001,0,0
21078231222,-0.750799999999998,0,0
21078231245,-2.5003,0,0
21115287511,-2.2786,0,0
21182437746,-2.4188,0,0
21458082900,1.02,0,0
21787139356,11.978,0,0
21945098719,13.195,0,0
22597278311,12.41,0,0
23054196917,2.88,0,0
23054196939,3.13,0,0
24128612772,1.55599999999998,0,0
24128612780,-0.911000000000001,0,0
24143139937,6.99700000000001,0,0
24153664026,10.849,0,0
24153664038,3.66800000000001,0,0
24179012062,5.71100000000001,0,0
24184523479,7.52800000000002,0,0
24237726135,4.39499999999998,0,0
24254461745,0.277999999999992,0,0
24252430394,4.218,0,0
24283328532,2.366,0,0
24283328554,2.277,0,0
24297393588,27.526,0,0
24297393611,2.307,0,0
24317200438,0.201999999999998,0,0
24317200451,17.727,0,0
24363375460,4.277,0,0
24438688138,-11.981,0,0
24376899909,2.127,0,0
24438688154,7.432,0,0
24556316805,6.937,0,0
24699947534,5.937,0,0
24737864029,16.014,0,0
24737864035,11.124,0,0
24779691307,4.712,0,0
24779691310,2.20999999999999,0,0
24779691323,3.53100000000001,0,0
24793389864,4.685,0,0
24793389882,6.03400000000001,0,0
24848598855,9.667,0,0
24848598868,27.598,0,0
24128612802,2.6896,0,0
24143139965,-26.9687,0,0
24153664042,-27.2651,0,0
24179012064,-35.8343,0,0
24179012079,-24.7118,0,0
24184523499,-26.8127,0,0
24223102840,-25.5749,0,0
24237726139,-37.4351,0,0
24237726150,-25.2802,0,0
24252430373,-36.4551,0,0
24252430397,-30.3367,0,0
24283328535,-24.7243,0,0
24292361855,-34.1311,0,0
24305513745,-52.6,0,0
24305513758,-33.18593,0,0
24317200454,-44.23822,0,0
24438688134,-29.76745,0,0
24438688139,-35.41193,0,0
24438688156,-37.5192,0,0
24556316810,-33.309,0,0
24637177515,-31.3713,0,0
24699947536,-32.221,0,0
24726282606,-44.1741,0,0
24726282616,-30.4458,0,0
24737864036,-38.897,0,0
24764786938,-26.9007,0,0
24764786947,-42.003,0,0
24793389842,-41.102,0,0
24793389867,-36.0541,0,0
24793389883,-30.303,0,0
24848598858,-31.613,0,0
24848598870,-30.096,0,0
24848598878,-22.451,0,0
24128612773,-321.054,0,0
24128612785,-11.657,0,0
24128612803,-14.437,0,0
24143139966,-20.039,0,0
24153664043,-45.909,0,0
24184523475,-15.417,0,0
24184523480,-23.374,0,0
24184523500,-18.099,0,0
24223102841,-17.639,0,0
24223102853,-27.75,0,0
24252430367,-37.714,0,0
24252430374,-23.744,0,0
24283328528,-59.998,0,0
24292361856,-29.0173,0,0
24297393592,-33.3752,0,0
24300154538,-35.4838,0,0
24305513759,-36.704,0,0
24317200455,-30.684,0,0
24376899884,-31.3479,0,0
24376899893,-31.2683,0,0
24438688145,-35.4398,0,0
24556316783,-34.656,0,0
24556316808,-34.0806,0,0
24637177516,-34.1026,0,0
24699947537,-33.1595,0,0
24726282607,-41.2293,0,0
24743997358,-35.8251,0,0
24743997365,-32.7165,0,0
24779691308,-36.3431,0,0
24779691312,-35.2339,0,0
24779691325,-33.7698,0,0
24848598842,-31.751,0,0
24848598859,-40.7885,0,0
24848598871,-33.7561,0,0
24848598879,-44.6838,0,0
24128612775,-29.345,0,0
24128612786,-16.665,0,0
24128612804,-25.384,0,0
24143139967,-83.99,0,0
24153664044,-62.25,0,0
24179012065,-13.668,0,0
24179012080,-12.572,0,0
24184523501,-27.718,0,0
24223102842,-30.6038,0,0
24128612774,-26.735,0,0
24128612787,-30.454,0,0
24128612805,-274.831,0,0
24153664027,-19.427,0,0
24153664045,-8.565,0,0
24164982472,-30.867,0,0
24179012081,-20.273,0,0
24184523502,-32.699,0,0
24223102843,-9.67000000000002,0,0
24223102856,-22.737,0,0
24252430376,-32.41191,0,0
24252430399,-19.45367,0,0
24254461759,32.43012,0,0
24283328556,-46.56107,0,0
24292361878,-12.56216,0,0
24297393612,-21.54832,0,0
24305513760,-34.55217,0,0
24317200457,-26.48083,0,0
24363375463,-26.53217,0,0
24363375480,-20.51763,0,0
24376899911,-28.51363,0,0
24438688157,-28.57763,0,0
24556316809,-16.41971,0,0
24699947538,1.4082,0,0
24726282617,-31.2574,0,0
24737864037,-20.3194,0,0
24764786939,-24.4513,0,0
24764786948,-31.4526,0,0
24779691326,-34.4561,0,0
24793389868,-28.4425,0,0
24848598843,-28.5709,0,0
24848598860,-34.4425,0,0
24848598872,-35.4913,0,0
24848598880,-31.5255,0,0
24143139940,-37.8138,0,0
24143139968,56.9802,0,0
24164982457,-38.0989,0,0
24164982473,-23.8989,0,0
24179012082,-26.0494,0,0
24184523503,-15.4494,0,0
24189017222,-13.9294,0,0
24237726140,-39.3989,0,0
24237726151,-31.0094,0,0
24252430377,-25.998,0,0
24252430400,-29.051,0,0
24292361847,-49.47,0,0
24292361857,-38.71,0,0
24300154533,-34.799,0,0
24300154540,-37.612,0,0
24317200440,-37.674,0,0
24317200458,-28.76,0,0
24363375464,-32.8,0,0
24376899892,-37.897,0,0
24438688143,-86.585,0,0
24556316784,-38.448,0,0
24726282608,-61.3216,0,0
24726282618,-42.8209,0,0
24743997366,6.5585,0,0
24743997372,21.9944,0,0
24793389824,-16.357,0,0
24793389843,-11.1734,0,0
24793389869,-12.4334,0,0
25434268860,-7.3297,0,0
25434268861,-27.0574,0,0
25434268862,-17.2805,0,0
24143139941,-33.1918,0,0
24143139969,-37.191,0,0
24153664046,65.482,0,0
24184523476,-0.697000000000003,0,0
24184523481,-42.809,0,0
24184523504,-27.1146,0,0
24189017221,-24.7935,0,0
24223102855,-56.7335,0,0
24237726174,-32.1969,0,0
24252430401,-34.684,0,0
24283328538,-28.1101,0,0
24292361858,4.8028,0,0
24292361879,-14.0323,0,0
24297393613,-41.1164,0,0
24305513761,-23.0969,0,0
24317200459,-27.0963,0,0
24363375465,-24.6893,0,0
24363375481,-23.4339,0,0
24376899912,-32.0223,0,0
24556316785,68.906,0,0
24637177517,-46.068,0,0
24699947539,-21.0041,0,0
24726282609,-9.179,0,0
24737864030,-34.4366,0,0
24737864038,-14.0866,0,0
24764786940,-21.072,0,0
24764786949,-30.097,0,0
24793389844,-11.0508,0,0
24793389870,-20.0954,0,0
24793389884,-20.1002,0,0
24848598861,-29.1881,0,0
24848598873,-27.0325,0,0
24848598881,-42.1554,0,0
28105034869,-35.0436,0,0
28105034886,-22.2879,0,0
28105034958,-32.577,0,0
26601063477,-33.938,0,0
26662217282,-29.676,0,0
26662217289,-24.127,0,0
26696776153,20.524,0,0
26725039701,-11.973,0,0
26972452426,-82.132,0,0
27188748931,-27.918,0,0
27219985244,-1.983,0,0
27318526852,-28.202,0,0
27318526882,-27.989,0,0
27507217633,-26.41,0,0
27507217654,-44.334,0,0
28105034940,-8.38400000000001,0,0
28105034975,-20.125,0,0
28105035007,-25.681,0,0
28738981515,-22.041,0,0
28738981549,-27.021,0,0
29893965231,-72.889,0,0
37476346957,6.02699999999999,0,0
33192457357,6.007,0,0
37476346959,7.84300000000002,0,0
33235481237,6.81299999999999,0,0
37476346961,-0.677999999999997,0,0
33302779687,-0.677999999999997,0,0
37476346963,1.24900000000002,0,0
33519679540,1.25400000000002,0,0
37476346965,-274.748,0,0
33519679556,-275.768,0,0
37476346967,4.51900000000001,0,0
33605702461,4.49900000000002,0,0
37476346969,-16.023,0,0
33605702478,-17.003,0,0
37476346971,8.815,0,0
33605702518,8.731,0,0
37476346973,7.82900000000001,0,0
33815123744,7.88900000000001,0,0
37476346975,4.882,0,0
34016349991,4.88900000000001,0,0
37476346977,6.81599999999997,0,0
37476346979,5.791,0,0
37476346981,7.91699999999997,0,0
35586109585,7.97699999999998,0,0
26696776124,-29.962,0,0
26696776133,-28.275,0,0
26696776154,-26.774,0,0
26725039702,-24.658,0,0
27166273111,-28.928,0,0
27299055442,-24.177,0,0
27299055454,-16.971,0,0
27507217587,-27.798,0,0
27507217607,-22.828,0,0
27507217634,-27.341,0,0
28105034902,-14.177,0,0
28105034942,-21.035,0,0
28105034977,-24.971,0,0
28105035008,-24.587,0,0
28738981517,-25.924,0,0
28738981551,-24.545,0,0
28738981592,-31.318,0,0
28738981628,-24.049,0,0
31609550500,-25.952,0,0
31609550502,-25.872,0,0
31609550504,-26.198,0,0
27166273060,-970.093,0,0
27166273067,-23.066,0,0
27166273081,-19.073,0,0
27299055433,-16.359,0,0
27166273105,-31.072,0,0
27299055439,-27.412,0,0
27299055450,-26.102,0,0
27299055488,-27.101,0,0
27318526876,-17.831,0,0
27507217629,-21.928,0,0
28105034892,-21.9880000000001,0,0
28105034932,-27.049,0,0
28105034972,-20.546,0,0
28738981505,-24.184,0,0
28738981545,-27.58,0,0
28738981578,-15.74,0,0
28738981619,-27.28,0,0
28738981650,-19.75,0,0
28738981665,-25.04,0,0
29275834808,-27.83,0,0
29275834827,-22.85,0,0
27166273059,-187.224,0,0
27166273058,-8.13400000000001,0,0
32959356339,-28.263,0,0
32959356386,-28.889,0,0
33208409514,-20.683,0,0
33208409553,-28.195,0,0
33208409601,-24.235,0,0
33208409630,-18.83,0,0
33394994070,19.836,0,0
33394994105,-30.023,0,0
33394994156,-25.055,0,0
33519679606,-24.073,0,0
33605702486,-25.023,0,0
33605702569,-7.45799999999997,0,0
33815123783,-18.422,0,0
33923713815,-23.422,0,0
33923713850,-26.422,0,0
34016350056,-8.36500000000001,0,0
34106450724,-9.44200000000001,0,0
34200333438,-31.365,0,0
27166273057,-12.636,0,0
27166273068,-28.259,0,0
27166273073,-31.266,0,0
27299055431,-27.399,0,0
27299055434,-28.292,0,0
27299055443,-27.854,0,0
27507217584,-15.757,0,0
27507217588,-31.869,0,0
27507217608,-26.365,0,0
27507217635,-28.473,0,0
27507217655,-26.266,0,0
28105034978,-21.7,0,0
28105035009,-32.226,0,0
27166273075,-16.627,0,0
27166273087,-25.026,0,0
27166273098,-21.585,0,0
27299055438,-29.67,0,0
27299055445,-29.006,0,0
27299055458,-28.175,0,0
27299055516,-29.018,0,0
27318526884,-30.644,0,0
27507217643,-35.285,0,0
28105034912,-36.646,0,0
28105034947,-25.519,0,0
28105034989,-24.828,0,0
28738981495,-16.49,0,0
28738981520,-26.912,0,0
28738981564,-31.51,0,0
28738981603,-29.143,0,0
28967402141,-28.532,0,0
29275834805,-28.403,0,0
28967402159,-27.272,0,0
29275834837,-28.81,0,0
27166273066,-16.331,0,0
27166273074,-32.294,0,0
27166273086,-46.238,0,0
27166273097,-33.905,0,0
27299055457,-32.65,0,0
27299055515,-40.57,0,0
27507217612,-47.85,0,0
28105034948,-24.83,0,0
28105035017,-29.63,0,0
28738981519,-67.59,0,0
28738981563,-50.6,0,0
28738981602,-33.14,0,0
28967402134,-31.68,0,0
28967402160,-42,0,0
29275834836,-31.52,0,0
29275834860,-28.67,0,0
32714221226,-30.85,0,0
27507217589,-20.436,0,0
27507217610,-26.552,0,0
27507217637,-23.4400000000001,0,0
28105034903,-38.181,0,0
28105034944,-23.08,0,0
28105034980,-24.72,0,0
28105035011,-19.665,0,0
28105035027,-47.067,0,0
28738981553,-32.177,0,0
28738981594,-31.873,0,0
28738981630,-8.84000000000003,0,0
28738981653,-30.886,0,0
29465046207,-29.51,0,0
28967402147,-29.51,0,0
28967402158,-36.564,0,0
28967402163,-24.173,0,0
29275834853,-11.752,0,0
29275834870,-35.562,0,0
29275834877,-27.24,0,0
27299055455,-16.453,0,0
27299055514,-31.987,0,0
27507217609,-27.596,0,0
27507217636,-17.074,0,0
27507217656,-18.795,0,0
28105034943,-22.929,0,0
28105034979,-27.719,0,0
28105035010,-24.372,0,0
28738981518,-30.333,0,0
28738981552,-29.73,0,0
28738981593,-28.17,0,0
28738981629,-28.213,0,0
28738981652,-25.153,0,0
27299055451,-20.5599999999999,0,0
27299055489,-26.986,0,0
27507217602,-27.298,0,0
27507217630,-24.23,0,0
28105034893,-26.497,0,0
28738981506,-26.244,0,0
28738981546,-29.282,0,0
28738981579,-112.118,0,0
28738981620,-25.72,0,0
28738981649,-27.046,0,0
32959356334,-37.248,0,0
33208409499,-10.36,0,0
33394994038,-27.326,0,0
34016350051,-19.387,0,0
34106450723,-24.3,0,0
34106450764,-26.301,0,0
32959356331,-25.869,0,0
32959356379,-22.226,0,0
33208409511,-29.281,0,0
33208409593,-28.362,0,0
33394994044,-24.664,0,0
33394994066,-25.686,0,0
33394994098,-27.589,0,0
33519679558,-23.946,0,0
33519679598,-26.143,0,0
33605702479,-26.478,0,0
33605702521,-27.283,0,0
33815123745,-25.804,0,0
33815123779,-34.158,0,0
34016349996,-24.201,0,0
34016350009,-30.169,0,0
34016350046,-14.939,0,0
34106450719,-29.176,0,0
34106450759,-26.135,0,0
34200333436,1122.56,0,0
32959356335,-24.523,0,0
32959356383,-27.707,0,0
33208409513,-24.957,0,0
33208409549,-30.313,0,0
33208409597,-26.953,0,0
33394994047,-26.836,0,0
33394994068,-26.643,0,0
33394994102,-23.659,0,0
33519679560,-24.547,0,0
33519679602,-24.946,0,0
33605702483,-24.657,0,0
33815123733,-26.738,0,0
33815123748,-22.799,0,0
33923713779,-25.146,0,0
34016349997,-28.932,0,0
34016350011,-29.208,0,0
34016350052,-25.833,0,0
34016350092,-22.349,0,0
34106450765,-27.913,0,0
34106450805,-27.56,0,0
34200333454,-26.891,0,0
32959356341,-24.643,0,0
32959356388,-15.49,0,0
32983659932,-36.035,0,0
33208409603,11.32,0,0
33302779668,-34.218,0,0
33394994071,-23.301,0,0
33519679543,-18.663,0,0
33519679608,-13.963,0,0
33519679647,-18.716,0,0
33605702529,-33.753,0,0
33605702571,-19.884,0,0
33923713782,-24.831,0,0
33923713817,-29.686,0,0
34106450707,-54.886,0,0
34016350058,-10.29,0,0
34106450725,-33.993,0,0
34106450770,-25.599,0,0
34200333439,-27.58,0,0
37817259659,-28.596,0,0
32959356342,-25.798,0,0
32959356389,-26.0410000000001,0,0
32983659933,-27.835,0,0
33208409555,-32.121,0,0
33208409604,-26.673,0,0
33235481238,-30.174,0,0
33394994072,-23.047,0,0
33394994107,-28.121,0,0
33519679564,-23.918,0,0
33519679609,-25.866,0,0
33519679648,-25.372,0,0
33815123734,-31.577,0,0
33815123750,-25.872,0,0
33815123785,-41.388,0,0
33923713818,-25.092,0,0
33923713852,-23.357,0,0
34016350059,-26.75,0,0
34016350097,-32.604,0,0
34106450771,-86.11,0,0
34106450810,-29.007,0,0
37817259660,-26.645,0,0
32959356343,-26.38,0,0
32983659896,-26.404,0,0
32983659934,-26.424,0,0
33208409556,-25.329,0,0
33235481224,-29.424,0,0
33302779669,-29.002,0,0
33302779691,-25.45,0,0
33394994108,-23.29,0,0
33519679565,-23.287,0,0
33519679610,-22.29,0,0
33605702487,-29.103,0,0
33605702530,-27.103,0,0
33815123751,-26.353,0,0
33923713783,-16.795,0,0
34016350012,-30.642,0,0
34016350060,15.528,0,0
34106450726,-32.572,0,0
34106450772,-32.537,0,0
34106450811,-23.885,0,0
37817259661,-25.869,0,0
32959356332,-29.948,0,0
32959356380,-27.275,0,0
32983659925,-25.307,0,0
33208409546,-22.426,0,0
33208409594,-20.578,0,0
33302779666,-30.498,0,0
33302779689,-25.02,0,0
33302779710,-27.064,0,0
33394994152,-30.8390000000001,0,0
33519679599,-45.26,0,0
33605702480,-28.957,0,0
33605702522,-30.016,0,0
33605702565,-22.456,0,0
33815123780,-23.436,0,0
33923713808,-21.449,0,0
33923713844,-27.436,0,0
34016350047,-29.641,0,0
34106450720,-27.458,0,0
34106450760,-30.458,0,0
37973688432,-25.458,0,0
37973688435,-24.816,0,0
32959356329,-35.991,0,0
32959356377,-28.203,0,0
33152329387,-27.325,0,0
33152329396,-7.78399999999999,0,0
33192457360,-22.561,0,0
33302779688,-19.688,0,0
33302779709,-30.476,0,0
33394994150,-28.788,0,0
33519679596,-27.14,0,0
33519679643,-21.747,0,0
33605702563,-26.274,0,0
33815123777,-23.313,0,0
34106450709,-18.576,0,0
34106450718,-23.236,0,0
34106450757,-28.306,0,0
34106450802,-30.075,0,0
32959356336,-26.393,0,0
33208409500,-28.862,0,0
32983659928,-26.2670000000001,0,0
33208409550,-27.847,0,0
33208409598,-19.828,0,0
33208409627,-28,0,0
33244585607,-25.825,0,0
33519679542,-27.224,0,0
33519679561,-23.432,0,0
33519679603,-25.01,0,0
33605702484,-109.42,0,0
33605702525,-28.103,0,0
33605702567,-30.969,0,0
33923713780,-26.198,0,0
33923713812,-28.25,0,0
33923713847,-25.406,0,0
34016350053,-30.837,0,0
34016350093,-27.357,0,0
34106450766,-30.87,0,0
34106450806,-28.25,0,0
34200333455,-24.978,0,0
32959356337,-24.741,0,0
32959356384,-25.753,0,0
32983659929,-25.771,0,0
33208409551,-28.793,0,0
33208409599,-25.708,0,0
33208409628,-21.82,0,0
33244585608,-17.062,0,0
33394994103,-19.828,0,0
33519679562,-38.3630000000001,0,0
33519679604,-23.782,0,0
33605702485,-23.814,0,0
33605702526,-23.2140000000001,0,0
33815123749,-31.529,0,0
33923713781,-26.926,0,0
33923713813,-39.122,0,0
33923713848,-27.794,0,0
34016350054,-24.026,0,0
34016350094,-33.838,0,0
34106450767,-34.966,0,0
34106450807,-24.98,0,0
32959356338,-29.198,0,0
32959356385,-27.085,0,0
32983659930,-24.995,0,0
33208409552,-33.034,0,0
33208409600,-28.426,0,0
33208409629,-25.925,0,0
33394994069,-5.505,0,0
33394994104,-28.246,0,0
33394994155,-28.885,0,0
33519679605,-29.246,0,0
33519679645,-24.6900000000001,0,0
33605702527,-26.788,0,0
33605702568,-27.721,0,0
33815123782,-113.564,0,0
33923713814,-26.601,0,0
33923713849,-29.098,0,0
34016350055,-24.588,0,0
34016350095,-22.788,0,0
34106450768,-26.451,0,0
34106450808,-25.15,0,0
34200333456,-25.87,0,0
32959356344,-31.186,0,0
33208409515,-27.206,0,0
33208409557,-36.106,0,0
33302779670,-27.186,0,0
33394994073,-24.206,0,0
33394994109,-376.172,0,0
33519679566,-34.139,0,0
33519679611,-27.186,0,0
33519679649,-27.186,0,0
33605702531,-28.186,0,0
33815123752,-30.186,0,0
33815123786,-28.106,0,0
33923713819,-28.105,0,0
33923713853,-25.234,0,0
32959356345,-24.707,0,0
32959356390,-26.483,0,0
33208409516,-31.984,0,0
33208409558,-27.86,0,0
33208409605,-28.004,0,0
33208409632,-28.164,0,0
33302779692,-22.237,0,0
33394994110,-25.714,0,0
33394994158,-29.124,0,0
33519679612,-23.844,0,0
33605702488,-29.164,0,0
33605702532,-34.325,0,0
33605702572,-26.966,0,0
33923713784,-21.864,0,0
34016349998,-27.684,0,0
34016350013,-32.051,0,0
34016350061,-21.237,0,0
34106450727,-31.166,0,0
34106450773,-26.366,0,0
34200333440,-28.927,0,0
32959356346,-28.513,0,0
32959356391,-29.678,0,0
32983659935,-28.818,0,0
33208409559,-29.709,0,0
33208409606,-54.74,0,0
33302779671,-30.83,0,0
33302779693,-27.394,0,0
33302779711,-92.325,0,0
33394994159,-27.292,0,0
33519679613,-23.99,0,0
33519679650,-49.563,0,0
33605702533,-22.767,0,0
33923713767,-27.284,0,0
33923713785,-27.672,0,0
33923713820,-23.99,0,0
33923713854,-25.261,0,0
34016350062,-39.917,0,0
34016350098,-26.81,0,0
34106450774,-25.612,0,0
37973688433,-32.125,0,0
37973688436,-24.091,0,0
32959356347,-14.406,0,0
32983659897,-27,0,0
33208409517,-23.213,0,0
33208409560,-33.206,0,0
33208409607,-24.119,0,0
33394994074,-30.045,0,0
33394994111,-345.034,0,0
33605702457,-25.119,0,0
33519679614,-28.618,0,0
33519679651,-26.65,0,0
33605702534,-25.041,0,0
33605702573,-24.265,0,0
33815123787,-27.924,0,0
33923713821,-11.965,0,0
34016350014,-31.895,0,0
34016350063,-27.27,0,0
34106450728,-31.656,0,0
34200333441,-27.848,0,0
32959356348,-31.054,0,0
32959356392,-29.205,0,0
32983659936,-35.573,0,0
33208409561,-30.533,0,0
33302779656,-29.59,0,0
33235481239,-31.572,0,0
33302779694,-25.518,0,0
33394994112,-31.853,0,0
33394994160,-27.695,0,0
33519679615,-26.971,0,0
33519679652,-37.922,0,0
33605702535,-21.117,0,0
33605702574,-29.29,0,0
33815123788,-29.155,0,0
33923713822,-33.858,0,0
33923713855,-31.718,0,0
34016350064,-238.767,0,0
34016350099,-28.155,0,0
34106450775,-27.701,0,0
37817259652,-26.303,0,0
37817259662,-25.509,0,0
32983659889,-23.2,0,0
33208409501,-35.539,0,0
33208409519,-30.08,0,0
33208409565,-33.773,0,0
33208409610,-30.099,0,0
33302779674,-21.796,0,0
33302779696,-32.773,0,0
33394994116,-10.503,0,0
33394994162,-24.237,0,0
33605702464,-28.099,0,0
33519679653,-18.199,0,0
33605702536,-34.544,0,0
33605702575,-157.313,0,0
33923713788,-49.978,0,0
33923713825,-26.209,0,0
34016350018,-30.889,0,0
34016350067,-25.436,0,0
34016350101,-21.661,0,0
34106450779,-49.562,0,0
34106450814,-33.138,0,0
37817259665,-29.097,0,0
32983659888,-29.979,0,0
32959356382,-26.76,0,0
32983659927,-22.806,0,0
33208409547,-24.838,0,0
33208409596,-24.765,0,0
33208409626,-23.35,0,0
33394994067,-24.353,0,0
33394994101,-20.319,0,0
33394994154,-23.409,0,0
33519679601,-19.1130000000001,0,0
33605702482,-24.567,0,0
33605702524,-28.442,0,0
33605702566,-25.607,0,0
33923713778,-25.043,0,0
33923713811,-23.129,0,0
33923713846,-23.054,0,0
34016350050,-25.231,0,0
34106450722,-27.306,0,0
34106450763,-23.696,0,0
34106450804,-26.978,0,0
37817259658,-24.994,0,0
32959356350,-24.685,0,0
32983659898,-31.109,0,0
32983659938,-27.415,0,0
33208409563,-32.743,0,0
33208409608,-30.303,0,0
33302779672,-30.966,0,0
33394994113,-29.384,0,0
33519679567,-21.015,0,0
33605702463,-21.651,0,0
33815123728,-28.3,0,0
33815123735,-28.445,0,0
33815123753,-23.147,0,0
33815123789,-28.258,0,0
34016349999,-21.171,0,0
34016350015,-22.967,0,0
34016350065,0.615999999999985,0,0
34106450729,-21.691,0,0
34106450776,-32.989,0,0
34106450812,-27.878,0,0
37973688437,-13.137,0,0
32959356351,-29.478,0,0
32983659899,-27.899,0,0
32983659939,-30.101,0,0
33208409564,-33.632,0,0
33208409609,-26.942,0,0
33208409633,-26.608,0,0
33302779695,-22.026,0,0
33394994114,-27.608,0,0
33519679568,-30.925,0,0
33519679616,-27.806,0,0
33605702489,-28.026,0,0
33815123736,-27.369,0,0
33815123754,-28.616,0,0
33923713786,-55.276,0,0
33923713823,-28.582,0,0
34016350016,-26.915,0,0
34016350066,-22.915,0,0
34016350100,-24.046,0,0
34106450777,-28.565,0,0
37817259653,-21.983,0,0
37817259663,-29.766,0,0
32959356352,-23.323,0,0
32959356394,-26.487,0,0
33208409518,-27.424,0,0
33235481217,-30.424,0,0
33235481225,-25.22,0,0
33302779673,-24.523,0,0
33394994075,-26.415,0,0
33394994115,-24.385,0,0
33394994161,-26.445,0,0
33519679617,-26.066,0,0
33605702490,-24.424,0,0
33923713764,-28.385,0,0
33923713768,-13.823,0,0
33923713787,-26.985,0,0
33923713824,-22.542,0,0
34016350017,-30.733,0,0
34106450710,-30.173,0,0
34106450730,-34.718,0,0
34106450778,-22.704,0,0
34106450813,-36.958,0,0
37817259664,-27.362,0,0
32959356330,-26.1369999999999,0,0
32959356378,-30.074,0,0
32983659924,-25.616,0,0
33208409544,-29.043,0,0
33208409592,-20.6319999999999,0,0
33394994043,-13.134,0,0
33394994065,-22.265,0,0
33394994097,-23.879,0,0
33394994151,-23.928,0,0
33519679597,-13.616,0,0
33519679644,-28.086,0,0
33605702520,-20.179,0,0
33605702564,-24.636,0,0
33815123778,-25.806,0,0
33923713807,-25.523,0,0
34016350008,-25.3579999999999,0,0
34016350045,-23.523,0,0
34016350090,-31.982,0,0
34106450758,-27.623,0,0
32959356333,-25.308,0,0
32959356381,-25.492,0,0
32983659926,-26.037,0,0
33208409595,-22.077,0,0
33394994045,-25.962,0,0
33244585606,-23.742,0,0
33394994100,-22.889,0,0
33394994153,-23.648,0,0
33605702523,-24.49,0,0
33815123747,-24.46,0,0
33815123781,-25.8,0,0
33923713810,-26.06,0,0
34016350010,-28.97,0,0
34016350049,-29.13,0,0
34106450721,-28.79,0,0
34106450762,-21.79,0,0
34200333437,-24.65,0,0
34200333453,-17.27,0,0
33208409502,-23.071,0,0
33208409520,-24.86,0,0
33208409566,-197.44,0,0
33208409611,-23.9400000000001,0,0
33208409634,-47.77,0,0
33394994076,-25.9400000000001,0,0
33394994117,-16.55,0,0
33394994163,-16.716,0,0
33519679618,-117.845,0,0
33605702491,-28.64,0,0
33605702537,-779.366,0,0
33815123755,-22.7910000000001,0,0
33923713789,-22.7,0,0
33923713826,-21.229,0,0
34016350019,-27.852,0,0
34016350068,-27.98,0,0
34016350102,-28.67,0,0
34106450780,-28.284,0,0
34106450815,-24.153,0,0
34263216721,-22.526,0,0
33208409521,-23.312,0,0
33208409567,-33.876,0,0
33244585596,-25.263,0,0
33394994048,-20.199,0,0
33394994077,-19.6900000000001,0,0
33394994118,-26.8099999999999,0,0
33605702538,-12.6099999999999,0,0
33605702576,-35.02,0,0
34016349992,-61.78,0,0
33923713827,-28.6900000000001,0,0
34016350020,-30.74,0,0
34016350069,-27.3399999999999,0,0
34106450731,-21.71,0,0
34200333430,-29.6199999999999,0,0
34200333442,-24.6800000000001,0,0
34263216714,-18.8,0,0
34263216722,-23.45,0,0
33208409568,-33.867,0,0
33208409612,-21.653,0,0
33208409635,-24.992,0,0
33244585610,-30.111,0,0
33302779712,-25.43,0,0
33519679569,-19.512,0,0
33519679619,-11.267,0,0
33605702492,-23.052,0,0
33605702539,-29.479,0,0
33923713769,-25.94,0,0
33815123790,-26.68,0,0
33923713828,-28.878,0,0
33923713856,-27.126,0,0
34016350070,-23.518,0,0
34016350103,-31.659,0,0
34106450781,-25.678,0,0
34106450816,-26.982,0,0
34752441037,-25.94,0,0
34752441039,-60.175,0,0
34752441041,-26.246,0,0
34752441046,-21.395,0,0
37973688439,-31.599,0,0
33208409569,-32.347,0,0
33302779675,-23.509,0,0
33302779697,-22.83,0,0
33394994119,-27.818,0,0
33519679570,-25.891,0,0
33605702465,-29.373,0,0
33605702493,-26.07,0,0
33605702540,-27.836,0,0
33815123756,-30.793,0,0
34016349993,-29.212,0,0
33923713829,-28.312,0,0
34016350021,-32.581,0,0
34106450711,-25.991,0,0
34106450732,-24.05,0,0
34106450782,-42.753,0,0
34106450817,-16.532,0,0
34263216715,-32.314,0,0
34263216723,-35.712,0,0
34263216729,-6.41300000000001,0,0
34752441047,-33.032,0,0
34752441054,-33.324,0,0
33208409570,-30.889,0,0
33208409613,-30.594,0,0
33302779676,-27.594,0,0
33302779698,-21.335,0,0
33302779713,-18.752,0,0
33519679620,-23.906,0,0
33605702494,-19.637,0,0
33605702541,-33.659,0,0
33815123757,-33.359,0,0
33815123791,-27.095,0,0
34016350000,-32.315,0,0
34016350022,-36.695,0,0
34106450712,-23.334,0,0
34106450733,-27.476,0,0
34106450783,-23.813,0,0
34106450818,-27.556,0,0
34263216716,-28.956,0,0
34752441040,-27.695,0,0
34263216730,-21.559,0,0
34752441048,-28.819,0,0
34752441055,-21.682,0,0
33235481223,-28.899,0,0
33302779665,-62.636,0,0
33235481226,-30.236,0,0
33302779655,-22.783,0,0
33302779667,-27.418,0,0
33302779690,-29.076,0,0
33394994099,-27.658,0,0
33519679559,-30.596,0,0
33605702462,-23.194,0,0
33605702481,-28.076,0,0
33815123732,-31.194,0,0
33815123746,-26.794,0,0
33923713777,-25.27,0,0
33923713809,-20.594,0,0
33923713845,-29.281,0,0
34016350048,-9.59100000000001,0,0
34016350091,-32.076,0,0
34106450761,-29.319,0,0
34106450803,-31.957,0,0
34263216713,-27.999,0,0
34263216720,-26.164,0,0
34263216728,-25.89,0,0
34752441045,-28.49,0,0
34752441053,-23.885,0,0
39748979489,-35.164,0,0
39748979508,-29.812,0,0
39748979537,-27.172,0,0
40093403795,-28.579,0,0
40093403852,-27.565,0,0
40093403907,-27.565,0,0
39628908852,-21.61,0,0
40093403707,-32.403,0,0
39748979541,-24.217,0,0
40093403798,-28.334,0,0
40093403856,-29.755,0,0
40093403915,-28.007,0,0
40252170701,-21.555,0,0
40252170740,-27.239,0,0
40496240422,-27.854,0,0
40496240455,-26.68,0,0
40529443301,-26.505,0,0
40828445764,-20.659,0,0
40935574513,-65.354,0,0
41432099530,-30.695,0,0
41432099540,-28.524,0,0
41432099554,-29.648,0,0
41568533939,-25.479,0,0
41568533960,-30.663,0,0
41568533999,-25.609,0,0
41627771471,-27.387,0,0
39748979491,-26.14,0,0
39748979509,-26.983,0,0
39748979543,-35.431,0,0
40093403912,-29.279,0,0
40496240362,-29.199,0,0
40496240379,-28.716,0,0
40496240425,-60.574,0,0
40584315871,-30.581,0,0
40584315880,-28.595,0,0
40935574505,-26.399,0,0
40935574523,-24.987,0,0
41432099541,-33.572,0,0
41432099556,-28.587,0,0
41568533963,-32.572,0,0
39628908855,-24.854,0,0
39628908876,-28.91,0,0
39748979545,-32.75,0,0
40093403802,-32.19,0,0
39628908856,-24.104,0,0
39628908877,-30.237,0,0
39748979546,-38.037,0,0
39628908849,-22.0599999999999,0,0
39628908871,-26.492,0,0
39748979538,-30.337,0,0
40093403803,-24.554,0,0
40093403853,-4.77999999999997,0,0
40093403914,-8.25,0,0
40496240374,-34.132,0,0
39628908850,-28.059,0,0
39628908872,-33.011,0,0
39748979539,-30.787,0,0
40093403796,-28.943,0,0
40093403854,-28.971,0,0
40093403908,-22.722,0,0
40496240361,-27.928,0,0
40496240375,-27.615,0,0
40584315864,-29.627,0,0
40828445725,-37.2140000000001,0,0
40828445735,-29.742,0,0
40828445762,-26.272,0,0
40935574512,-28.023,0,0
41568533958,-27.746,0,0
39628908851,-27.546,0,0
39628908873,-28.398,0,0
39748979540,-32.575,0,0
40093403797,-26.551,0,0
40093403855,-30.7910000000001,0,0
40093403909,-36.394,0,0
40252170700,-23.072,0,0
40496240376,-31.717,0,0
40496240427,-27.094,0,0
40584315870,-160.33,0,0
40584315879,-31.571,0,0
40828445736,-29.513,0,0
40828445763,-27.198,0,0
41145599250,-24.356,0,0
40935574522,-24.4349999999999,0,0
40935574547,-29.819,0,0
41145599280,-24.88,0,0
41432099588,-27.795,0,0
41568533959,-23.122,0,0
41568533998,-31.648,0,0
41627771470,-33.013,0,0
39748979490,-18.87,0,0
40093403708,-30.447,0,0
40093403745,-26.955,0,0
40093403799,-25.974,0,0
40093403857,-48.53,0,0
40093403910,-29.254,0,0
40252170702,-27.698,0,0
40496240377,-20.606,0,0
40496240423,-53.246,0,0
40529443277,-40.572,0,0
40529443303,-17.213,0,0
40828445737,-24.502,0,0
40828445765,-26.581,0,0
41145599251,-0.186000000000035,0,0
41145599255,-66.768,0,0
41432099555,-16.08,0,0
41432099589,-49.743,0,0
41568533961,-60.413,0,0
41568534000,-3.61400000000003,0,0
39628908853,-27.154,0,0
39628908874,-442.328,0,0
39748979542,-16.771,0,0
40093403800,-25.601,0,0
40093403858,-85.977,0,0
40093403911,-28.657,0,0
40093403952,-28.974,0,0
40496240378,-26.6660000000001,0,0
40496240424,-27.285,0,0
40529443278,-30.906,0,0
40529443302,-27.306,0,0
40828445738,-31.722,0,0
40828445766,-25.242,0,0
40881521452,-24.203,0,0
40881521471,-23.768,0,0
40935574548,-42.132,0,0
41145599281,-35.214,0,0
41568533962,-27.862,0,0
39628908854,-30.799,0,0
39628908875,-30.431,0,0
39748979544,-18.977,0,0
40093403801,-25.115,0,0
40093403859,-27.571,0,0
40093403913,-24.158,0,0
40252170703,-31.558,0,0
40252170741,-30.91,0,0
40496240426,-26.768,0,0
40584315872,-40.348,0,0
40828445739,-24.239,0,0
40828445767,-28.556,0,0
40828445787,-29.857,0,0
40881521472,-27.01,0,0
40935574549,-35.509,0,0
41568533933,-8.23700000000002,0,0
41568533940,-11.017,0,0
41568533964,-26.408,0,0
40093403734,-25.391,0,0
40093403782,-29.371,0,0
40093403839,-28.654,0,0
40093403895,-26.534,0,0
40093403940,-24.514,0,0
40252170732,-25.497,0,0
40496240411,-30.477,0,0
41432099527,-30.602,0,0
41432099537,-33.467,0,0
41432099551,-28.467,0,0
41568533954,-31.576,0,0
41627771466,-26.527,0,0
40093403733,-20.578,0,0
40093403781,-27.797,0,0
40093403731,-30.218,0,0
40093403779,-33.684,0,0
40093403837,-36.986,0,0
40093403893,-25.227,0,0
40093403939,-32.387,0,0
40529443272,-20.322,0,0
40529443293,-18.732,0,0
40828445756,-12.048,0,0
41432099549,-17.041,0,0
41568533952,-12.052,0,0
40093403732,-25.851,0,0
40093403780,-43.415,0,0
40093403838,-31.956,0,0
40093403894,-33.839,0,0
40252170696,-28.168,0,0
40252170731,-15.275,0,0
40496240410,-14.3680000000001,0,0
40828445782,-16.196,0,0
41432099536,-27.095,0,0
41432099550,-32.793,0,0
41432099580,-27.305,0,0
41568533953,-23.771,0,0
41627771465,-25.852,0,0
40093403729,-34.035,0,0
40093403777,-493.187,0,0
40093403835,-27.299,0,0
40252170684,-22.074,0,0
40252170695,-33.138,0,0
40252170729,-30.601,0,0
40496240408,-35.601,0,0
40529443276,-16.076,0,0
40935574502,-20.728,0,0
41145599249,-33.695,0,0
40935574519,-24.148,0,0
40935574539,-26.24,0,0
41145599271,-60.593,0,0
41432099578,-35.88,0,0
41432099602,1.24000000000001,0,0
41568533989,-58.845,0,0
41568534012,-26.456,0,0
41675838195,-24.9349999999999,0,0
41782872139,-15.697,0,0
40093403727,-28.858,0,0
40093403775,-30.413,0,0
40252170681,-25.779,0,0
40252170683,-25.939,0,0
40252170694,-31.973,0,0
40496240369,-28.046,0,0
40496240406,-35.889,0,0
40584315869,-28.242,0,0
40828445723,43.6900000000001,0,0
40828445731,-28.717,0,0
40828445753,-26.0839999999999,0,0
40828445780,-27.932,0,0
41432099526,-49.657,0,0
41432099535,-28.11,0,0
41568533950,-31.322,0,0
41568533987,-23.779,0,0
41675838183,-23.991,0,0
41782872126,-24.54,0,0
41782872137,-52.08,0,0
40093403728,-22.982,0,0
40093403776,-28.104,0,0
40093403834,-49.476,0,0
40093403891,-26.304,0,0
40496240357,-30.296,0,0
40252170728,-30.316,0,0
40496240407,4.84299999999996,0,0
40496240447,-18.945,0,0
40529443292,-29.388,0,0
40584315891,-39.927,0,0
40828445754,-455.873,0,0
40881521449,-48.0410000000001,0,0
40881521463,-26.497,0,0
40935574538,-52.389,0,0
41145599270,4.78399999999999,0,0
41432099577,-18.421,0,0
41432099601,-2.06500000000005,0,0
41568533988,-37.535,0,0
41568534011,-22.787,0,0
41675838194,-0.919999999999959,0,0
41782872138,-29.827,0,0
40093403736,-28.843,0,0
40093403784,-29.755,0,0
40093403841,-14.674,0,0
40093403897,-26.39,0,0
40093403941,-37.842,0,0
40496240413,-139.583,0,0
40496240448,-33.859,0,0
40529443294,-38.883,0,0
40584315892,-42.645,0,0
40828445757,-31.8390000000001,0,0
40881521450,-34.919,0,0
40881521465,-28.705,0,0
40935574541,-42.6849999999999,0,0
41145599273,-38.917,0,0
41432099581,-19.276,0,0
41432099603,-31.202,0,0
41568533990,-14.9829999999999,0,0
41568534013,-26.907,0,0
41675838196,-23.188,0,0
41782872140,-33.527,0,0
40093403738,-26.96,0,0
40093403786,-20.581,0,0
40093403843,-31.755,0,0
40093403898,-28.92,0,0
40252170698,-23.02,0,0
40252170734,-26.02,0,0
40496240415,-28.173,0,0
40496240450,-34.747,0,0
40529443296,-27.845,0,0
40881521443,-28.9349999999999,0,0
40881521445,-32.099,0,0
40881521451,-41.254,0,0
40881521467,-28.477,0,0
40935574542,-24.403,0,0
41145599274,-36.779,0,0
41432099582,-32.213,0,0
41568533957,-18.85,0,0
41568533992,-38.093,0,0
41675838184,-24.513,0,0
41675838197,-492.065,0,0
41782872141,-32.2089999999999,0,0
40093403740,-20.431,0,0
40093403788,-9.493,0,0
40093403845,-17.347,0,0
40093403900,-27.038,0,0
40093403944,13.9,0,0
40252170735,-41.048,0,0
40496240417,-11.903,0,0
40496240451,-13.634,0,0
40529443297,-21.263,0,0
40828445734,-35.264,0,0
40828445759,-51.255,0,0
40828445784,-49.833,0,0
40881521468,-24.199,0,0
40935574543,-35.022,0,0
41145599276,-24.513,0,0
41432099584,-15.082,0,0
41432099605,-46.753,0,0
41568533994,-16.6130000000001,0,0
41568534015,-25.038,0,0
41675838199,-15.953,0,0
41782872143,-27.273,0,0
40093403741,-27.083,0,0
40093403789,-27.645,0,0
40093403846,-27.978,0,0
40093403901,-23.703,0,0
40093403945,-26.318,0,0
40252170736,-26.337,0,0
40496240418,-28.37,0,0
40935574504,-32.874,0,0
40935574511,-27.829,0,0
40935574521,-29.304,0,0
40935574544,-27.869,0,0
41145599277,-28.369,0,0
41432099585,-35.276,0,0
41432099606,-42.955,0,0
41568533995,-28.244,0,0
41568534016,-32.857,0,0
41675838200,-25.485,0,0
41782872144,-16.151,0,0
40093403742,-28.353,0,0
40093403790,-26.609,0,0
40093403847,-29.28,0,0
40093403902,-29.612,0,0
40093403946,-31.444,0,0
40252170737,-22.901,0,0
40496240419,-31.324,0,0
40496240452,-25.446,0,0
40529443298,-26.874,0,0
41432099529,-22.515,0,0
41432099539,-22.135,0,0
41568533932,-24.023,0,0
41568533938,-39.443,0,0
41627771468,-27.323,0,0
40093403743,-34.947,0,0
40093403791,-26.09,0,0
40093403848,-28.83,0,0
40093403903,-32.9109999999999,0,0
40093403947,-24.779,0,0
40252170738,-23.398,0,0
40496240420,-31.022,0,0
40496240453,-29.897,0,0
40529443299,-22.48,0,0
40584315894,-24.4930000000001,0,0
40828445760,-29.687,0,0
40828445785,-29.9589999999999,0,0
40881521469,-28.0890000000001,0,0
40935574545,-23.8150000000001,0,0
41145599278,-25.423,0,0
41432099586,-26.992,0,0
41432099607,-21.776,0,0
41568533996,-26.49,0,0
41627771469,-24.878,0,0
40093403735,-28.626,0,0
40093403783,-26.448,0,0
40093403840,-28.1420000000001,0,0
40093403896,-20.417,0,0
40252170697,-23.405,0,0
40252170733,-30.414,0,0
40496240412,-38.377,0,0
40828445783,-20.853,0,0
41432099528,-29.491,0,0
41432099538,-38.2140000000001,0,0
41432099552,-25.194,0,0
41568533955,-27.189,0,0
40093403739,-25.163,0,0
40093403787,-23.587,0,0
40093403844,-30.109,0,0
40093403899,-41.812,0,0
40093403943,-33.472,0,0
40496240371,-19.087,0,0
40496240416,-30.109,0,0
40935574503,-33.88,0,0
40935574510,-24.952,0,0
40935574520,52.346,0,0
41145599275,-30.565,0,0
41432099604,-29.916,0,0
41568533993,-31.946,0,0
41568534014,-30.837,0,0
41675838198,-29.622,0,0
41782872142,-29.9,0,0
40093403737,-27.638,0,0
40093403785,-27.962,0,0
40093403842,-25.087,0,0
40252170685,-29.782,0,0
40093403942,-26.868,0,0
40093403948,487.392,0,0
40496240370,-28.957,0,0
40496240414,-33.957,0,0
40496240449,-29.65,0,0
40529443295,-11.473,0,0
40584315893,-26.384,0,0
40828445758,-24.384,0,0
40881521466,-36.27,0,0
41432099553,-40.234,0,0
41568533937,-33.612,0,0
41568533956,-14.793,0,0
41568533991,-25.704,0,0
41627771467,-28.069,0,0
40093403744,-43.091,0,0
40093403792,-26.025,0,0
40093403849,-27.103,0,0
40093403904,-27.636,0,0
40496240358,-25.61,0,0
40496240372,-29.52,0,0
40496240421,-490.023,0,0
40496240454,-24.586,0,0
40529443300,-30.1849999999999,0,0
40584315895,-29.625,0,0
40828445761,-29.61,0,0
40828445786,-28.232,0,0
40881521470,-31.128,0,0
40935574546,-29.522,0,0
41145599279,-28.864,0,0
41432099587,-30.0599999999999,0,0
41432099608,-26.624,0,0
41568533997,-33.921,0,0
41568534017,-29.183,0,0
41675838201,-27.976,0,0
41782872145,-26.755,0,0
40093403825,-26.995,0,0
40093403881,-21.191,0,0
40252170690,-27.111,0,0
40252170721,-31.886,0,0
40496240394,-124.568,0,0
40496240443,-22.008,0,0
40496240457,-33.179,0,0
40584315887,-26.081,0,0
40828445749,-35.181,0,0
40828445775,-29.774,0,0
40828445790,-17.122,0,0
40935574533,-29.333,0,0
41145599266,-34.288,0,0
41432099573,-34.877,0,0
41432099600,-37.193,0,0
41568533980,-25.877,0,0
41568534010,-30.333,0,0
41627771478,-25.67,0,0
41782872136,-23.405,0,0
